ISO-10303-21;
HEADER;
/* Generated by software containing ST-Developer
 * from STEP Tools, Inc. (www.steptools.com) 
 */
/* OPTION: using custom renumber hook */

FILE_DESCRIPTION(
/* description */ ('STEP AP242 Edition 2',
'CAx-IF Rec.Pracs.---Representation and Presentation of Product Manufa
cturing Information (PMI)---4.0---2014-10-13',
'CAx-IF Rec.Pracs.---3D Tessellated Geometry---0.4---2014-09-14','2;1',
'CAx-IF Rec.Pracs.---User Defined Attributes---1.5---2016-08-15'),
/* implementation_level */ '2;1');

FILE_NAME(
/* name */ 'Part Studio 1',
/* time_stamp */ '2026-08-03T23:31:03Z',
/* author */ (''),
/* organization */ (''),
/* preprocessor_version */ 'ST-DEVELOPER v20',
/* originating_system */ 'ONSHAPE BY PTC INC, 1.218',
/* authorisation */ '  ');

FILE_SCHEMA (('AP242_MANAGED_MODEL_BASED_3D_ENGINEERING_MIM_LF { 1 0 10303 442 3 1 4 }'));
ENDSEC;

DATA;
#10=SURFACE_STYLE_RENDERING_WITH_PROPERTIES(.CONSTANT_SHADING.,#4878,(#11));
#11=SURFACE_STYLE_TRANSPARENT(0.152941176470588);
#12=DRAUGHTING_PRE_DEFINED_COLOUR('red');
#13=SHAPE_REPRESENTATION_RELATIONSHIP('','',#4901,#24);
#14=SHAPE_REPRESENTATION_RELATIONSHIP('','',#4902,#25);
#15=SHAPE_REPRESENTATION_RELATIONSHIP('','',#4903,#26);
#16=SHAPE_REPRESENTATION_RELATIONSHIP('','',#4904,#27);
#17=SHAPE_REPRESENTATION_RELATIONSHIP('','',#4905,#28);
#18=SHAPE_REPRESENTATION_RELATIONSHIP('','',#4906,#29);
#19=SHAPE_REPRESENTATION_RELATIONSHIP('','',#4907,#30);
#20=SHAPE_REPRESENTATION_RELATIONSHIP('','',#4908,#31);
#21=SHAPE_REPRESENTATION_RELATIONSHIP('','',#4909,#32);
#22=SHAPE_REPRESENTATION_RELATIONSHIP('','',#4910,#33);
#23=SHAPE_REPRESENTATION_RELATIONSHIP('','',#4911,#34);
#24=ADVANCED_BREP_SHAPE_REPRESENTATION('',(#4879),#8251);
#25=ADVANCED_BREP_SHAPE_REPRESENTATION('',(#4880),#8252);
#26=ADVANCED_BREP_SHAPE_REPRESENTATION('',(#4881),#8253);
#27=ADVANCED_BREP_SHAPE_REPRESENTATION('',(#4882),#8254);
#28=ADVANCED_BREP_SHAPE_REPRESENTATION('',(#4883),#8255);
#29=ADVANCED_BREP_SHAPE_REPRESENTATION('',(#4884),#8256);
#30=ADVANCED_BREP_SHAPE_REPRESENTATION('',(#4885),#8257);
#31=ADVANCED_BREP_SHAPE_REPRESENTATION('',(#4886),#8258);
#32=ADVANCED_BREP_SHAPE_REPRESENTATION('',(#4887),#8259);
#33=ADVANCED_BREP_SHAPE_REPRESENTATION('',(#4888),#8260);
#34=ADVANCED_BREP_SHAPE_REPRESENTATION('',(#4889),#8261);
#35=CYLINDRICAL_SURFACE('',#4967,0.0021);
#36=CYLINDRICAL_SURFACE('',#4968,0.0021);
#37=CYLINDRICAL_SURFACE('',#4969,0.0021);
#38=CYLINDRICAL_SURFACE('',#4970,0.0021);
#39=CYLINDRICAL_SURFACE('',#4971,0.0021);
#40=CYLINDRICAL_SURFACE('',#4972,0.0021);
#41=CYLINDRICAL_SURFACE('',#4973,0.0021);
#42=CYLINDRICAL_SURFACE('',#4974,0.0021);
#43=CYLINDRICAL_SURFACE('',#4975,0.0021);
#44=CYLINDRICAL_SURFACE('',#4976,0.0021);
#45=CYLINDRICAL_SURFACE('',#4977,0.0021);
#46=CYLINDRICAL_SURFACE('',#4978,0.0021);
#47=CYLINDRICAL_SURFACE('',#4979,0.0021);
#48=CYLINDRICAL_SURFACE('',#4980,0.0021);
#49=CYLINDRICAL_SURFACE('',#4981,0.0021);
#50=CYLINDRICAL_SURFACE('',#4982,0.0021);
#51=CYLINDRICAL_SURFACE('',#4983,0.0021);
#52=CYLINDRICAL_SURFACE('',#4984,0.0021);
#53=CYLINDRICAL_SURFACE('',#4985,0.0021);
#54=CYLINDRICAL_SURFACE('',#4986,0.0021);
#55=CYLINDRICAL_SURFACE('',#4987,0.002);
#56=CYLINDRICAL_SURFACE('',#4988,0.002);
#57=CYLINDRICAL_SURFACE('',#4989,0.002);
#58=CYLINDRICAL_SURFACE('',#4990,0.002);
#59=CYLINDRICAL_SURFACE('',#5000,0.004);
#60=CYLINDRICAL_SURFACE('',#5002,0.004);
#61=CYLINDRICAL_SURFACE('',#5004,0.004);
#62=CYLINDRICAL_SURFACE('',#5006,0.004);
#63=CYLINDRICAL_SURFACE('',#5008,0.0021);
#64=CYLINDRICAL_SURFACE('',#5013,0.002);
#65=CYLINDRICAL_SURFACE('',#5037,0.002);
#66=CYLINDRICAL_SURFACE('',#5038,0.0021);
#67=CYLINDRICAL_SURFACE('',#5039,0.004);
#68=CYLINDRICAL_SURFACE('',#5042,0.004);
#69=CYLINDRICAL_SURFACE('',#5045,0.004);
#70=CYLINDRICAL_SURFACE('',#5048,0.004);
#71=CYLINDRICAL_SURFACE('',#5074,0.004);
#72=CYLINDRICAL_SURFACE('',#5075,0.004);
#73=CYLINDRICAL_SURFACE('',#5076,0.004);
#74=CYLINDRICAL_SURFACE('',#5077,0.004);
#75=CYLINDRICAL_SURFACE('',#5078,0.0021);
#76=CYLINDRICAL_SURFACE('',#5079,0.002);
#77=CYLINDRICAL_SURFACE('',#5096,0.002);
#78=CYLINDRICAL_SURFACE('',#5099,0.004);
#79=CYLINDRICAL_SURFACE('',#5101,0.004);
#80=CYLINDRICAL_SURFACE('',#5103,0.004);
#81=CYLINDRICAL_SURFACE('',#5105,0.004);
#82=CYLINDRICAL_SURFACE('',#5107,0.0021);
#83=CYLINDRICAL_SURFACE('',#5116,0.004);
#84=CYLINDRICAL_SURFACE('',#5119,0.004);
#85=CYLINDRICAL_SURFACE('',#5122,0.004);
#86=CYLINDRICAL_SURFACE('',#5125,0.004);
#87=CYLINDRICAL_SURFACE('',#5128,0.002);
#88=CYLINDRICAL_SURFACE('',#5131,0.002);
#89=CYLINDRICAL_SURFACE('',#5134,0.002);
#90=CYLINDRICAL_SURFACE('',#5137,0.002);
#91=CYLINDRICAL_SURFACE('',#5155,0.0021);
#92=CYLINDRICAL_SURFACE('',#5158,0.0021);
#93=CYLINDRICAL_SURFACE('',#5161,0.0021);
#94=CYLINDRICAL_SURFACE('',#5164,0.0021);
#95=CYLINDRICAL_SURFACE('',#5169,0.0021);
#96=CYLINDRICAL_SURFACE('',#5172,0.0021);
#97=CYLINDRICAL_SURFACE('',#5187,0.0021);
#98=CYLINDRICAL_SURFACE('',#5188,0.0021);
#99=CYLINDRICAL_SURFACE('',#5189,0.0026);
#100=CYLINDRICAL_SURFACE('',#5193,0.002);
#101=CYLINDRICAL_SURFACE('',#5209,0.0021);
#102=CYLINDRICAL_SURFACE('',#5210,0.0021);
#103=CYLINDRICAL_SURFACE('',#5216,0.0026);
#104=CYLINDRICAL_SURFACE('',#5217,0.0021);
#105=CYLINDRICAL_SURFACE('',#5218,0.0021);
#106=CYLINDRICAL_SURFACE('',#5220,0.002);
#107=CYLINDRICAL_SURFACE('',#5224,0.0026);
#108=CYLINDRICAL_SURFACE('',#5227,0.0021);
#109=CYLINDRICAL_SURFACE('',#5230,0.0021);
#110=CYLINDRICAL_SURFACE('',#5243,0.0021);
#111=CYLINDRICAL_SURFACE('',#5244,0.0021);
#112=CYLINDRICAL_SURFACE('',#5247,0.002);
#113=CYLINDRICAL_SURFACE('',#5266,0.0021);
#114=CYLINDRICAL_SURFACE('',#5267,0.0021);
#115=CYLINDRICAL_SURFACE('',#5268,0.0026);
#116=CYLINDRICAL_SURFACE('',#5271,0.0021);
#117=CYLINDRICAL_SURFACE('',#5272,0.0021);
#118=CYLINDRICAL_SURFACE('',#5274,0.002);
#119=CYLINDRICAL_SURFACE('',#5366,0.01755);
#120=CYLINDRICAL_SURFACE('',#5372,0.01755);
#121=CYLINDRICAL_SURFACE('',#5378,0.01755);
#122=CYLINDRICAL_SURFACE('',#5384,0.01755);
#123=CYLINDRICAL_SURFACE('',#5390,0.01755);
#124=CYLINDRICAL_SURFACE('',#5396,0.01755);
#125=CYLINDRICAL_SURFACE('',#5402,0.01755);
#126=CYLINDRICAL_SURFACE('',#5408,0.01755);
#127=CYLINDRICAL_SURFACE('',#5414,0.01755);
#128=CYLINDRICAL_SURFACE('',#5420,0.003);
#129=CYLINDRICAL_SURFACE('',#5422,0.003);
#130=CYLINDRICAL_SURFACE('',#5424,0.0035);
#131=CYLINDRICAL_SURFACE('',#5426,0.003);
#132=CYLINDRICAL_SURFACE('',#5428,0.003);
#133=CYLINDRICAL_SURFACE('',#5429,0.0035);
#134=CYLINDRICAL_SURFACE('',#5430,0.0035);
#135=CYLINDRICAL_SURFACE('',#5431,0.003);
#136=CYLINDRICAL_SURFACE('',#5433,0.003);
#137=CYLINDRICAL_SURFACE('',#5435,0.0035);
#138=CYLINDRICAL_SURFACE('',#5436,0.003);
#139=CYLINDRICAL_SURFACE('',#5438,0.003);
#140=CYLINDRICAL_SURFACE('',#5440,0.003);
#141=CYLINDRICAL_SURFACE('',#5442,0.003);
#142=CYLINDRICAL_SURFACE('',#5444,0.0035);
#143=CYLINDRICAL_SURFACE('',#5445,0.003);
#144=CYLINDRICAL_SURFACE('',#5447,0.003);
#145=CYLINDRICAL_SURFACE('',#5449,0.0035);
#146=CYLINDRICAL_SURFACE('',#5451,0.003);
#147=CYLINDRICAL_SURFACE('',#5453,0.003);
#148=CYLINDRICAL_SURFACE('',#5454,0.0035);
#149=CYLINDRICAL_SURFACE('',#5455,0.0035);
#150=CYLINDRICAL_SURFACE('',#5457,0.003);
#151=CYLINDRICAL_SURFACE('',#5459,0.003);
#152=CYLINDRICAL_SURFACE('',#5460,0.0035);
#153=CYLINDRICAL_SURFACE('',#5462,0.003);
#154=CYLINDRICAL_SURFACE('',#5464,0.003);
#155=CYLINDRICAL_SURFACE('',#5465,0.0021);
#156=CYLINDRICAL_SURFACE('',#5466,0.0021);
#157=CYLINDRICAL_SURFACE('',#5467,0.0021);
#158=CYLINDRICAL_SURFACE('',#5468,0.0021);
#159=CYLINDRICAL_SURFACE('',#5469,0.0021);
#160=CYLINDRICAL_SURFACE('',#5470,0.0021);
#161=CYLINDRICAL_SURFACE('',#5471,0.0021);
#162=CYLINDRICAL_SURFACE('',#5472,0.0021);
#163=CYLINDRICAL_SURFACE('',#5473,0.0021);
#164=CYLINDRICAL_SURFACE('',#5474,0.0021);
#165=CYLINDRICAL_SURFACE('',#5475,0.0021);
#166=CYLINDRICAL_SURFACE('',#5476,0.0021);
#167=CYLINDRICAL_SURFACE('',#5477,0.0021);
#168=CYLINDRICAL_SURFACE('',#5478,0.0021);
#169=CYLINDRICAL_SURFACE('',#5479,0.0021);
#170=CYLINDRICAL_SURFACE('',#5480,0.0021);
#171=CYLINDRICAL_SURFACE('',#5481,0.0021);
#172=CYLINDRICAL_SURFACE('',#5482,0.0021);
#173=CYLINDRICAL_SURFACE('',#5483,0.0021);
#174=CYLINDRICAL_SURFACE('',#5484,0.0021);
#175=CYLINDRICAL_SURFACE('',#5485,0.002);
#176=CYLINDRICAL_SURFACE('',#5486,0.002);
#177=CYLINDRICAL_SURFACE('',#5487,0.002);
#178=CYLINDRICAL_SURFACE('',#5488,0.002);
#179=LINE('',#6949,#463);
#180=LINE('',#6954,#464);
#181=LINE('',#6958,#465);
#182=LINE('',#6962,#466);
#183=LINE('',#7006,#467);
#184=LINE('',#7011,#468);
#185=LINE('',#7015,#469);
#186=LINE('',#7019,#470);
#187=LINE('',#7043,#471);
#188=LINE('',#7044,#472);
#189=LINE('',#7046,#473);
#190=LINE('',#7047,#474);
#191=LINE('',#7049,#475);
#192=LINE('',#7050,#476);
#193=LINE('',#7052,#477);
#194=LINE('',#7053,#478);
#195=LINE('',#7109,#479);
#196=LINE('',#7112,#480);
#197=LINE('',#7114,#481);
#198=LINE('',#7116,#482);
#199=LINE('',#7118,#483);
#200=LINE('',#7120,#484);
#201=LINE('',#7122,#485);
#202=LINE('',#7126,#486);
#203=LINE('',#7130,#487);
#204=LINE('',#7132,#488);
#205=LINE('',#7134,#489);
#206=LINE('',#7136,#490);
#207=LINE('',#7139,#491);
#208=LINE('',#7140,#492);
#209=LINE('',#7142,#493);
#210=LINE('',#7145,#494);
#211=LINE('',#7146,#495);
#212=LINE('',#7148,#496);
#213=LINE('',#7150,#497);
#214=LINE('',#7164,#498);
#215=LINE('',#7167,#499);
#216=LINE('',#7171,#500);
#217=LINE('',#7173,#501);
#218=LINE('',#7175,#502);
#219=LINE('',#7177,#503);
#220=LINE('',#7181,#504);
#221=LINE('',#7184,#505);
#222=LINE('',#7186,#506);
#223=LINE('',#7188,#507);
#224=LINE('',#7190,#508);
#225=LINE('',#7192,#509);
#226=LINE('',#7196,#510);
#227=LINE('',#7197,#511);
#228=LINE('',#7199,#512);
#229=LINE('',#7200,#513);
#230=LINE('',#7202,#514);
#231=LINE('',#7203,#515);
#232=LINE('',#7205,#516);
#233=LINE('',#7228,#517);
#234=LINE('',#7231,#518);
#235=LINE('',#7233,#519);
#236=LINE('',#7235,#520);
#237=LINE('',#7237,#521);
#238=LINE('',#7240,#522);
#239=LINE('',#7242,#523);
#240=LINE('',#7244,#524);
#241=LINE('',#7248,#525);
#242=LINE('',#7251,#526);
#243=LINE('',#7253,#527);
#244=LINE('',#7255,#528);
#245=LINE('',#7267,#529);
#246=LINE('',#7268,#530);
#247=LINE('',#7270,#531);
#248=LINE('',#7272,#532);
#249=LINE('',#7293,#533);
#250=LINE('',#7295,#534);
#251=LINE('',#7297,#535);
#252=LINE('',#7314,#536);
#253=LINE('',#7317,#537);
#254=LINE('',#7319,#538);
#255=LINE('',#7321,#539);
#256=LINE('',#7323,#540);
#257=LINE('',#7326,#541);
#258=LINE('',#7327,#542);
#259=LINE('',#7329,#543);
#260=LINE('',#7331,#544);
#261=LINE('',#7333,#545);
#262=LINE('',#7335,#546);
#263=LINE('',#7358,#547);
#264=LINE('',#7361,#548);
#265=LINE('',#7362,#549);
#266=LINE('',#7364,#550);
#267=LINE('',#7366,#551);
#268=LINE('',#7368,#552);
#269=LINE('',#7370,#553);
#270=LINE('',#7372,#554);
#271=LINE('',#7399,#555);
#272=LINE('',#7403,#556);
#273=LINE('',#7408,#557);
#274=LINE('',#7412,#558);
#275=LINE('',#7417,#559);
#276=LINE('',#7421,#560);
#277=LINE('',#7426,#561);
#278=LINE('',#7430,#562);
#279=LINE('',#7432,#563);
#280=LINE('',#7433,#564);
#281=LINE('',#7435,#565);
#282=LINE('',#7436,#566);
#283=LINE('',#7438,#567);
#284=LINE('',#7439,#568);
#285=LINE('',#7441,#569);
#286=LINE('',#7442,#570);
#287=LINE('',#7444,#571);
#288=LINE('',#7447,#572);
#289=LINE('',#7449,#573);
#290=LINE('',#7451,#574);
#291=LINE('',#7461,#575);
#292=LINE('',#7463,#576);
#293=LINE('',#7465,#577);
#294=LINE('',#7467,#578);
#295=LINE('',#7469,#579);
#296=LINE('',#7471,#580);
#297=LINE('',#7473,#581);
#298=LINE('',#7475,#582);
#299=LINE('',#7496,#583);
#300=LINE('',#7499,#584);
#301=LINE('',#7501,#585);
#302=LINE('',#7503,#586);
#303=LINE('',#7515,#587);
#304=LINE('',#7517,#588);
#305=LINE('',#7519,#589);
#306=LINE('',#7521,#590);
#307=LINE('',#7523,#591);
#308=LINE('',#7525,#592);
#309=LINE('',#7527,#593);
#310=LINE('',#7531,#594);
#311=LINE('',#7533,#595);
#312=LINE('',#7543,#596);
#313=LINE('',#7545,#597);
#314=LINE('',#7547,#598);
#315=LINE('',#7558,#599);
#316=LINE('',#7560,#600);
#317=LINE('',#7561,#601);
#318=LINE('',#7570,#602);
#319=LINE('',#7575,#603);
#320=LINE('',#7577,#604);
#321=LINE('',#7579,#605);
#322=LINE('',#7581,#606);
#323=LINE('',#7583,#607);
#324=LINE('',#7591,#608);
#325=LINE('',#7596,#609);
#326=LINE('',#7598,#610);
#327=LINE('',#7600,#611);
#328=LINE('',#7602,#612);
#329=LINE('',#7604,#613);
#330=LINE('',#7618,#614);
#331=LINE('',#7619,#615);
#332=LINE('',#7621,#616);
#333=LINE('',#7622,#617);
#334=LINE('',#7625,#618);
#335=LINE('',#7627,#619);
#336=LINE('',#7632,#620);
#337=LINE('',#7636,#621);
#338=LINE('',#7639,#622);
#339=LINE('',#7641,#623);
#340=LINE('',#7643,#624);
#341=LINE('',#7645,#625);
#342=LINE('',#7648,#626);
#343=LINE('',#7650,#627);
#344=LINE('',#7652,#628);
#345=LINE('',#7671,#629);
#346=LINE('',#7673,#630);
#347=LINE('',#7675,#631);
#348=LINE('',#7676,#632);
#349=LINE('',#7682,#633);
#350=LINE('',#7686,#634);
#351=LINE('',#7687,#635);
#352=LINE('',#7689,#636);
#353=LINE('',#7695,#637);
#354=LINE('',#7696,#638);
#355=LINE('',#7701,#639);
#356=LINE('',#7712,#640);
#357=LINE('',#7717,#641);
#358=LINE('',#7719,#642);
#359=LINE('',#7721,#643);
#360=LINE('',#7723,#644);
#361=LINE('',#7725,#645);
#362=LINE('',#7737,#646);
#363=LINE('',#7742,#647);
#364=LINE('',#7744,#648);
#365=LINE('',#7746,#649);
#366=LINE('',#7748,#650);
#367=LINE('',#7750,#651);
#368=LINE('',#7756,#652);
#369=LINE('',#7757,#653);
#370=LINE('',#7759,#654);
#371=LINE('',#7760,#655);
#372=LINE('',#7762,#656);
#373=LINE('',#7763,#657);
#374=LINE('',#7769,#658);
#375=LINE('',#7796,#659);
#376=LINE('',#7801,#660);
#377=LINE('',#7806,#661);
#378=LINE('',#7811,#662);
#379=LINE('',#7816,#663);
#380=LINE('',#7821,#664);
#381=LINE('',#7826,#665);
#382=LINE('',#7831,#666);
#383=LINE('',#7834,#667);
#384=LINE('',#7839,#668);
#385=LINE('',#7844,#669);
#386=LINE('',#7849,#670);
#387=LINE('',#7853,#671);
#388=LINE('',#7857,#672);
#389=LINE('',#7867,#673);
#390=LINE('',#7871,#674);
#391=LINE('',#7877,#675);
#392=LINE('',#7881,#676);
#393=LINE('',#7887,#677);
#394=LINE('',#7891,#678);
#395=LINE('',#7894,#679);
#396=LINE('',#7899,#680);
#397=LINE('',#7961,#681);
#398=LINE('',#7966,#682);
#399=LINE('',#7970,#683);
#400=LINE('',#7974,#684);
#401=LINE('',#7998,#685);
#402=LINE('',#7999,#686);
#403=LINE('',#8001,#687);
#404=LINE('',#8002,#688);
#405=LINE('',#8004,#689);
#406=LINE('',#8005,#690);
#407=LINE('',#8007,#691);
#408=LINE('',#8008,#692);
#409=LINE('',#8016,#693);
#410=LINE('',#8020,#694);
#411=LINE('',#8030,#695);
#412=LINE('',#8034,#696);
#413=LINE('',#8044,#697);
#414=LINE('',#8048,#698);
#415=LINE('',#8058,#699);
#416=LINE('',#8062,#700);
#417=LINE('',#8072,#701);
#418=LINE('',#8076,#702);
#419=LINE('',#8083,#703);
#420=LINE('',#8088,#704);
#421=LINE('',#8097,#705);
#422=LINE('',#8102,#706);
#423=LINE('',#8114,#707);
#424=LINE('',#8118,#708);
#425=LINE('',#8128,#709);
#426=LINE('',#8132,#710);
#427=LINE('',#8136,#711);
#428=LINE('',#8137,#712);
#429=LINE('',#8139,#713);
#430=LINE('',#8141,#714);
#431=LINE('',#8145,#715);
#432=LINE('',#8146,#716);
#433=LINE('',#8148,#717);
#434=LINE('',#8150,#718);
#435=LINE('',#8155,#719);
#436=LINE('',#8156,#720);
#437=LINE('',#8158,#721);
#438=LINE('',#8160,#722);
#439=LINE('',#8164,#723);
#440=LINE('',#8165,#724);
#441=LINE('',#8167,#725);
#442=LINE('',#8169,#726);
#443=LINE('',#8172,#727);
#444=LINE('',#8173,#728);
#445=LINE('',#8175,#729);
#446=LINE('',#8177,#730);
#447=LINE('',#8181,#731);
#448=LINE('',#8182,#732);
#449=LINE('',#8184,#733);
#450=LINE('',#8186,#734);
#451=LINE('',#8190,#735);
#452=LINE('',#8191,#736);
#453=LINE('',#8193,#737);
#454=LINE('',#8195,#738);
#455=LINE('',#8200,#739);
#456=LINE('',#8201,#740);
#457=LINE('',#8203,#741);
#458=LINE('',#8205,#742);
#459=LINE('',#8209,#743);
#460=LINE('',#8210,#744);
#461=LINE('',#8212,#745);
#462=LINE('',#8214,#746);
#463=VECTOR('',#5513,1.);
#464=VECTOR('',#5516,1.);
#465=VECTOR('',#5519,1.);
#466=VECTOR('',#5522,1.);
#467=VECTOR('',#5567,1.);
#468=VECTOR('',#5570,1.);
#469=VECTOR('',#5573,1.);
#470=VECTOR('',#5576,1.);
#471=VECTOR('',#5601,1.);
#472=VECTOR('',#5602,1.);
#473=VECTOR('',#5605,1.);
#474=VECTOR('',#5606,1.);
#475=VECTOR('',#5609,1.);
#476=VECTOR('',#5610,1.);
#477=VECTOR('',#5613,1.);
#478=VECTOR('',#5614,1.);
#479=VECTOR('',#5705,1.);
#480=VECTOR('',#5706,1.);
#481=VECTOR('',#5707,1.);
#482=VECTOR('',#5708,1.);
#483=VECTOR('',#5711,1.);
#484=VECTOR('',#5712,1.);
#485=VECTOR('',#5713,1.);
#486=VECTOR('',#5718,1.);
#487=VECTOR('',#5723,1.);
#488=VECTOR('',#5724,1.);
#489=VECTOR('',#5725,1.);
#490=VECTOR('',#5728,1.);
#491=VECTOR('',#5729,1.);
#492=VECTOR('',#5730,1.);
#493=VECTOR('',#5733,1.);
#494=VECTOR('',#5734,1.);
#495=VECTOR('',#5735,1.);
#496=VECTOR('',#5738,1.);
#497=VECTOR('',#5741,1.);
#498=VECTOR('',#5758,1.);
#499=VECTOR('',#5759,1.);
#500=VECTOR('',#5762,1.);
#501=VECTOR('',#5763,1.);
#502=VECTOR('',#5764,1.);
#503=VECTOR('',#5765,1.);
#504=VECTOR('',#5770,1.);
#505=VECTOR('',#5771,1.);
#506=VECTOR('',#5772,1.);
#507=VECTOR('',#5773,1.);
#508=VECTOR('',#5774,1.);
#509=VECTOR('',#5775,1.);
#510=VECTOR('',#5780,1.);
#511=VECTOR('',#5781,1.);
#512=VECTOR('',#5784,1.);
#513=VECTOR('',#5785,1.);
#514=VECTOR('',#5788,1.);
#515=VECTOR('',#5789,1.);
#516=VECTOR('',#5792,1.);
#517=VECTOR('',#5829,1.);
#518=VECTOR('',#5830,1.);
#519=VECTOR('',#5831,1.);
#520=VECTOR('',#5832,1.);
#521=VECTOR('',#5835,1.);
#522=VECTOR('',#5836,1.);
#523=VECTOR('',#5837,1.);
#524=VECTOR('',#5838,1.);
#525=VECTOR('',#5843,1.);
#526=VECTOR('',#5846,1.);
#527=VECTOR('',#5847,1.);
#528=VECTOR('',#5848,1.);
#529=VECTOR('',#5861,1.);
#530=VECTOR('',#5862,1.);
#531=VECTOR('',#5863,1.);
#532=VECTOR('',#5864,1.);
#533=VECTOR('',#5895,1.);
#534=VECTOR('',#5898,1.);
#535=VECTOR('',#5901,1.);
#536=VECTOR('',#5926,1.);
#537=VECTOR('',#5927,1.);
#538=VECTOR('',#5928,1.);
#539=VECTOR('',#5929,1.);
#540=VECTOR('',#5932,1.);
#541=VECTOR('',#5933,1.);
#542=VECTOR('',#5934,1.);
#543=VECTOR('',#5937,1.);
#544=VECTOR('',#5938,1.);
#545=VECTOR('',#5939,1.);
#546=VECTOR('',#5942,1.);
#547=VECTOR('',#5971,1.);
#548=VECTOR('',#5972,1.);
#549=VECTOR('',#5973,1.);
#550=VECTOR('',#5976,1.);
#551=VECTOR('',#5977,1.);
#552=VECTOR('',#5978,1.);
#553=VECTOR('',#5981,1.);
#554=VECTOR('',#5984,1.);
#555=VECTOR('',#6017,1.);
#556=VECTOR('',#6020,1.);
#557=VECTOR('',#6025,1.);
#558=VECTOR('',#6028,1.);
#559=VECTOR('',#6033,1.);
#560=VECTOR('',#6036,1.);
#561=VECTOR('',#6041,1.);
#562=VECTOR('',#6044,1.);
#563=VECTOR('',#6047,1.);
#564=VECTOR('',#6048,1.);
#565=VECTOR('',#6051,1.);
#566=VECTOR('',#6052,1.);
#567=VECTOR('',#6055,1.);
#568=VECTOR('',#6056,1.);
#569=VECTOR('',#6059,1.);
#570=VECTOR('',#6060,1.);
#571=VECTOR('',#6063,1.);
#572=VECTOR('',#6064,1.);
#573=VECTOR('',#6065,1.);
#574=VECTOR('',#6066,1.);
#575=VECTOR('',#6077,1.);
#576=VECTOR('',#6078,1.);
#577=VECTOR('',#6079,1.);
#578=VECTOR('',#6082,1.);
#579=VECTOR('',#6083,1.);
#580=VECTOR('',#6086,1.);
#581=VECTOR('',#6087,1.);
#582=VECTOR('',#6090,1.);
#583=VECTOR('',#6123,1.);
#584=VECTOR('',#6124,1.);
#585=VECTOR('',#6125,1.);
#586=VECTOR('',#6126,1.);
#587=VECTOR('',#6141,1.);
#588=VECTOR('',#6142,1.);
#589=VECTOR('',#6143,1.);
#590=VECTOR('',#6146,1.);
#591=VECTOR('',#6147,1.);
#592=VECTOR('',#6148,1.);
#593=VECTOR('',#6151,1.);
#594=VECTOR('',#6154,1.);
#595=VECTOR('',#6155,1.);
#596=VECTOR('',#6166,1.);
#597=VECTOR('',#6167,1.);
#598=VECTOR('',#6168,1.);
#599=VECTOR('',#6183,1.);
#600=VECTOR('',#6186,1.);
#601=VECTOR('',#6187,1.);
#602=VECTOR('',#6200,1.);
#603=VECTOR('',#6203,1.);
#604=VECTOR('',#6204,1.);
#605=VECTOR('',#6205,1.);
#606=VECTOR('',#6206,1.);
#607=VECTOR('',#6207,1.);
#608=VECTOR('',#6216,1.);
#609=VECTOR('',#6219,1.);
#610=VECTOR('',#6220,1.);
#611=VECTOR('',#6221,1.);
#612=VECTOR('',#6222,1.);
#613=VECTOR('',#6223,1.);
#614=VECTOR('',#6240,1.);
#615=VECTOR('',#6241,1.);
#616=VECTOR('',#6244,1.);
#617=VECTOR('',#6245,1.);
#618=VECTOR('',#6250,1.);
#619=VECTOR('',#6253,1.);
#620=VECTOR('',#6262,1.);
#621=VECTOR('',#6269,1.);
#622=VECTOR('',#6270,1.);
#623=VECTOR('',#6271,1.);
#624=VECTOR('',#6272,1.);
#625=VECTOR('',#6275,1.);
#626=VECTOR('',#6276,1.);
#627=VECTOR('',#6277,1.);
#628=VECTOR('',#6278,1.);
#629=VECTOR('',#6301,1.);
#630=VECTOR('',#6302,1.);
#631=VECTOR('',#6303,1.);
#632=VECTOR('',#6304,1.);
#633=VECTOR('',#6311,1.);
#634=VECTOR('',#6314,1.);
#635=VECTOR('',#6315,1.);
#636=VECTOR('',#6316,1.);
#637=VECTOR('',#6323,1.);
#638=VECTOR('',#6324,1.);
#639=VECTOR('',#6333,1.);
#640=VECTOR('',#6348,1.);
#641=VECTOR('',#6351,1.);
#642=VECTOR('',#6352,1.);
#643=VECTOR('',#6353,1.);
#644=VECTOR('',#6354,1.);
#645=VECTOR('',#6355,1.);
#646=VECTOR('',#6368,1.);
#647=VECTOR('',#6371,1.);
#648=VECTOR('',#6372,1.);
#649=VECTOR('',#6373,1.);
#650=VECTOR('',#6374,1.);
#651=VECTOR('',#6375,1.);
#652=VECTOR('',#6382,1.);
#653=VECTOR('',#6383,1.);
#654=VECTOR('',#6386,1.);
#655=VECTOR('',#6387,1.);
#656=VECTOR('',#6390,1.);
#657=VECTOR('',#6391,1.);
#658=VECTOR('',#6402,1.);
#659=VECTOR('',#6435,1.);
#660=VECTOR('',#6438,1.);
#661=VECTOR('',#6443,1.);
#662=VECTOR('',#6446,1.);
#663=VECTOR('',#6451,1.);
#664=VECTOR('',#6454,1.);
#665=VECTOR('',#6459,1.);
#666=VECTOR('',#6462,1.);
#667=VECTOR('',#6465,1.);
#668=VECTOR('',#6468,1.);
#669=VECTOR('',#6473,1.);
#670=VECTOR('',#6476,1.);
#671=VECTOR('',#6479,1.);
#672=VECTOR('',#6482,1.);
#673=VECTOR('',#6491,1.);
#674=VECTOR('',#6494,1.);
#675=VECTOR('',#6499,1.);
#676=VECTOR('',#6502,1.);
#677=VECTOR('',#6507,1.);
#678=VECTOR('',#6510,1.);
#679=VECTOR('',#6513,1.);
#680=VECTOR('',#6516,1.);
#681=VECTOR('',#6579,1.);
#682=VECTOR('',#6582,1.);
#683=VECTOR('',#6585,1.);
#684=VECTOR('',#6588,1.);
#685=VECTOR('',#6613,1.);
#686=VECTOR('',#6614,1.);
#687=VECTOR('',#6617,1.);
#688=VECTOR('',#6618,1.);
#689=VECTOR('',#6621,1.);
#690=VECTOR('',#6622,1.);
#691=VECTOR('',#6625,1.);
#692=VECTOR('',#6626,1.);
#693=VECTOR('',#6635,1.);
#694=VECTOR('',#6638,1.);
#695=VECTOR('',#6649,1.);
#696=VECTOR('',#6652,1.);
#697=VECTOR('',#6663,1.);
#698=VECTOR('',#6666,1.);
#699=VECTOR('',#6677,1.);
#700=VECTOR('',#6680,1.);
#701=VECTOR('',#6691,1.);
#702=VECTOR('',#6694,1.);
#703=VECTOR('',#6703,1.);
#704=VECTOR('',#6706,1.);
#705=VECTOR('',#6717,1.);
#706=VECTOR('',#6720,1.);
#707=VECTOR('',#6733,1.);
#708=VECTOR('',#6736,1.);
#709=VECTOR('',#6747,1.);
#710=VECTOR('',#6750,1.);
#711=VECTOR('',#6755,1.);
#712=VECTOR('',#6756,1.);
#713=VECTOR('',#6759,1.);
#714=VECTOR('',#6762,1.);
#715=VECTOR('',#6769,1.);
#716=VECTOR('',#6770,1.);
#717=VECTOR('',#6773,1.);
#718=VECTOR('',#6776,1.);
#719=VECTOR('',#6785,1.);
#720=VECTOR('',#6786,1.);
#721=VECTOR('',#6789,1.);
#722=VECTOR('',#6792,1.);
#723=VECTOR('',#6799,1.);
#724=VECTOR('',#6800,1.);
#725=VECTOR('',#6803,1.);
#726=VECTOR('',#6806,1.);
#727=VECTOR('',#6811,1.);
#728=VECTOR('',#6812,1.);
#729=VECTOR('',#6815,1.);
#730=VECTOR('',#6818,1.);
#731=VECTOR('',#6825,1.);
#732=VECTOR('',#6826,1.);
#733=VECTOR('',#6829,1.);
#734=VECTOR('',#6832,1.);
#735=VECTOR('',#6839,1.);
#736=VECTOR('',#6840,1.);
#737=VECTOR('',#6843,1.);
#738=VECTOR('',#6846,1.);
#739=VECTOR('',#6855,1.);
#740=VECTOR('',#6856,1.);
#741=VECTOR('',#6859,1.);
#742=VECTOR('',#6862,1.);
#743=VECTOR('',#6869,1.);
#744=VECTOR('',#6870,1.);
#745=VECTOR('',#6873,1.);
#746=VECTOR('',#6876,1.);
#747=ORIENTED_EDGE('',*,*,#1891,.F.);
#748=ORIENTED_EDGE('',*,*,#1892,.F.);
#749=ORIENTED_EDGE('',*,*,#1893,.F.);
#750=ORIENTED_EDGE('',*,*,#1894,.F.);
#751=ORIENTED_EDGE('',*,*,#1895,.F.);
#752=ORIENTED_EDGE('',*,*,#1896,.F.);
#753=ORIENTED_EDGE('',*,*,#1897,.F.);
#754=ORIENTED_EDGE('',*,*,#1898,.F.);
#755=ORIENTED_EDGE('',*,*,#1899,.F.);
#756=ORIENTED_EDGE('',*,*,#1900,.F.);
#757=ORIENTED_EDGE('',*,*,#1901,.F.);
#758=ORIENTED_EDGE('',*,*,#1902,.T.);
#759=ORIENTED_EDGE('',*,*,#1903,.F.);
#760=ORIENTED_EDGE('',*,*,#1904,.T.);
#761=ORIENTED_EDGE('',*,*,#1905,.T.);
#762=ORIENTED_EDGE('',*,*,#1906,.T.);
#763=ORIENTED_EDGE('',*,*,#1907,.T.);
#764=ORIENTED_EDGE('',*,*,#1908,.T.);
#765=ORIENTED_EDGE('',*,*,#1909,.T.);
#766=ORIENTED_EDGE('',*,*,#1910,.T.);
#767=ORIENTED_EDGE('',*,*,#1911,.T.);
#768=ORIENTED_EDGE('',*,*,#1912,.T.);
#769=ORIENTED_EDGE('',*,*,#1913,.T.);
#770=ORIENTED_EDGE('',*,*,#1914,.T.);
#771=ORIENTED_EDGE('',*,*,#1915,.T.);
#772=ORIENTED_EDGE('',*,*,#1916,.T.);
#773=ORIENTED_EDGE('',*,*,#1917,.T.);
#774=ORIENTED_EDGE('',*,*,#1918,.T.);
#775=ORIENTED_EDGE('',*,*,#1919,.F.);
#776=ORIENTED_EDGE('',*,*,#1920,.F.);
#777=ORIENTED_EDGE('',*,*,#1921,.F.);
#778=ORIENTED_EDGE('',*,*,#1922,.F.);
#779=ORIENTED_EDGE('',*,*,#1923,.T.);
#780=ORIENTED_EDGE('',*,*,#1924,.T.);
#781=ORIENTED_EDGE('',*,*,#1925,.T.);
#782=ORIENTED_EDGE('',*,*,#1926,.T.);
#783=ORIENTED_EDGE('',*,*,#1927,.T.);
#784=ORIENTED_EDGE('',*,*,#1928,.F.);
#785=ORIENTED_EDGE('',*,*,#1929,.T.);
#786=ORIENTED_EDGE('',*,*,#1930,.T.);
#787=ORIENTED_EDGE('',*,*,#1931,.T.);
#788=ORIENTED_EDGE('',*,*,#1932,.T.);
#789=ORIENTED_EDGE('',*,*,#1933,.F.);
#790=ORIENTED_EDGE('',*,*,#1934,.T.);
#791=ORIENTED_EDGE('',*,*,#1935,.F.);
#792=ORIENTED_EDGE('',*,*,#1936,.T.);
#793=ORIENTED_EDGE('',*,*,#1937,.T.);
#794=ORIENTED_EDGE('',*,*,#1938,.T.);
#795=ORIENTED_EDGE('',*,*,#1939,.F.);
#796=ORIENTED_EDGE('',*,*,#1940,.F.);
#797=ORIENTED_EDGE('',*,*,#1941,.F.);
#798=ORIENTED_EDGE('',*,*,#1942,.F.);
#799=ORIENTED_EDGE('',*,*,#1943,.F.);
#800=ORIENTED_EDGE('',*,*,#1944,.T.);
#801=ORIENTED_EDGE('',*,*,#1945,.T.);
#802=ORIENTED_EDGE('',*,*,#1946,.T.);
#803=ORIENTED_EDGE('',*,*,#1935,.T.);
#804=ORIENTED_EDGE('',*,*,#1947,.T.);
#805=ORIENTED_EDGE('',*,*,#1905,.F.);
#806=ORIENTED_EDGE('',*,*,#1948,.T.);
#807=ORIENTED_EDGE('',*,*,#1903,.T.);
#808=ORIENTED_EDGE('',*,*,#1949,.T.);
#809=ORIENTED_EDGE('',*,*,#1929,.F.);
#810=ORIENTED_EDGE('',*,*,#1950,.T.);
#811=ORIENTED_EDGE('',*,*,#1931,.F.);
#812=ORIENTED_EDGE('',*,*,#1951,.T.);
#813=ORIENTED_EDGE('',*,*,#1901,.T.);
#814=ORIENTED_EDGE('',*,*,#1952,.T.);
#815=ORIENTED_EDGE('',*,*,#1933,.T.);
#816=ORIENTED_EDGE('',*,*,#1953,.T.);
#817=ORIENTED_EDGE('',*,*,#1907,.F.);
#818=ORIENTED_EDGE('',*,*,#1954,.T.);
#819=ORIENTED_EDGE('',*,*,#1928,.T.);
#820=ORIENTED_EDGE('',*,*,#1900,.T.);
#821=ORIENTED_EDGE('',*,*,#1927,.F.);
#822=ORIENTED_EDGE('',*,*,#1909,.F.);
#823=ORIENTED_EDGE('',*,*,#1937,.F.);
#824=ORIENTED_EDGE('',*,*,#1910,.F.);
#825=ORIENTED_EDGE('',*,*,#1926,.F.);
#826=ORIENTED_EDGE('',*,*,#1911,.F.);
#827=ORIENTED_EDGE('',*,*,#1938,.F.);
#828=ORIENTED_EDGE('',*,*,#1912,.F.);
#829=ORIENTED_EDGE('',*,*,#1925,.F.);
#830=ORIENTED_EDGE('',*,*,#1913,.F.);
#831=ORIENTED_EDGE('',*,*,#1939,.T.);
#832=ORIENTED_EDGE('',*,*,#1899,.T.);
#833=ORIENTED_EDGE('',*,*,#1940,.T.);
#834=ORIENTED_EDGE('',*,*,#1898,.T.);
#835=ORIENTED_EDGE('',*,*,#1941,.T.);
#836=ORIENTED_EDGE('',*,*,#1897,.T.);
#837=ORIENTED_EDGE('',*,*,#1942,.T.);
#838=ORIENTED_EDGE('',*,*,#1896,.T.);
#839=ORIENTED_EDGE('',*,*,#1943,.T.);
#840=ORIENTED_EDGE('',*,*,#1895,.T.);
#841=ORIENTED_EDGE('',*,*,#1944,.F.);
#842=ORIENTED_EDGE('',*,*,#1914,.F.);
#843=ORIENTED_EDGE('',*,*,#1924,.F.);
#844=ORIENTED_EDGE('',*,*,#1915,.F.);
#845=ORIENTED_EDGE('',*,*,#1945,.F.);
#846=ORIENTED_EDGE('',*,*,#1916,.F.);
#847=ORIENTED_EDGE('',*,*,#1923,.F.);
#848=ORIENTED_EDGE('',*,*,#1917,.F.);
#849=ORIENTED_EDGE('',*,*,#1946,.F.);
#850=ORIENTED_EDGE('',*,*,#1918,.F.);
#851=ORIENTED_EDGE('',*,*,#1922,.T.);
#852=ORIENTED_EDGE('',*,*,#1894,.T.);
#853=ORIENTED_EDGE('',*,*,#1921,.T.);
#854=ORIENTED_EDGE('',*,*,#1893,.T.);
#855=ORIENTED_EDGE('',*,*,#1920,.T.);
#856=ORIENTED_EDGE('',*,*,#1892,.T.);
#857=ORIENTED_EDGE('',*,*,#1919,.T.);
#858=ORIENTED_EDGE('',*,*,#1891,.T.);
#859=ORIENTED_EDGE('',*,*,#1902,.F.);
#860=ORIENTED_EDGE('',*,*,#1951,.F.);
#861=ORIENTED_EDGE('',*,*,#1930,.F.);
#862=ORIENTED_EDGE('',*,*,#1949,.F.);
#863=ORIENTED_EDGE('',*,*,#1908,.F.);
#864=ORIENTED_EDGE('',*,*,#1953,.F.);
#865=ORIENTED_EDGE('',*,*,#1932,.F.);
#866=ORIENTED_EDGE('',*,*,#1952,.F.);
#867=ORIENTED_EDGE('',*,*,#1906,.F.);
#868=ORIENTED_EDGE('',*,*,#1947,.F.);
#869=ORIENTED_EDGE('',*,*,#1934,.F.);
#870=ORIENTED_EDGE('',*,*,#1954,.F.);
#871=ORIENTED_EDGE('',*,*,#1904,.F.);
#872=ORIENTED_EDGE('',*,*,#1950,.F.);
#873=ORIENTED_EDGE('',*,*,#1936,.F.);
#874=ORIENTED_EDGE('',*,*,#1948,.F.);
#875=ORIENTED_EDGE('',*,*,#1955,.T.);
#876=ORIENTED_EDGE('',*,*,#1956,.T.);
#877=ORIENTED_EDGE('',*,*,#1957,.T.);
#878=ORIENTED_EDGE('',*,*,#1958,.T.);
#879=ORIENTED_EDGE('',*,*,#1955,.F.);
#880=ORIENTED_EDGE('',*,*,#1959,.T.);
#881=ORIENTED_EDGE('',*,*,#1956,.F.);
#882=ORIENTED_EDGE('',*,*,#1960,.T.);
#883=ORIENTED_EDGE('',*,*,#1957,.F.);
#884=ORIENTED_EDGE('',*,*,#1961,.T.);
#885=ORIENTED_EDGE('',*,*,#1958,.F.);
#886=ORIENTED_EDGE('',*,*,#1962,.T.);
#887=ORIENTED_EDGE('',*,*,#1963,.T.);
#888=ORIENTED_EDGE('',*,*,#1964,.F.);
#889=ORIENTED_EDGE('',*,*,#1965,.F.);
#890=ORIENTED_EDGE('',*,*,#1966,.T.);
#891=ORIENTED_EDGE('',*,*,#1967,.F.);
#892=ORIENTED_EDGE('',*,*,#1968,.F.);
#893=ORIENTED_EDGE('',*,*,#1969,.F.);
#894=ORIENTED_EDGE('',*,*,#1965,.T.);
#895=ORIENTED_EDGE('',*,*,#1970,.T.);
#896=ORIENTED_EDGE('',*,*,#1971,.T.);
#897=ORIENTED_EDGE('',*,*,#1971,.F.);
#898=ORIENTED_EDGE('',*,*,#1972,.T.);
#899=ORIENTED_EDGE('',*,*,#1973,.F.);
#900=ORIENTED_EDGE('',*,*,#1974,.F.);
#901=ORIENTED_EDGE('',*,*,#1975,.F.);
#902=ORIENTED_EDGE('',*,*,#1967,.T.);
#903=ORIENTED_EDGE('',*,*,#1976,.T.);
#904=ORIENTED_EDGE('',*,*,#1977,.T.);
#905=ORIENTED_EDGE('',*,*,#1978,.F.);
#906=ORIENTED_EDGE('',*,*,#1979,.F.);
#907=ORIENTED_EDGE('',*,*,#1977,.F.);
#908=ORIENTED_EDGE('',*,*,#1980,.T.);
#909=ORIENTED_EDGE('',*,*,#1981,.F.);
#910=ORIENTED_EDGE('',*,*,#1982,.F.);
#911=ORIENTED_EDGE('',*,*,#1973,.T.);
#912=ORIENTED_EDGE('',*,*,#1983,.T.);
#913=ORIENTED_EDGE('',*,*,#1984,.F.);
#914=ORIENTED_EDGE('',*,*,#1983,.F.);
#915=ORIENTED_EDGE('',*,*,#1972,.F.);
#916=ORIENTED_EDGE('',*,*,#1970,.F.);
#917=ORIENTED_EDGE('',*,*,#1968,.T.);
#918=ORIENTED_EDGE('',*,*,#1975,.T.);
#919=ORIENTED_EDGE('',*,*,#1979,.T.);
#920=ORIENTED_EDGE('',*,*,#1964,.T.);
#921=ORIENTED_EDGE('',*,*,#1962,.F.);
#922=ORIENTED_EDGE('',*,*,#1961,.F.);
#923=ORIENTED_EDGE('',*,*,#1963,.F.);
#924=ORIENTED_EDGE('',*,*,#1960,.F.);
#925=ORIENTED_EDGE('',*,*,#1959,.F.);
#926=ORIENTED_EDGE('',*,*,#1982,.T.);
#927=ORIENTED_EDGE('',*,*,#1985,.T.);
#928=ORIENTED_EDGE('',*,*,#1980,.F.);
#929=ORIENTED_EDGE('',*,*,#1976,.F.);
#930=ORIENTED_EDGE('',*,*,#1966,.F.);
#931=ORIENTED_EDGE('',*,*,#1969,.T.);
#932=ORIENTED_EDGE('',*,*,#1974,.T.);
#933=ORIENTED_EDGE('',*,*,#1981,.T.);
#934=ORIENTED_EDGE('',*,*,#1984,.T.);
#935=ORIENTED_EDGE('',*,*,#1978,.T.);
#936=ORIENTED_EDGE('',*,*,#1985,.F.);
#937=ORIENTED_EDGE('',*,*,#1986,.F.);
#938=ORIENTED_EDGE('',*,*,#1987,.F.);
#939=ORIENTED_EDGE('',*,*,#1988,.F.);
#940=ORIENTED_EDGE('',*,*,#1989,.F.);
#941=ORIENTED_EDGE('',*,*,#1990,.F.);
#942=ORIENTED_EDGE('',*,*,#1991,.F.);
#943=ORIENTED_EDGE('',*,*,#1992,.T.);
#944=ORIENTED_EDGE('',*,*,#1993,.T.);
#945=ORIENTED_EDGE('',*,*,#1994,.T.);
#946=ORIENTED_EDGE('',*,*,#1995,.F.);
#947=ORIENTED_EDGE('',*,*,#1996,.T.);
#948=ORIENTED_EDGE('',*,*,#1997,.F.);
#949=ORIENTED_EDGE('',*,*,#1998,.T.);
#950=ORIENTED_EDGE('',*,*,#1999,.F.);
#951=ORIENTED_EDGE('',*,*,#2000,.T.);
#952=ORIENTED_EDGE('',*,*,#2001,.T.);
#953=ORIENTED_EDGE('',*,*,#2002,.F.);
#954=ORIENTED_EDGE('',*,*,#2003,.T.);
#955=ORIENTED_EDGE('',*,*,#2004,.F.);
#956=ORIENTED_EDGE('',*,*,#2005,.F.);
#957=ORIENTED_EDGE('',*,*,#1992,.F.);
#958=ORIENTED_EDGE('',*,*,#2006,.T.);
#959=ORIENTED_EDGE('',*,*,#1999,.T.);
#960=ORIENTED_EDGE('',*,*,#2007,.T.);
#961=ORIENTED_EDGE('',*,*,#2001,.F.);
#962=ORIENTED_EDGE('',*,*,#2008,.T.);
#963=ORIENTED_EDGE('',*,*,#1997,.T.);
#964=ORIENTED_EDGE('',*,*,#2009,.T.);
#965=ORIENTED_EDGE('',*,*,#2004,.T.);
#966=ORIENTED_EDGE('',*,*,#2010,.T.);
#967=ORIENTED_EDGE('',*,*,#1994,.F.);
#968=ORIENTED_EDGE('',*,*,#2011,.T.);
#969=ORIENTED_EDGE('',*,*,#2012,.F.);
#970=ORIENTED_EDGE('',*,*,#2002,.T.);
#971=ORIENTED_EDGE('',*,*,#2009,.F.);
#972=ORIENTED_EDGE('',*,*,#1996,.F.);
#973=ORIENTED_EDGE('',*,*,#2007,.F.);
#974=ORIENTED_EDGE('',*,*,#2005,.T.);
#975=ORIENTED_EDGE('',*,*,#2011,.F.);
#976=ORIENTED_EDGE('',*,*,#1993,.F.);
#977=ORIENTED_EDGE('',*,*,#1986,.T.);
#978=ORIENTED_EDGE('',*,*,#1998,.F.);
#979=ORIENTED_EDGE('',*,*,#2013,.F.);
#980=ORIENTED_EDGE('',*,*,#1987,.T.);
#981=ORIENTED_EDGE('',*,*,#2013,.T.);
#982=ORIENTED_EDGE('',*,*,#2014,.F.);
#983=ORIENTED_EDGE('',*,*,#1988,.T.);
#984=ORIENTED_EDGE('',*,*,#2014,.T.);
#985=ORIENTED_EDGE('',*,*,#2015,.F.);
#986=ORIENTED_EDGE('',*,*,#1989,.T.);
#987=ORIENTED_EDGE('',*,*,#2015,.T.);
#988=ORIENTED_EDGE('',*,*,#2016,.F.);
#989=ORIENTED_EDGE('',*,*,#1990,.T.);
#990=ORIENTED_EDGE('',*,*,#2016,.T.);
#991=ORIENTED_EDGE('',*,*,#2010,.F.);
#992=ORIENTED_EDGE('',*,*,#2003,.F.);
#993=ORIENTED_EDGE('',*,*,#2012,.T.);
#994=ORIENTED_EDGE('',*,*,#1995,.T.);
#995=ORIENTED_EDGE('',*,*,#2006,.F.);
#996=ORIENTED_EDGE('',*,*,#1991,.T.);
#997=ORIENTED_EDGE('',*,*,#2008,.F.);
#998=ORIENTED_EDGE('',*,*,#2000,.F.);
#999=ORIENTED_EDGE('',*,*,#2017,.T.);
#1000=ORIENTED_EDGE('',*,*,#2018,.T.);
#1001=ORIENTED_EDGE('',*,*,#2019,.F.);
#1002=ORIENTED_EDGE('',*,*,#2020,.T.);
#1003=ORIENTED_EDGE('',*,*,#2021,.T.);
#1004=ORIENTED_EDGE('',*,*,#2022,.T.);
#1005=ORIENTED_EDGE('',*,*,#2023,.F.);
#1006=ORIENTED_EDGE('',*,*,#2024,.F.);
#1007=ORIENTED_EDGE('',*,*,#2025,.T.);
#1008=ORIENTED_EDGE('',*,*,#2023,.T.);
#1009=ORIENTED_EDGE('',*,*,#2026,.T.);
#1010=ORIENTED_EDGE('',*,*,#2017,.F.);
#1011=ORIENTED_EDGE('',*,*,#2027,.F.);
#1012=ORIENTED_EDGE('',*,*,#2028,.F.);
#1013=ORIENTED_EDGE('',*,*,#2029,.F.);
#1014=ORIENTED_EDGE('',*,*,#2030,.F.);
#1015=ORIENTED_EDGE('',*,*,#2031,.F.);
#1016=ORIENTED_EDGE('',*,*,#2032,.F.);
#1017=ORIENTED_EDGE('',*,*,#2033,.F.);
#1018=ORIENTED_EDGE('',*,*,#2034,.F.);
#1019=ORIENTED_EDGE('',*,*,#2035,.F.);
#1020=ORIENTED_EDGE('',*,*,#2036,.F.);
#1021=ORIENTED_EDGE('',*,*,#2021,.F.);
#1022=ORIENTED_EDGE('',*,*,#2037,.T.);
#1023=ORIENTED_EDGE('',*,*,#2038,.T.);
#1024=ORIENTED_EDGE('',*,*,#2039,.T.);
#1025=ORIENTED_EDGE('',*,*,#2040,.T.);
#1026=ORIENTED_EDGE('',*,*,#2019,.T.);
#1027=ORIENTED_EDGE('',*,*,#2041,.T.);
#1028=ORIENTED_EDGE('',*,*,#2042,.T.);
#1029=ORIENTED_EDGE('',*,*,#2043,.T.);
#1030=ORIENTED_EDGE('',*,*,#2044,.T.);
#1031=ORIENTED_EDGE('',*,*,#2041,.F.);
#1032=ORIENTED_EDGE('',*,*,#2031,.T.);
#1033=ORIENTED_EDGE('',*,*,#2042,.F.);
#1034=ORIENTED_EDGE('',*,*,#2032,.T.);
#1035=ORIENTED_EDGE('',*,*,#2043,.F.);
#1036=ORIENTED_EDGE('',*,*,#2034,.T.);
#1037=ORIENTED_EDGE('',*,*,#2044,.F.);
#1038=ORIENTED_EDGE('',*,*,#2035,.T.);
#1039=ORIENTED_EDGE('',*,*,#2033,.T.);
#1040=ORIENTED_EDGE('',*,*,#2025,.F.);
#1041=ORIENTED_EDGE('',*,*,#2045,.F.);
#1042=ORIENTED_EDGE('',*,*,#2027,.T.);
#1043=ORIENTED_EDGE('',*,*,#2020,.F.);
#1044=ORIENTED_EDGE('',*,*,#2040,.F.);
#1045=ORIENTED_EDGE('',*,*,#2030,.T.);
#1046=ORIENTED_EDGE('',*,*,#2046,.T.);
#1047=ORIENTED_EDGE('',*,*,#2037,.F.);
#1048=ORIENTED_EDGE('',*,*,#2024,.T.);
#1049=ORIENTED_EDGE('',*,*,#2047,.F.);
#1050=ORIENTED_EDGE('',*,*,#2028,.T.);
#1051=ORIENTED_EDGE('',*,*,#2045,.T.);
#1052=ORIENTED_EDGE('',*,*,#2039,.F.);
#1053=ORIENTED_EDGE('',*,*,#2047,.T.);
#1054=ORIENTED_EDGE('',*,*,#2038,.F.);
#1055=ORIENTED_EDGE('',*,*,#2046,.F.);
#1056=ORIENTED_EDGE('',*,*,#2029,.T.);
#1057=ORIENTED_EDGE('',*,*,#2026,.F.);
#1058=ORIENTED_EDGE('',*,*,#2022,.F.);
#1059=ORIENTED_EDGE('',*,*,#2036,.T.);
#1060=ORIENTED_EDGE('',*,*,#2018,.F.);
#1061=ORIENTED_EDGE('',*,*,#2048,.T.);
#1062=ORIENTED_EDGE('',*,*,#2049,.T.);
#1063=ORIENTED_EDGE('',*,*,#2050,.T.);
#1064=ORIENTED_EDGE('',*,*,#2051,.T.);
#1065=ORIENTED_EDGE('',*,*,#2052,.F.);
#1066=ORIENTED_EDGE('',*,*,#2053,.F.);
#1067=ORIENTED_EDGE('',*,*,#2054,.F.);
#1068=ORIENTED_EDGE('',*,*,#2055,.T.);
#1069=ORIENTED_EDGE('',*,*,#2056,.T.);
#1070=ORIENTED_EDGE('',*,*,#2057,.T.);
#1071=ORIENTED_EDGE('',*,*,#2052,.T.);
#1072=ORIENTED_EDGE('',*,*,#2058,.F.);
#1073=ORIENTED_EDGE('',*,*,#2056,.F.);
#1074=ORIENTED_EDGE('',*,*,#2059,.F.);
#1075=ORIENTED_EDGE('',*,*,#2060,.T.);
#1076=ORIENTED_EDGE('',*,*,#2061,.T.);
#1077=ORIENTED_EDGE('',*,*,#2062,.F.);
#1078=ORIENTED_EDGE('',*,*,#2063,.T.);
#1079=ORIENTED_EDGE('',*,*,#2060,.F.);
#1080=ORIENTED_EDGE('',*,*,#2064,.F.);
#1081=ORIENTED_EDGE('',*,*,#2048,.F.);
#1082=ORIENTED_EDGE('',*,*,#2065,.T.);
#1083=ORIENTED_EDGE('',*,*,#2049,.F.);
#1084=ORIENTED_EDGE('',*,*,#2066,.T.);
#1085=ORIENTED_EDGE('',*,*,#2050,.F.);
#1086=ORIENTED_EDGE('',*,*,#2067,.T.);
#1087=ORIENTED_EDGE('',*,*,#2051,.F.);
#1088=ORIENTED_EDGE('',*,*,#2068,.T.);
#1089=ORIENTED_EDGE('',*,*,#2069,.T.);
#1090=ORIENTED_EDGE('',*,*,#2070,.F.);
#1091=ORIENTED_EDGE('',*,*,#2071,.F.);
#1092=ORIENTED_EDGE('',*,*,#2072,.T.);
#1093=ORIENTED_EDGE('',*,*,#2053,.T.);
#1094=ORIENTED_EDGE('',*,*,#2057,.F.);
#1095=ORIENTED_EDGE('',*,*,#2061,.F.);
#1096=ORIENTED_EDGE('',*,*,#2063,.F.);
#1097=ORIENTED_EDGE('',*,*,#2073,.F.);
#1098=ORIENTED_EDGE('',*,*,#2070,.T.);
#1099=ORIENTED_EDGE('',*,*,#2069,.F.);
#1100=ORIENTED_EDGE('',*,*,#2068,.F.);
#1101=ORIENTED_EDGE('',*,*,#2067,.F.);
#1102=ORIENTED_EDGE('',*,*,#2066,.F.);
#1103=ORIENTED_EDGE('',*,*,#2065,.F.);
#1104=ORIENTED_EDGE('',*,*,#2074,.F.);
#1105=ORIENTED_EDGE('',*,*,#2075,.T.);
#1106=ORIENTED_EDGE('',*,*,#2076,.T.);
#1107=ORIENTED_EDGE('',*,*,#2064,.T.);
#1108=ORIENTED_EDGE('',*,*,#2059,.T.);
#1109=ORIENTED_EDGE('',*,*,#2058,.T.);
#1110=ORIENTED_EDGE('',*,*,#2055,.F.);
#1111=ORIENTED_EDGE('',*,*,#2077,.F.);
#1112=ORIENTED_EDGE('',*,*,#2074,.T.);
#1113=ORIENTED_EDGE('',*,*,#2054,.T.);
#1114=ORIENTED_EDGE('',*,*,#2072,.F.);
#1115=ORIENTED_EDGE('',*,*,#2078,.F.);
#1116=ORIENTED_EDGE('',*,*,#2073,.T.);
#1117=ORIENTED_EDGE('',*,*,#2062,.T.);
#1118=ORIENTED_EDGE('',*,*,#2076,.F.);
#1119=ORIENTED_EDGE('',*,*,#2071,.T.);
#1120=ORIENTED_EDGE('',*,*,#2078,.T.);
#1121=ORIENTED_EDGE('',*,*,#2075,.F.);
#1122=ORIENTED_EDGE('',*,*,#2077,.T.);
#1123=ORIENTED_EDGE('',*,*,#2079,.T.);
#1124=ORIENTED_EDGE('',*,*,#2080,.F.);
#1125=ORIENTED_EDGE('',*,*,#2081,.T.);
#1126=ORIENTED_EDGE('',*,*,#2082,.F.);
#1127=ORIENTED_EDGE('',*,*,#2083,.T.);
#1128=ORIENTED_EDGE('',*,*,#2084,.F.);
#1129=ORIENTED_EDGE('',*,*,#2085,.T.);
#1130=ORIENTED_EDGE('',*,*,#2086,.F.);
#1131=ORIENTED_EDGE('',*,*,#2087,.F.);
#1132=ORIENTED_EDGE('',*,*,#2088,.F.);
#1133=ORIENTED_EDGE('',*,*,#2089,.F.);
#1134=ORIENTED_EDGE('',*,*,#2090,.F.);
#1135=ORIENTED_EDGE('',*,*,#2091,.F.);
#1136=ORIENTED_EDGE('',*,*,#2092,.F.);
#1137=ORIENTED_EDGE('',*,*,#2093,.F.);
#1138=ORIENTED_EDGE('',*,*,#2094,.F.);
#1139=ORIENTED_EDGE('',*,*,#2095,.F.);
#1140=ORIENTED_EDGE('',*,*,#2096,.F.);
#1141=ORIENTED_EDGE('',*,*,#2097,.F.);
#1142=ORIENTED_EDGE('',*,*,#2098,.F.);
#1143=ORIENTED_EDGE('',*,*,#2099,.F.);
#1144=ORIENTED_EDGE('',*,*,#2100,.F.);
#1145=ORIENTED_EDGE('',*,*,#2101,.F.);
#1146=ORIENTED_EDGE('',*,*,#2102,.F.);
#1147=ORIENTED_EDGE('',*,*,#2103,.F.);
#1148=ORIENTED_EDGE('',*,*,#2102,.T.);
#1149=ORIENTED_EDGE('',*,*,#2104,.T.);
#1150=ORIENTED_EDGE('',*,*,#2096,.T.);
#1151=ORIENTED_EDGE('',*,*,#2105,.F.);
#1152=ORIENTED_EDGE('',*,*,#2098,.T.);
#1153=ORIENTED_EDGE('',*,*,#2106,.T.);
#1154=ORIENTED_EDGE('',*,*,#2092,.T.);
#1155=ORIENTED_EDGE('',*,*,#2107,.F.);
#1156=ORIENTED_EDGE('',*,*,#2094,.T.);
#1157=ORIENTED_EDGE('',*,*,#2108,.T.);
#1158=ORIENTED_EDGE('',*,*,#2088,.T.);
#1159=ORIENTED_EDGE('',*,*,#2109,.F.);
#1160=ORIENTED_EDGE('',*,*,#2090,.T.);
#1161=ORIENTED_EDGE('',*,*,#2110,.T.);
#1162=ORIENTED_EDGE('',*,*,#2100,.T.);
#1163=ORIENTED_EDGE('',*,*,#2111,.F.);
#1164=ORIENTED_EDGE('',*,*,#2112,.T.);
#1165=ORIENTED_EDGE('',*,*,#2113,.F.);
#1166=ORIENTED_EDGE('',*,*,#2114,.F.);
#1167=ORIENTED_EDGE('',*,*,#2095,.T.);
#1168=ORIENTED_EDGE('',*,*,#2105,.T.);
#1169=ORIENTED_EDGE('',*,*,#2091,.T.);
#1170=ORIENTED_EDGE('',*,*,#2107,.T.);
#1171=ORIENTED_EDGE('',*,*,#2087,.T.);
#1172=ORIENTED_EDGE('',*,*,#2109,.T.);
#1173=ORIENTED_EDGE('',*,*,#2099,.T.);
#1174=ORIENTED_EDGE('',*,*,#2103,.T.);
#1175=ORIENTED_EDGE('',*,*,#2115,.F.);
#1176=ORIENTED_EDGE('',*,*,#2116,.F.);
#1177=ORIENTED_EDGE('',*,*,#2117,.F.);
#1178=ORIENTED_EDGE('',*,*,#2118,.F.);
#1179=ORIENTED_EDGE('',*,*,#2112,.F.);
#1180=ORIENTED_EDGE('',*,*,#2119,.F.);
#1181=ORIENTED_EDGE('',*,*,#2120,.T.);
#1182=ORIENTED_EDGE('',*,*,#2121,.T.);
#1183=ORIENTED_EDGE('',*,*,#2111,.T.);
#1184=ORIENTED_EDGE('',*,*,#2122,.F.);
#1185=ORIENTED_EDGE('',*,*,#2123,.F.);
#1186=ORIENTED_EDGE('',*,*,#2119,.T.);
#1187=ORIENTED_EDGE('',*,*,#2114,.T.);
#1188=ORIENTED_EDGE('',*,*,#2124,.F.);
#1189=ORIENTED_EDGE('',*,*,#2125,.F.);
#1190=ORIENTED_EDGE('',*,*,#2122,.T.);
#1191=ORIENTED_EDGE('',*,*,#2113,.T.);
#1192=ORIENTED_EDGE('',*,*,#2121,.F.);
#1193=ORIENTED_EDGE('',*,*,#2126,.F.);
#1194=ORIENTED_EDGE('',*,*,#2124,.T.);
#1195=ORIENTED_EDGE('',*,*,#2120,.F.);
#1196=ORIENTED_EDGE('',*,*,#2123,.T.);
#1197=ORIENTED_EDGE('',*,*,#2125,.T.);
#1198=ORIENTED_EDGE('',*,*,#2126,.T.);
#1199=ORIENTED_EDGE('',*,*,#2083,.F.);
#1200=ORIENTED_EDGE('',*,*,#2085,.F.);
#1201=ORIENTED_EDGE('',*,*,#2081,.F.);
#1202=ORIENTED_EDGE('',*,*,#2079,.F.);
#1203=ORIENTED_EDGE('',*,*,#2108,.F.);
#1204=ORIENTED_EDGE('',*,*,#2093,.T.);
#1205=ORIENTED_EDGE('',*,*,#2106,.F.);
#1206=ORIENTED_EDGE('',*,*,#2097,.T.);
#1207=ORIENTED_EDGE('',*,*,#2104,.F.);
#1208=ORIENTED_EDGE('',*,*,#2101,.T.);
#1209=ORIENTED_EDGE('',*,*,#2110,.F.);
#1210=ORIENTED_EDGE('',*,*,#2089,.T.);
#1211=ORIENTED_EDGE('',*,*,#2127,.F.);
#1212=ORIENTED_EDGE('',*,*,#2115,.T.);
#1213=ORIENTED_EDGE('',*,*,#2127,.T.);
#1214=ORIENTED_EDGE('',*,*,#2086,.T.);
#1215=ORIENTED_EDGE('',*,*,#2128,.F.);
#1216=ORIENTED_EDGE('',*,*,#2116,.T.);
#1217=ORIENTED_EDGE('',*,*,#2128,.T.);
#1218=ORIENTED_EDGE('',*,*,#2084,.T.);
#1219=ORIENTED_EDGE('',*,*,#2129,.F.);
#1220=ORIENTED_EDGE('',*,*,#2117,.T.);
#1221=ORIENTED_EDGE('',*,*,#2129,.T.);
#1222=ORIENTED_EDGE('',*,*,#2082,.T.);
#1223=ORIENTED_EDGE('',*,*,#2130,.F.);
#1224=ORIENTED_EDGE('',*,*,#2118,.T.);
#1225=ORIENTED_EDGE('',*,*,#2130,.T.);
#1226=ORIENTED_EDGE('',*,*,#2080,.T.);
#1227=ORIENTED_EDGE('',*,*,#2131,.F.);
#1228=ORIENTED_EDGE('',*,*,#2132,.T.);
#1229=ORIENTED_EDGE('',*,*,#2133,.T.);
#1230=ORIENTED_EDGE('',*,*,#2134,.F.);
#1231=ORIENTED_EDGE('',*,*,#2135,.F.);
#1232=ORIENTED_EDGE('',*,*,#2136,.T.);
#1233=ORIENTED_EDGE('',*,*,#2137,.F.);
#1234=ORIENTED_EDGE('',*,*,#2138,.T.);
#1235=ORIENTED_EDGE('',*,*,#2133,.F.);
#1236=ORIENTED_EDGE('',*,*,#2139,.T.);
#1237=ORIENTED_EDGE('',*,*,#2140,.F.);
#1238=ORIENTED_EDGE('',*,*,#2141,.F.);
#1239=ORIENTED_EDGE('',*,*,#2142,.T.);
#1240=ORIENTED_EDGE('',*,*,#2143,.T.);
#1241=ORIENTED_EDGE('',*,*,#2144,.F.);
#1242=ORIENTED_EDGE('',*,*,#2131,.T.);
#1243=ORIENTED_EDGE('',*,*,#2137,.T.);
#1244=ORIENTED_EDGE('',*,*,#2135,.T.);
#1245=ORIENTED_EDGE('',*,*,#2145,.T.);
#1246=ORIENTED_EDGE('',*,*,#2146,.T.);
#1247=ORIENTED_EDGE('',*,*,#2142,.F.);
#1248=ORIENTED_EDGE('',*,*,#2134,.T.);
#1249=ORIENTED_EDGE('',*,*,#2141,.T.);
#1250=ORIENTED_EDGE('',*,*,#2147,.T.);
#1251=ORIENTED_EDGE('',*,*,#2148,.F.);
#1252=ORIENTED_EDGE('',*,*,#2149,.F.);
#1253=ORIENTED_EDGE('',*,*,#2150,.T.);
#1254=ORIENTED_EDGE('',*,*,#2151,.T.);
#1255=ORIENTED_EDGE('',*,*,#2138,.F.);
#1256=ORIENTED_EDGE('',*,*,#2136,.F.);
#1257=ORIENTED_EDGE('',*,*,#2144,.T.);
#1258=ORIENTED_EDGE('',*,*,#2152,.T.);
#1259=ORIENTED_EDGE('',*,*,#2153,.F.);
#1260=ORIENTED_EDGE('',*,*,#2154,.T.);
#1261=ORIENTED_EDGE('',*,*,#2155,.T.);
#1262=ORIENTED_EDGE('',*,*,#2139,.F.);
#1263=ORIENTED_EDGE('',*,*,#2132,.F.);
#1264=ORIENTED_EDGE('',*,*,#2156,.F.);
#1265=ORIENTED_EDGE('',*,*,#2157,.F.);
#1266=ORIENTED_EDGE('',*,*,#2158,.F.);
#1267=ORIENTED_EDGE('',*,*,#2150,.F.);
#1268=ORIENTED_EDGE('',*,*,#2158,.T.);
#1269=ORIENTED_EDGE('',*,*,#2151,.F.);
#1270=ORIENTED_EDGE('',*,*,#2157,.T.);
#1271=ORIENTED_EDGE('',*,*,#2156,.T.);
#1272=ORIENTED_EDGE('',*,*,#2149,.T.);
#1273=ORIENTED_EDGE('',*,*,#2147,.F.);
#1274=ORIENTED_EDGE('',*,*,#2140,.T.);
#1275=ORIENTED_EDGE('',*,*,#2155,.F.);
#1276=ORIENTED_EDGE('',*,*,#2159,.F.);
#1277=ORIENTED_EDGE('',*,*,#2153,.T.);
#1278=ORIENTED_EDGE('',*,*,#2160,.T.);
#1279=ORIENTED_EDGE('',*,*,#2145,.F.);
#1280=ORIENTED_EDGE('',*,*,#2161,.T.);
#1281=ORIENTED_EDGE('',*,*,#2159,.T.);
#1282=ORIENTED_EDGE('',*,*,#2154,.F.);
#1283=ORIENTED_EDGE('',*,*,#2161,.F.);
#1284=ORIENTED_EDGE('',*,*,#2148,.T.);
#1285=ORIENTED_EDGE('',*,*,#2146,.F.);
#1286=ORIENTED_EDGE('',*,*,#2160,.F.);
#1287=ORIENTED_EDGE('',*,*,#2152,.F.);
#1288=ORIENTED_EDGE('',*,*,#2143,.F.);
#1289=ORIENTED_EDGE('',*,*,#2162,.F.);
#1290=ORIENTED_EDGE('',*,*,#2163,.F.);
#1291=ORIENTED_EDGE('',*,*,#2164,.F.);
#1292=ORIENTED_EDGE('',*,*,#2165,.T.);
#1293=ORIENTED_EDGE('',*,*,#2166,.T.);
#1294=ORIENTED_EDGE('',*,*,#2167,.F.);
#1295=ORIENTED_EDGE('',*,*,#2168,.F.);
#1296=ORIENTED_EDGE('',*,*,#2169,.T.);
#1297=ORIENTED_EDGE('',*,*,#2170,.T.);
#1298=ORIENTED_EDGE('',*,*,#2171,.F.);
#1299=ORIENTED_EDGE('',*,*,#2172,.F.);
#1300=ORIENTED_EDGE('',*,*,#2173,.F.);
#1301=ORIENTED_EDGE('',*,*,#2174,.F.);
#1302=ORIENTED_EDGE('',*,*,#2175,.T.);
#1303=ORIENTED_EDGE('',*,*,#2176,.T.);
#1304=ORIENTED_EDGE('',*,*,#2177,.F.);
#1305=ORIENTED_EDGE('',*,*,#2178,.F.);
#1306=ORIENTED_EDGE('',*,*,#2179,.T.);
#1307=ORIENTED_EDGE('',*,*,#2180,.T.);
#1308=ORIENTED_EDGE('',*,*,#2181,.T.);
#1309=ORIENTED_EDGE('',*,*,#2182,.T.);
#1310=ORIENTED_EDGE('',*,*,#2183,.T.);
#1311=ORIENTED_EDGE('',*,*,#2184,.T.);
#1312=ORIENTED_EDGE('',*,*,#2185,.F.);
#1313=ORIENTED_EDGE('',*,*,#2182,.F.);
#1314=ORIENTED_EDGE('',*,*,#2162,.T.);
#1315=ORIENTED_EDGE('',*,*,#2181,.F.);
#1316=ORIENTED_EDGE('',*,*,#2163,.T.);
#1317=ORIENTED_EDGE('',*,*,#2176,.F.);
#1318=ORIENTED_EDGE('',*,*,#2186,.T.);
#1319=ORIENTED_EDGE('',*,*,#2164,.T.);
#1320=ORIENTED_EDGE('',*,*,#2187,.T.);
#1321=ORIENTED_EDGE('',*,*,#2188,.F.);
#1322=ORIENTED_EDGE('',*,*,#2169,.F.);
#1323=ORIENTED_EDGE('',*,*,#2189,.F.);
#1324=ORIENTED_EDGE('',*,*,#2178,.T.);
#1325=ORIENTED_EDGE('',*,*,#2170,.F.);
#1326=ORIENTED_EDGE('',*,*,#2188,.T.);
#1327=ORIENTED_EDGE('',*,*,#2177,.T.);
#1328=ORIENTED_EDGE('',*,*,#2187,.F.);
#1329=ORIENTED_EDGE('',*,*,#2179,.F.);
#1330=ORIENTED_EDGE('',*,*,#2189,.T.);
#1331=ORIENTED_EDGE('',*,*,#2168,.T.);
#1332=ORIENTED_EDGE('',*,*,#2190,.F.);
#1333=ORIENTED_EDGE('',*,*,#2191,.F.);
#1334=ORIENTED_EDGE('',*,*,#2180,.F.);
#1335=ORIENTED_EDGE('',*,*,#2190,.T.);
#1336=ORIENTED_EDGE('',*,*,#2167,.T.);
#1337=ORIENTED_EDGE('',*,*,#2173,.T.);
#1338=ORIENTED_EDGE('',*,*,#2185,.T.);
#1339=ORIENTED_EDGE('',*,*,#2184,.F.);
#1340=ORIENTED_EDGE('',*,*,#2172,.T.);
#1341=ORIENTED_EDGE('',*,*,#2183,.F.);
#1342=ORIENTED_EDGE('',*,*,#2171,.T.);
#1343=ORIENTED_EDGE('',*,*,#2166,.F.);
#1344=ORIENTED_EDGE('',*,*,#2192,.T.);
#1345=ORIENTED_EDGE('',*,*,#2174,.T.);
#1346=ORIENTED_EDGE('',*,*,#2191,.T.);
#1347=ORIENTED_EDGE('',*,*,#2175,.F.);
#1348=ORIENTED_EDGE('',*,*,#2192,.F.);
#1349=ORIENTED_EDGE('',*,*,#2165,.F.);
#1350=ORIENTED_EDGE('',*,*,#2186,.F.);
#1351=ORIENTED_EDGE('',*,*,#2193,.F.);
#1352=ORIENTED_EDGE('',*,*,#2194,.F.);
#1353=ORIENTED_EDGE('',*,*,#2195,.T.);
#1354=ORIENTED_EDGE('',*,*,#2196,.T.);
#1355=ORIENTED_EDGE('',*,*,#2197,.T.);
#1356=ORIENTED_EDGE('',*,*,#2198,.T.);
#1357=ORIENTED_EDGE('',*,*,#2199,.F.);
#1358=ORIENTED_EDGE('',*,*,#2200,.F.);
#1359=ORIENTED_EDGE('',*,*,#2201,.F.);
#1360=ORIENTED_EDGE('',*,*,#2202,.F.);
#1361=ORIENTED_EDGE('',*,*,#2203,.T.);
#1362=ORIENTED_EDGE('',*,*,#2204,.F.);
#1363=ORIENTED_EDGE('',*,*,#2205,.T.);
#1364=ORIENTED_EDGE('',*,*,#2206,.F.);
#1365=ORIENTED_EDGE('',*,*,#2206,.T.);
#1366=ORIENTED_EDGE('',*,*,#2204,.T.);
#1367=ORIENTED_EDGE('',*,*,#2201,.T.);
#1368=ORIENTED_EDGE('',*,*,#2199,.T.);
#1369=ORIENTED_EDGE('',*,*,#2207,.T.);
#1370=ORIENTED_EDGE('',*,*,#2208,.T.);
#1371=ORIENTED_EDGE('',*,*,#2209,.T.);
#1372=ORIENTED_EDGE('',*,*,#2210,.F.);
#1373=ORIENTED_EDGE('',*,*,#2196,.F.);
#1374=ORIENTED_EDGE('',*,*,#2211,.T.);
#1375=ORIENTED_EDGE('',*,*,#2212,.T.);
#1376=ORIENTED_EDGE('',*,*,#2213,.T.);
#1377=ORIENTED_EDGE('',*,*,#2214,.F.);
#1378=ORIENTED_EDGE('',*,*,#2215,.T.);
#1379=ORIENTED_EDGE('',*,*,#2197,.F.);
#1380=ORIENTED_EDGE('',*,*,#2216,.F.);
#1381=ORIENTED_EDGE('',*,*,#2194,.T.);
#1382=ORIENTED_EDGE('',*,*,#2217,.T.);
#1383=ORIENTED_EDGE('',*,*,#2218,.F.);
#1384=ORIENTED_EDGE('',*,*,#2205,.F.);
#1385=ORIENTED_EDGE('',*,*,#2203,.F.);
#1386=ORIENTED_EDGE('',*,*,#2202,.T.);
#1387=ORIENTED_EDGE('',*,*,#2219,.F.);
#1388=ORIENTED_EDGE('',*,*,#2220,.F.);
#1389=ORIENTED_EDGE('',*,*,#2208,.F.);
#1390=ORIENTED_EDGE('',*,*,#2221,.T.);
#1391=ORIENTED_EDGE('',*,*,#2214,.T.);
#1392=ORIENTED_EDGE('',*,*,#2222,.F.);
#1393=ORIENTED_EDGE('',*,*,#2200,.T.);
#1394=ORIENTED_EDGE('',*,*,#2211,.F.);
#1395=ORIENTED_EDGE('',*,*,#2195,.F.);
#1396=ORIENTED_EDGE('',*,*,#2216,.T.);
#1397=ORIENTED_EDGE('',*,*,#2220,.T.);
#1398=ORIENTED_EDGE('',*,*,#2213,.F.);
#1399=ORIENTED_EDGE('',*,*,#2219,.T.);
#1400=ORIENTED_EDGE('',*,*,#2212,.F.);
#1401=ORIENTED_EDGE('',*,*,#2210,.T.);
#1402=ORIENTED_EDGE('',*,*,#2223,.T.);
#1403=ORIENTED_EDGE('',*,*,#2217,.F.);
#1404=ORIENTED_EDGE('',*,*,#2193,.T.);
#1405=ORIENTED_EDGE('',*,*,#2222,.T.);
#1406=ORIENTED_EDGE('',*,*,#2218,.T.);
#1407=ORIENTED_EDGE('',*,*,#2223,.F.);
#1408=ORIENTED_EDGE('',*,*,#2209,.F.);
#1409=ORIENTED_EDGE('',*,*,#2215,.F.);
#1410=ORIENTED_EDGE('',*,*,#2221,.F.);
#1411=ORIENTED_EDGE('',*,*,#2207,.F.);
#1412=ORIENTED_EDGE('',*,*,#2198,.F.);
#1413=ORIENTED_EDGE('',*,*,#2224,.T.);
#1414=ORIENTED_EDGE('',*,*,#2225,.F.);
#1415=ORIENTED_EDGE('',*,*,#2226,.F.);
#1416=ORIENTED_EDGE('',*,*,#2227,.T.);
#1417=ORIENTED_EDGE('',*,*,#2228,.T.);
#1418=ORIENTED_EDGE('',*,*,#2229,.T.);
#1419=ORIENTED_EDGE('',*,*,#2230,.T.);
#1420=ORIENTED_EDGE('',*,*,#2231,.T.);
#1421=ORIENTED_EDGE('',*,*,#2232,.F.);
#1422=ORIENTED_EDGE('',*,*,#2233,.T.);
#1423=ORIENTED_EDGE('',*,*,#2234,.F.);
#1424=ORIENTED_EDGE('',*,*,#2235,.F.);
#1425=ORIENTED_EDGE('',*,*,#2236,.T.);
#1426=ORIENTED_EDGE('',*,*,#2237,.T.);
#1427=ORIENTED_EDGE('',*,*,#2238,.T.);
#1428=ORIENTED_EDGE('',*,*,#2239,.F.);
#1429=ORIENTED_EDGE('',*,*,#2240,.T.);
#1430=ORIENTED_EDGE('',*,*,#2241,.F.);
#1431=ORIENTED_EDGE('',*,*,#2242,.F.);
#1432=ORIENTED_EDGE('',*,*,#2243,.T.);
#1433=ORIENTED_EDGE('',*,*,#2244,.T.);
#1434=ORIENTED_EDGE('',*,*,#2245,.F.);
#1435=ORIENTED_EDGE('',*,*,#2246,.T.);
#1436=ORIENTED_EDGE('',*,*,#2247,.T.);
#1437=ORIENTED_EDGE('',*,*,#2248,.F.);
#1438=ORIENTED_EDGE('',*,*,#2231,.F.);
#1439=ORIENTED_EDGE('',*,*,#2249,.T.);
#1440=ORIENTED_EDGE('',*,*,#2244,.F.);
#1441=ORIENTED_EDGE('',*,*,#2229,.F.);
#1442=ORIENTED_EDGE('',*,*,#2250,.T.);
#1443=ORIENTED_EDGE('',*,*,#2239,.T.);
#1444=ORIENTED_EDGE('',*,*,#2251,.F.);
#1445=ORIENTED_EDGE('',*,*,#2241,.T.);
#1446=ORIENTED_EDGE('',*,*,#2252,.T.);
#1447=ORIENTED_EDGE('',*,*,#2227,.F.);
#1448=ORIENTED_EDGE('',*,*,#2253,.F.);
#1449=ORIENTED_EDGE('',*,*,#2225,.T.);
#1450=ORIENTED_EDGE('',*,*,#2238,.F.);
#1451=ORIENTED_EDGE('',*,*,#2226,.T.);
#1452=ORIENTED_EDGE('',*,*,#2237,.F.);
#1453=ORIENTED_EDGE('',*,*,#2236,.F.);
#1454=ORIENTED_EDGE('',*,*,#2224,.F.);
#1455=ORIENTED_EDGE('',*,*,#2249,.F.);
#1456=ORIENTED_EDGE('',*,*,#2230,.F.);
#1457=ORIENTED_EDGE('',*,*,#2251,.T.);
#1458=ORIENTED_EDGE('',*,*,#2245,.T.);
#1459=ORIENTED_EDGE('',*,*,#2242,.T.);
#1460=ORIENTED_EDGE('',*,*,#2253,.T.);
#1461=ORIENTED_EDGE('',*,*,#2233,.F.);
#1462=ORIENTED_EDGE('',*,*,#2254,.F.);
#1463=ORIENTED_EDGE('',*,*,#2235,.T.);
#1464=ORIENTED_EDGE('',*,*,#2246,.F.);
#1465=ORIENTED_EDGE('',*,*,#2234,.T.);
#1466=ORIENTED_EDGE('',*,*,#2247,.F.);
#1467=ORIENTED_EDGE('',*,*,#2243,.F.);
#1468=ORIENTED_EDGE('',*,*,#2254,.T.);
#1469=ORIENTED_EDGE('',*,*,#2232,.T.);
#1470=ORIENTED_EDGE('',*,*,#2248,.T.);
#1471=ORIENTED_EDGE('',*,*,#2228,.F.);
#1472=ORIENTED_EDGE('',*,*,#2252,.F.);
#1473=ORIENTED_EDGE('',*,*,#2240,.F.);
#1474=ORIENTED_EDGE('',*,*,#2250,.F.);
#1475=ORIENTED_EDGE('',*,*,#2255,.T.);
#1476=ORIENTED_EDGE('',*,*,#2256,.T.);
#1477=ORIENTED_EDGE('',*,*,#2257,.T.);
#1478=ORIENTED_EDGE('',*,*,#2258,.T.);
#1479=ORIENTED_EDGE('',*,*,#2259,.T.);
#1480=ORIENTED_EDGE('',*,*,#2260,.T.);
#1481=ORIENTED_EDGE('',*,*,#2261,.T.);
#1482=ORIENTED_EDGE('',*,*,#2262,.T.);
#1483=ORIENTED_EDGE('',*,*,#2263,.T.);
#1484=ORIENTED_EDGE('',*,*,#2264,.T.);
#1485=ORIENTED_EDGE('',*,*,#2265,.F.);
#1486=ORIENTED_EDGE('',*,*,#2266,.T.);
#1487=ORIENTED_EDGE('',*,*,#2267,.F.);
#1488=ORIENTED_EDGE('',*,*,#2268,.T.);
#1489=ORIENTED_EDGE('',*,*,#2269,.T.);
#1490=ORIENTED_EDGE('',*,*,#2270,.F.);
#1491=ORIENTED_EDGE('',*,*,#2271,.T.);
#1492=ORIENTED_EDGE('',*,*,#2272,.T.);
#1493=ORIENTED_EDGE('',*,*,#2273,.F.);
#1494=ORIENTED_EDGE('',*,*,#2274,.T.);
#1495=ORIENTED_EDGE('',*,*,#2275,.F.);
#1496=ORIENTED_EDGE('',*,*,#2276,.T.);
#1497=ORIENTED_EDGE('',*,*,#2277,.F.);
#1498=ORIENTED_EDGE('',*,*,#2278,.T.);
#1499=ORIENTED_EDGE('',*,*,#2279,.T.);
#1500=ORIENTED_EDGE('',*,*,#2280,.F.);
#1501=ORIENTED_EDGE('',*,*,#2281,.T.);
#1502=ORIENTED_EDGE('',*,*,#2282,.T.);
#1503=ORIENTED_EDGE('',*,*,#2283,.F.);
#1504=ORIENTED_EDGE('',*,*,#2284,.F.);
#1505=ORIENTED_EDGE('',*,*,#2285,.T.);
#1506=ORIENTED_EDGE('',*,*,#2286,.T.);
#1507=ORIENTED_EDGE('',*,*,#2287,.F.);
#1508=ORIENTED_EDGE('',*,*,#2288,.T.);
#1509=ORIENTED_EDGE('',*,*,#2289,.F.);
#1510=ORIENTED_EDGE('',*,*,#2290,.T.);
#1511=ORIENTED_EDGE('',*,*,#2291,.F.);
#1512=ORIENTED_EDGE('',*,*,#2292,.T.);
#1513=ORIENTED_EDGE('',*,*,#2293,.T.);
#1514=ORIENTED_EDGE('',*,*,#2294,.T.);
#1515=ORIENTED_EDGE('',*,*,#2295,.T.);
#1516=ORIENTED_EDGE('',*,*,#2296,.T.);
#1517=ORIENTED_EDGE('',*,*,#2297,.T.);
#1518=ORIENTED_EDGE('',*,*,#2298,.T.);
#1519=ORIENTED_EDGE('',*,*,#2299,.F.);
#1520=ORIENTED_EDGE('',*,*,#2300,.F.);
#1521=ORIENTED_EDGE('',*,*,#2301,.T.);
#1522=ORIENTED_EDGE('',*,*,#2302,.F.);
#1523=ORIENTED_EDGE('',*,*,#2303,.T.);
#1524=ORIENTED_EDGE('',*,*,#2304,.F.);
#1525=ORIENTED_EDGE('',*,*,#2305,.F.);
#1526=ORIENTED_EDGE('',*,*,#2306,.T.);
#1527=ORIENTED_EDGE('',*,*,#2307,.F.);
#1528=ORIENTED_EDGE('',*,*,#2308,.T.);
#1529=ORIENTED_EDGE('',*,*,#2309,.F.);
#1530=ORIENTED_EDGE('',*,*,#2310,.F.);
#1531=ORIENTED_EDGE('',*,*,#2311,.T.);
#1532=ORIENTED_EDGE('',*,*,#2312,.F.);
#1533=ORIENTED_EDGE('',*,*,#2313,.T.);
#1534=ORIENTED_EDGE('',*,*,#2314,.F.);
#1535=ORIENTED_EDGE('',*,*,#2315,.T.);
#1536=ORIENTED_EDGE('',*,*,#2316,.F.);
#1537=ORIENTED_EDGE('',*,*,#2317,.T.);
#1538=ORIENTED_EDGE('',*,*,#2318,.F.);
#1539=ORIENTED_EDGE('',*,*,#2319,.F.);
#1540=ORIENTED_EDGE('',*,*,#2320,.F.);
#1541=ORIENTED_EDGE('',*,*,#2321,.F.);
#1542=ORIENTED_EDGE('',*,*,#2322,.F.);
#1543=ORIENTED_EDGE('',*,*,#2323,.F.);
#1544=ORIENTED_EDGE('',*,*,#2324,.F.);
#1545=ORIENTED_EDGE('',*,*,#2325,.F.);
#1546=ORIENTED_EDGE('',*,*,#2326,.F.);
#1547=ORIENTED_EDGE('',*,*,#2327,.F.);
#1548=ORIENTED_EDGE('',*,*,#2328,.F.);
#1549=ORIENTED_EDGE('',*,*,#2329,.F.);
#1550=ORIENTED_EDGE('',*,*,#2330,.F.);
#1551=ORIENTED_EDGE('',*,*,#2331,.F.);
#1552=ORIENTED_EDGE('',*,*,#2332,.T.);
#1553=ORIENTED_EDGE('',*,*,#2333,.T.);
#1554=ORIENTED_EDGE('',*,*,#2334,.T.);
#1555=ORIENTED_EDGE('',*,*,#2335,.T.);
#1556=ORIENTED_EDGE('',*,*,#2336,.T.);
#1557=ORIENTED_EDGE('',*,*,#2337,.F.);
#1558=ORIENTED_EDGE('',*,*,#2338,.F.);
#1559=ORIENTED_EDGE('',*,*,#2339,.F.);
#1560=ORIENTED_EDGE('',*,*,#2340,.F.);
#1561=ORIENTED_EDGE('',*,*,#2341,.F.);
#1562=ORIENTED_EDGE('',*,*,#2342,.F.);
#1563=ORIENTED_EDGE('',*,*,#2343,.F.);
#1564=ORIENTED_EDGE('',*,*,#2344,.F.);
#1565=ORIENTED_EDGE('',*,*,#2345,.F.);
#1566=ORIENTED_EDGE('',*,*,#2346,.F.);
#1567=ORIENTED_EDGE('',*,*,#2347,.T.);
#1568=ORIENTED_EDGE('',*,*,#2348,.T.);
#1569=ORIENTED_EDGE('',*,*,#2349,.T.);
#1570=ORIENTED_EDGE('',*,*,#2350,.T.);
#1571=ORIENTED_EDGE('',*,*,#2351,.F.);
#1572=ORIENTED_EDGE('',*,*,#2352,.T.);
#1573=ORIENTED_EDGE('',*,*,#2353,.F.);
#1574=ORIENTED_EDGE('',*,*,#2354,.T.);
#1575=ORIENTED_EDGE('',*,*,#2355,.T.);
#1576=ORIENTED_EDGE('',*,*,#2356,.T.);
#1577=ORIENTED_EDGE('',*,*,#2357,.F.);
#1578=ORIENTED_EDGE('',*,*,#2358,.F.);
#1579=ORIENTED_EDGE('',*,*,#2359,.F.);
#1580=ORIENTED_EDGE('',*,*,#2360,.F.);
#1581=ORIENTED_EDGE('',*,*,#2361,.F.);
#1582=ORIENTED_EDGE('',*,*,#2362,.T.);
#1583=ORIENTED_EDGE('',*,*,#2363,.T.);
#1584=ORIENTED_EDGE('',*,*,#2364,.T.);
#1585=ORIENTED_EDGE('',*,*,#2353,.T.);
#1586=ORIENTED_EDGE('',*,*,#2365,.T.);
#1587=ORIENTED_EDGE('',*,*,#2293,.F.);
#1588=ORIENTED_EDGE('',*,*,#2366,.T.);
#1589=ORIENTED_EDGE('',*,*,#2291,.T.);
#1590=ORIENTED_EDGE('',*,*,#2367,.T.);
#1591=ORIENTED_EDGE('',*,*,#2347,.F.);
#1592=ORIENTED_EDGE('',*,*,#2368,.T.);
#1593=ORIENTED_EDGE('',*,*,#2349,.F.);
#1594=ORIENTED_EDGE('',*,*,#2369,.T.);
#1595=ORIENTED_EDGE('',*,*,#2289,.T.);
#1596=ORIENTED_EDGE('',*,*,#2370,.T.);
#1597=ORIENTED_EDGE('',*,*,#2351,.T.);
#1598=ORIENTED_EDGE('',*,*,#2371,.T.);
#1599=ORIENTED_EDGE('',*,*,#2295,.F.);
#1600=ORIENTED_EDGE('',*,*,#2372,.T.);
#1601=ORIENTED_EDGE('',*,*,#2373,.F.);
#1602=ORIENTED_EDGE('',*,*,#2346,.T.);
#1603=ORIENTED_EDGE('',*,*,#2374,.F.);
#1604=ORIENTED_EDGE('',*,*,#2375,.T.);
#1605=ORIENTED_EDGE('',*,*,#2376,.F.);
#1606=ORIENTED_EDGE('',*,*,#2377,.T.);
#1607=ORIENTED_EDGE('',*,*,#2378,.F.);
#1608=ORIENTED_EDGE('',*,*,#2373,.T.);
#1609=ORIENTED_EDGE('',*,*,#2379,.F.);
#1610=ORIENTED_EDGE('',*,*,#2345,.T.);
#1611=ORIENTED_EDGE('',*,*,#2380,.F.);
#1612=ORIENTED_EDGE('',*,*,#2381,.T.);
#1613=ORIENTED_EDGE('',*,*,#2382,.F.);
#1614=ORIENTED_EDGE('',*,*,#2383,.T.);
#1615=ORIENTED_EDGE('',*,*,#2384,.F.);
#1616=ORIENTED_EDGE('',*,*,#2379,.T.);
#1617=ORIENTED_EDGE('',*,*,#2385,.F.);
#1618=ORIENTED_EDGE('',*,*,#2344,.T.);
#1619=ORIENTED_EDGE('',*,*,#2386,.F.);
#1620=ORIENTED_EDGE('',*,*,#2387,.T.);
#1621=ORIENTED_EDGE('',*,*,#2388,.F.);
#1622=ORIENTED_EDGE('',*,*,#2389,.T.);
#1623=ORIENTED_EDGE('',*,*,#2390,.F.);
#1624=ORIENTED_EDGE('',*,*,#2385,.T.);
#1625=ORIENTED_EDGE('',*,*,#2391,.F.);
#1626=ORIENTED_EDGE('',*,*,#2343,.T.);
#1627=ORIENTED_EDGE('',*,*,#2392,.T.);
#1628=ORIENTED_EDGE('',*,*,#2393,.T.);
#1629=ORIENTED_EDGE('',*,*,#2394,.F.);
#1630=ORIENTED_EDGE('',*,*,#2395,.T.);
#1631=ORIENTED_EDGE('',*,*,#2396,.F.);
#1632=ORIENTED_EDGE('',*,*,#2391,.T.);
#1633=ORIENTED_EDGE('',*,*,#2397,.F.);
#1634=ORIENTED_EDGE('',*,*,#2342,.T.);
#1635=ORIENTED_EDGE('',*,*,#2398,.T.);
#1636=ORIENTED_EDGE('',*,*,#2399,.T.);
#1637=ORIENTED_EDGE('',*,*,#2400,.F.);
#1638=ORIENTED_EDGE('',*,*,#2401,.T.);
#1639=ORIENTED_EDGE('',*,*,#2402,.F.);
#1640=ORIENTED_EDGE('',*,*,#2397,.T.);
#1641=ORIENTED_EDGE('',*,*,#2403,.F.);
#1642=ORIENTED_EDGE('',*,*,#2341,.T.);
#1643=ORIENTED_EDGE('',*,*,#2404,.F.);
#1644=ORIENTED_EDGE('',*,*,#2405,.F.);
#1645=ORIENTED_EDGE('',*,*,#2406,.T.);
#1646=ORIENTED_EDGE('',*,*,#2407,.T.);
#1647=ORIENTED_EDGE('',*,*,#2408,.F.);
#1648=ORIENTED_EDGE('',*,*,#2403,.T.);
#1649=ORIENTED_EDGE('',*,*,#2409,.F.);
#1650=ORIENTED_EDGE('',*,*,#2340,.T.);
#1651=ORIENTED_EDGE('',*,*,#2410,.F.);
#1652=ORIENTED_EDGE('',*,*,#2411,.F.);
#1653=ORIENTED_EDGE('',*,*,#2412,.T.);
#1654=ORIENTED_EDGE('',*,*,#2413,.T.);
#1655=ORIENTED_EDGE('',*,*,#2414,.F.);
#1656=ORIENTED_EDGE('',*,*,#2409,.T.);
#1657=ORIENTED_EDGE('',*,*,#2415,.F.);
#1658=ORIENTED_EDGE('',*,*,#2339,.T.);
#1659=ORIENTED_EDGE('',*,*,#2416,.F.);
#1660=ORIENTED_EDGE('',*,*,#2417,.T.);
#1661=ORIENTED_EDGE('',*,*,#2418,.T.);
#1662=ORIENTED_EDGE('',*,*,#2419,.F.);
#1663=ORIENTED_EDGE('',*,*,#2420,.F.);
#1664=ORIENTED_EDGE('',*,*,#2415,.T.);
#1665=ORIENTED_EDGE('',*,*,#2421,.F.);
#1666=ORIENTED_EDGE('',*,*,#2338,.T.);
#1667=ORIENTED_EDGE('',*,*,#2422,.T.);
#1668=ORIENTED_EDGE('',*,*,#2423,.T.);
#1669=ORIENTED_EDGE('',*,*,#2424,.F.);
#1670=ORIENTED_EDGE('',*,*,#2425,.T.);
#1671=ORIENTED_EDGE('',*,*,#2426,.F.);
#1672=ORIENTED_EDGE('',*,*,#2421,.T.);
#1673=ORIENTED_EDGE('',*,*,#2304,.T.);
#1674=ORIENTED_EDGE('',*,*,#2427,.T.);
#1675=ORIENTED_EDGE('',*,*,#2422,.F.);
#1676=ORIENTED_EDGE('',*,*,#2428,.F.);
#1677=ORIENTED_EDGE('',*,*,#2305,.T.);
#1678=ORIENTED_EDGE('',*,*,#2428,.T.);
#1679=ORIENTED_EDGE('',*,*,#2425,.F.);
#1680=ORIENTED_EDGE('',*,*,#2429,.F.);
#1681=ORIENTED_EDGE('',*,*,#2429,.T.);
#1682=ORIENTED_EDGE('',*,*,#2424,.T.);
#1683=ORIENTED_EDGE('',*,*,#2430,.F.);
#1684=ORIENTED_EDGE('',*,*,#2306,.F.);
#1685=ORIENTED_EDGE('',*,*,#2307,.T.);
#1686=ORIENTED_EDGE('',*,*,#2430,.T.);
#1687=ORIENTED_EDGE('',*,*,#2423,.F.);
#1688=ORIENTED_EDGE('',*,*,#2427,.F.);
#1689=ORIENTED_EDGE('',*,*,#2426,.T.);
#1690=ORIENTED_EDGE('',*,*,#2279,.F.);
#1691=ORIENTED_EDGE('',*,*,#2280,.T.);
#1692=ORIENTED_EDGE('',*,*,#2431,.T.);
#1693=ORIENTED_EDGE('',*,*,#2417,.F.);
#1694=ORIENTED_EDGE('',*,*,#2432,.F.);
#1695=ORIENTED_EDGE('',*,*,#2432,.T.);
#1696=ORIENTED_EDGE('',*,*,#2416,.T.);
#1697=ORIENTED_EDGE('',*,*,#2433,.F.);
#1698=ORIENTED_EDGE('',*,*,#2281,.F.);
#1699=ORIENTED_EDGE('',*,*,#2433,.T.);
#1700=ORIENTED_EDGE('',*,*,#2419,.T.);
#1701=ORIENTED_EDGE('',*,*,#2434,.F.);
#1702=ORIENTED_EDGE('',*,*,#2282,.F.);
#1703=ORIENTED_EDGE('',*,*,#2283,.T.);
#1704=ORIENTED_EDGE('',*,*,#2434,.T.);
#1705=ORIENTED_EDGE('',*,*,#2418,.F.);
#1706=ORIENTED_EDGE('',*,*,#2431,.F.);
#1707=ORIENTED_EDGE('',*,*,#2420,.T.);
#1708=ORIENTED_EDGE('',*,*,#2303,.F.);
#1709=ORIENTED_EDGE('',*,*,#2414,.T.);
#1710=ORIENTED_EDGE('',*,*,#2288,.F.);
#1711=ORIENTED_EDGE('',*,*,#2435,.T.);
#1712=ORIENTED_EDGE('',*,*,#2411,.T.);
#1713=ORIENTED_EDGE('',*,*,#2436,.F.);
#1714=ORIENTED_EDGE('',*,*,#2285,.F.);
#1715=ORIENTED_EDGE('',*,*,#2436,.T.);
#1716=ORIENTED_EDGE('',*,*,#2410,.T.);
#1717=ORIENTED_EDGE('',*,*,#2437,.F.);
#1718=ORIENTED_EDGE('',*,*,#2286,.F.);
#1719=ORIENTED_EDGE('',*,*,#2287,.T.);
#1720=ORIENTED_EDGE('',*,*,#2437,.T.);
#1721=ORIENTED_EDGE('',*,*,#2413,.F.);
#1722=ORIENTED_EDGE('',*,*,#2438,.F.);
#1723=ORIENTED_EDGE('',*,*,#2284,.T.);
#1724=ORIENTED_EDGE('',*,*,#2438,.T.);
#1725=ORIENTED_EDGE('',*,*,#2412,.F.);
#1726=ORIENTED_EDGE('',*,*,#2435,.F.);
#1727=ORIENTED_EDGE('',*,*,#2408,.T.);
#1728=ORIENTED_EDGE('',*,*,#2298,.F.);
#1729=ORIENTED_EDGE('',*,*,#2439,.T.);
#1730=ORIENTED_EDGE('',*,*,#2405,.T.);
#1731=ORIENTED_EDGE('',*,*,#2440,.F.);
#1732=ORIENTED_EDGE('',*,*,#2271,.F.);
#1733=ORIENTED_EDGE('',*,*,#2440,.T.);
#1734=ORIENTED_EDGE('',*,*,#2404,.T.);
#1735=ORIENTED_EDGE('',*,*,#2441,.F.);
#1736=ORIENTED_EDGE('',*,*,#2272,.F.);
#1737=ORIENTED_EDGE('',*,*,#2273,.T.);
#1738=ORIENTED_EDGE('',*,*,#2441,.T.);
#1739=ORIENTED_EDGE('',*,*,#2407,.F.);
#1740=ORIENTED_EDGE('',*,*,#2442,.F.);
#1741=ORIENTED_EDGE('',*,*,#2270,.T.);
#1742=ORIENTED_EDGE('',*,*,#2442,.T.);
#1743=ORIENTED_EDGE('',*,*,#2406,.F.);
#1744=ORIENTED_EDGE('',*,*,#2439,.F.);
#1745=ORIENTED_EDGE('',*,*,#2309,.T.);
#1746=ORIENTED_EDGE('',*,*,#2443,.T.);
#1747=ORIENTED_EDGE('',*,*,#2398,.F.);
#1748=ORIENTED_EDGE('',*,*,#2444,.F.);
#1749=ORIENTED_EDGE('',*,*,#2310,.T.);
#1750=ORIENTED_EDGE('',*,*,#2444,.T.);
#1751=ORIENTED_EDGE('',*,*,#2401,.F.);
#1752=ORIENTED_EDGE('',*,*,#2445,.F.);
#1753=ORIENTED_EDGE('',*,*,#2445,.T.);
#1754=ORIENTED_EDGE('',*,*,#2400,.T.);
#1755=ORIENTED_EDGE('',*,*,#2446,.F.);
#1756=ORIENTED_EDGE('',*,*,#2311,.F.);
#1757=ORIENTED_EDGE('',*,*,#2312,.T.);
#1758=ORIENTED_EDGE('',*,*,#2446,.T.);
#1759=ORIENTED_EDGE('',*,*,#2399,.F.);
#1760=ORIENTED_EDGE('',*,*,#2443,.F.);
#1761=ORIENTED_EDGE('',*,*,#2402,.T.);
#1762=ORIENTED_EDGE('',*,*,#2274,.F.);
#1763=ORIENTED_EDGE('',*,*,#2299,.T.);
#1764=ORIENTED_EDGE('',*,*,#2447,.T.);
#1765=ORIENTED_EDGE('',*,*,#2392,.F.);
#1766=ORIENTED_EDGE('',*,*,#2448,.F.);
#1767=ORIENTED_EDGE('',*,*,#2300,.T.);
#1768=ORIENTED_EDGE('',*,*,#2448,.T.);
#1769=ORIENTED_EDGE('',*,*,#2395,.F.);
#1770=ORIENTED_EDGE('',*,*,#2449,.F.);
#1771=ORIENTED_EDGE('',*,*,#2449,.T.);
#1772=ORIENTED_EDGE('',*,*,#2394,.T.);
#1773=ORIENTED_EDGE('',*,*,#2450,.F.);
#1774=ORIENTED_EDGE('',*,*,#2301,.F.);
#1775=ORIENTED_EDGE('',*,*,#2302,.T.);
#1776=ORIENTED_EDGE('',*,*,#2450,.T.);
#1777=ORIENTED_EDGE('',*,*,#2393,.F.);
#1778=ORIENTED_EDGE('',*,*,#2447,.F.);
#1779=ORIENTED_EDGE('',*,*,#2396,.T.);
#1780=ORIENTED_EDGE('',*,*,#2269,.F.);
#1781=ORIENTED_EDGE('',*,*,#2265,.T.);
#1782=ORIENTED_EDGE('',*,*,#2451,.T.);
#1783=ORIENTED_EDGE('',*,*,#2387,.F.);
#1784=ORIENTED_EDGE('',*,*,#2452,.F.);
#1785=ORIENTED_EDGE('',*,*,#2452,.T.);
#1786=ORIENTED_EDGE('',*,*,#2386,.T.);
#1787=ORIENTED_EDGE('',*,*,#2453,.F.);
#1788=ORIENTED_EDGE('',*,*,#2266,.F.);
#1789=ORIENTED_EDGE('',*,*,#2267,.T.);
#1790=ORIENTED_EDGE('',*,*,#2453,.T.);
#1791=ORIENTED_EDGE('',*,*,#2389,.F.);
#1792=ORIENTED_EDGE('',*,*,#2454,.F.);
#1793=ORIENTED_EDGE('',*,*,#2454,.T.);
#1794=ORIENTED_EDGE('',*,*,#2388,.T.);
#1795=ORIENTED_EDGE('',*,*,#2451,.F.);
#1796=ORIENTED_EDGE('',*,*,#2268,.F.);
#1797=ORIENTED_EDGE('',*,*,#2390,.T.);
#1798=ORIENTED_EDGE('',*,*,#2313,.F.);
#1799=ORIENTED_EDGE('',*,*,#2384,.T.);
#1800=ORIENTED_EDGE('',*,*,#2308,.F.);
#1801=ORIENTED_EDGE('',*,*,#2314,.T.);
#1802=ORIENTED_EDGE('',*,*,#2455,.T.);
#1803=ORIENTED_EDGE('',*,*,#2381,.F.);
#1804=ORIENTED_EDGE('',*,*,#2456,.F.);
#1805=ORIENTED_EDGE('',*,*,#2456,.T.);
#1806=ORIENTED_EDGE('',*,*,#2380,.T.);
#1807=ORIENTED_EDGE('',*,*,#2457,.F.);
#1808=ORIENTED_EDGE('',*,*,#2315,.F.);
#1809=ORIENTED_EDGE('',*,*,#2316,.T.);
#1810=ORIENTED_EDGE('',*,*,#2457,.T.);
#1811=ORIENTED_EDGE('',*,*,#2383,.F.);
#1812=ORIENTED_EDGE('',*,*,#2458,.F.);
#1813=ORIENTED_EDGE('',*,*,#2458,.T.);
#1814=ORIENTED_EDGE('',*,*,#2382,.T.);
#1815=ORIENTED_EDGE('',*,*,#2455,.F.);
#1816=ORIENTED_EDGE('',*,*,#2317,.F.);
#1817=ORIENTED_EDGE('',*,*,#2378,.T.);
#1818=ORIENTED_EDGE('',*,*,#2297,.F.);
#1819=ORIENTED_EDGE('',*,*,#2275,.T.);
#1820=ORIENTED_EDGE('',*,*,#2459,.T.);
#1821=ORIENTED_EDGE('',*,*,#2375,.F.);
#1822=ORIENTED_EDGE('',*,*,#2460,.F.);
#1823=ORIENTED_EDGE('',*,*,#2460,.T.);
#1824=ORIENTED_EDGE('',*,*,#2374,.T.);
#1825=ORIENTED_EDGE('',*,*,#2461,.F.);
#1826=ORIENTED_EDGE('',*,*,#2276,.F.);
#1827=ORIENTED_EDGE('',*,*,#2277,.T.);
#1828=ORIENTED_EDGE('',*,*,#2461,.T.);
#1829=ORIENTED_EDGE('',*,*,#2377,.F.);
#1830=ORIENTED_EDGE('',*,*,#2462,.F.);
#1831=ORIENTED_EDGE('',*,*,#2462,.T.);
#1832=ORIENTED_EDGE('',*,*,#2376,.T.);
#1833=ORIENTED_EDGE('',*,*,#2459,.F.);
#1834=ORIENTED_EDGE('',*,*,#2278,.F.);
#1835=ORIENTED_EDGE('',*,*,#2337,.T.);
#1836=ORIENTED_EDGE('',*,*,#2264,.F.);
#1837=ORIENTED_EDGE('',*,*,#2336,.F.);
#1838=ORIENTED_EDGE('',*,*,#2318,.T.);
#1839=ORIENTED_EDGE('',*,*,#2355,.F.);
#1840=ORIENTED_EDGE('',*,*,#2319,.T.);
#1841=ORIENTED_EDGE('',*,*,#2335,.F.);
#1842=ORIENTED_EDGE('',*,*,#2320,.T.);
#1843=ORIENTED_EDGE('',*,*,#2356,.F.);
#1844=ORIENTED_EDGE('',*,*,#2321,.T.);
#1845=ORIENTED_EDGE('',*,*,#2334,.F.);
#1846=ORIENTED_EDGE('',*,*,#2322,.T.);
#1847=ORIENTED_EDGE('',*,*,#2357,.T.);
#1848=ORIENTED_EDGE('',*,*,#2263,.F.);
#1849=ORIENTED_EDGE('',*,*,#2358,.T.);
#1850=ORIENTED_EDGE('',*,*,#2262,.F.);
#1851=ORIENTED_EDGE('',*,*,#2359,.T.);
#1852=ORIENTED_EDGE('',*,*,#2261,.F.);
#1853=ORIENTED_EDGE('',*,*,#2360,.T.);
#1854=ORIENTED_EDGE('',*,*,#2260,.F.);
#1855=ORIENTED_EDGE('',*,*,#2361,.T.);
#1856=ORIENTED_EDGE('',*,*,#2259,.F.);
#1857=ORIENTED_EDGE('',*,*,#2362,.F.);
#1858=ORIENTED_EDGE('',*,*,#2323,.T.);
#1859=ORIENTED_EDGE('',*,*,#2333,.F.);
#1860=ORIENTED_EDGE('',*,*,#2324,.T.);
#1861=ORIENTED_EDGE('',*,*,#2363,.F.);
#1862=ORIENTED_EDGE('',*,*,#2325,.T.);
#1863=ORIENTED_EDGE('',*,*,#2332,.F.);
#1864=ORIENTED_EDGE('',*,*,#2326,.T.);
#1865=ORIENTED_EDGE('',*,*,#2364,.F.);
#1866=ORIENTED_EDGE('',*,*,#2327,.T.);
#1867=ORIENTED_EDGE('',*,*,#2331,.T.);
#1868=ORIENTED_EDGE('',*,*,#2258,.F.);
#1869=ORIENTED_EDGE('',*,*,#2330,.T.);
#1870=ORIENTED_EDGE('',*,*,#2257,.F.);
#1871=ORIENTED_EDGE('',*,*,#2329,.T.);
#1872=ORIENTED_EDGE('',*,*,#2256,.F.);
#1873=ORIENTED_EDGE('',*,*,#2328,.T.);
#1874=ORIENTED_EDGE('',*,*,#2255,.F.);
#1875=ORIENTED_EDGE('',*,*,#2348,.F.);
#1876=ORIENTED_EDGE('',*,*,#2367,.F.);
#1877=ORIENTED_EDGE('',*,*,#2290,.F.);
#1878=ORIENTED_EDGE('',*,*,#2369,.F.);
#1879=ORIENTED_EDGE('',*,*,#2350,.F.);
#1880=ORIENTED_EDGE('',*,*,#2370,.F.);
#1881=ORIENTED_EDGE('',*,*,#2296,.F.);
#1882=ORIENTED_EDGE('',*,*,#2371,.F.);
#1883=ORIENTED_EDGE('',*,*,#2352,.F.);
#1884=ORIENTED_EDGE('',*,*,#2372,.F.);
#1885=ORIENTED_EDGE('',*,*,#2294,.F.);
#1886=ORIENTED_EDGE('',*,*,#2365,.F.);
#1887=ORIENTED_EDGE('',*,*,#2354,.F.);
#1888=ORIENTED_EDGE('',*,*,#2366,.F.);
#1889=ORIENTED_EDGE('',*,*,#2292,.F.);
#1890=ORIENTED_EDGE('',*,*,#2368,.F.);
#1891=EDGE_CURVE('',#2463,#2463,#2915,.F.);
#1892=EDGE_CURVE('',#2464,#2464,#2916,.F.);
#1893=EDGE_CURVE('',#2465,#2465,#2917,.F.);
#1894=EDGE_CURVE('',#2466,#2466,#2918,.F.);
#1895=EDGE_CURVE('',#2467,#2467,#2919,.F.);
#1896=EDGE_CURVE('',#2468,#2468,#2920,.F.);
#1897=EDGE_CURVE('',#2469,#2469,#2921,.F.);
#1898=EDGE_CURVE('',#2470,#2470,#2922,.F.);
#1899=EDGE_CURVE('',#2471,#2471,#2923,.F.);
#1900=EDGE_CURVE('',#2472,#2472,#2924,.F.);
#1901=EDGE_CURVE('',#2473,#2474,#179,.T.);
#1902=EDGE_CURVE('',#2473,#2475,#2925,.F.);
#1903=EDGE_CURVE('',#2476,#2475,#180,.T.);
#1904=EDGE_CURVE('',#2476,#2477,#2926,.F.);
#1905=EDGE_CURVE('',#2477,#2478,#181,.T.);
#1906=EDGE_CURVE('',#2478,#2479,#2927,.F.);
#1907=EDGE_CURVE('',#2479,#2480,#182,.T.);
#1908=EDGE_CURVE('',#2480,#2474,#2928,.F.);
#1909=EDGE_CURVE('',#2481,#2481,#2929,.T.);
#1910=EDGE_CURVE('',#2482,#2482,#2930,.T.);
#1911=EDGE_CURVE('',#2483,#2483,#2931,.T.);
#1912=EDGE_CURVE('',#2484,#2484,#2932,.T.);
#1913=EDGE_CURVE('',#2485,#2485,#2933,.T.);
#1914=EDGE_CURVE('',#2486,#2486,#2934,.T.);
#1915=EDGE_CURVE('',#2487,#2487,#2935,.T.);
#1916=EDGE_CURVE('',#2488,#2488,#2936,.T.);
#1917=EDGE_CURVE('',#2489,#2489,#2937,.T.);
#1918=EDGE_CURVE('',#2490,#2490,#2938,.T.);
#1919=EDGE_CURVE('',#2491,#2491,#2939,.T.);
#1920=EDGE_CURVE('',#2492,#2492,#2940,.T.);
#1921=EDGE_CURVE('',#2493,#2493,#2941,.T.);
#1922=EDGE_CURVE('',#2494,#2494,#2942,.T.);
#1923=EDGE_CURVE('',#2495,#2495,#2943,.F.);
#1924=EDGE_CURVE('',#2496,#2496,#2944,.F.);
#1925=EDGE_CURVE('',#2497,#2497,#2945,.F.);
#1926=EDGE_CURVE('',#2498,#2498,#2946,.F.);
#1927=EDGE_CURVE('',#2499,#2499,#2947,.F.);
#1928=EDGE_CURVE('',#2500,#2500,#2948,.T.);
#1929=EDGE_CURVE('',#2501,#2502,#183,.T.);
#1930=EDGE_CURVE('',#2502,#2503,#2949,.T.);
#1931=EDGE_CURVE('',#2503,#2504,#184,.T.);
#1932=EDGE_CURVE('',#2504,#2505,#2950,.T.);
#1933=EDGE_CURVE('',#2506,#2505,#185,.T.);
#1934=EDGE_CURVE('',#2506,#2507,#2951,.T.);
#1935=EDGE_CURVE('',#2508,#2507,#186,.T.);
#1936=EDGE_CURVE('',#2508,#2501,#2952,.T.);
#1937=EDGE_CURVE('',#2509,#2509,#2953,.F.);
#1938=EDGE_CURVE('',#2510,#2510,#2954,.F.);
#1939=EDGE_CURVE('',#2511,#2511,#2955,.T.);
#1940=EDGE_CURVE('',#2512,#2512,#2956,.T.);
#1941=EDGE_CURVE('',#2513,#2513,#2957,.T.);
#1942=EDGE_CURVE('',#2514,#2514,#2958,.T.);
#1943=EDGE_CURVE('',#2515,#2515,#2959,.T.);
#1944=EDGE_CURVE('',#2516,#2516,#2960,.F.);
#1945=EDGE_CURVE('',#2517,#2517,#2961,.F.);
#1946=EDGE_CURVE('',#2518,#2518,#2962,.F.);
#1947=EDGE_CURVE('',#2507,#2478,#187,.F.);
#1948=EDGE_CURVE('',#2477,#2508,#188,.T.);
#1949=EDGE_CURVE('',#2475,#2502,#189,.T.);
#1950=EDGE_CURVE('',#2501,#2476,#190,.F.);
#1951=EDGE_CURVE('',#2503,#2473,#191,.F.);
#1952=EDGE_CURVE('',#2474,#2504,#192,.T.);
#1953=EDGE_CURVE('',#2505,#2480,#193,.F.);
#1954=EDGE_CURVE('',#2479,#2506,#194,.T.);
#1955=EDGE_CURVE('',#2519,#2519,#2963,.T.);
#1956=EDGE_CURVE('',#2520,#2520,#2964,.T.);
#1957=EDGE_CURVE('',#2521,#2521,#2965,.T.);
#1958=EDGE_CURVE('',#2522,#2522,#2966,.T.);
#1959=EDGE_CURVE('',#2523,#2523,#2967,.T.);
#1960=EDGE_CURVE('',#2524,#2524,#2968,.T.);
#1961=EDGE_CURVE('',#2525,#2525,#2969,.T.);
#1962=EDGE_CURVE('',#2526,#2526,#2970,.T.);
#1963=EDGE_CURVE('',#2527,#2527,#2971,.T.);
#1964=EDGE_CURVE('',#2528,#2528,#2972,.F.);
#1965=EDGE_CURVE('',#2529,#2530,#195,.T.);
#1966=EDGE_CURVE('',#2529,#2531,#196,.T.);
#1967=EDGE_CURVE('',#2532,#2531,#197,.T.);
#1968=EDGE_CURVE('',#2530,#2532,#198,.T.);
#1969=EDGE_CURVE('',#2529,#2533,#199,.T.);
#1970=EDGE_CURVE('',#2530,#2534,#200,.T.);
#1971=EDGE_CURVE('',#2534,#2533,#201,.T.);
#1972=EDGE_CURVE('',#2534,#2535,#2973,.F.);
#1973=EDGE_CURVE('',#2536,#2535,#202,.F.);
#1974=EDGE_CURVE('',#2533,#2536,#2974,.F.);
#1975=EDGE_CURVE('',#2532,#2537,#203,.T.);
#1976=EDGE_CURVE('',#2531,#2538,#204,.T.);
#1977=EDGE_CURVE('',#2538,#2537,#205,.T.);
#1978=EDGE_CURVE('',#2539,#2540,#206,.T.);
#1979=EDGE_CURVE('',#2537,#2539,#207,.T.);
#1980=EDGE_CURVE('',#2538,#2540,#208,.T.);
#1981=EDGE_CURVE('',#2541,#2542,#209,.T.);
#1982=EDGE_CURVE('',#2536,#2541,#210,.T.);
#1983=EDGE_CURVE('',#2535,#2542,#211,.T.);
#1984=EDGE_CURVE('',#2542,#2539,#212,.T.);
#1985=EDGE_CURVE('',#2541,#2540,#213,.T.);
#1986=EDGE_CURVE('',#2543,#2543,#2975,.T.);
#1987=EDGE_CURVE('',#2544,#2544,#2976,.T.);
#1988=EDGE_CURVE('',#2545,#2545,#2977,.T.);
#1989=EDGE_CURVE('',#2546,#2546,#2978,.T.);
#1990=EDGE_CURVE('',#2547,#2547,#2979,.T.);
#1991=EDGE_CURVE('',#2548,#2549,#214,.T.);
#1992=EDGE_CURVE('',#2548,#2550,#215,.T.);
#1993=EDGE_CURVE('',#2550,#2551,#2980,.F.);
#1994=EDGE_CURVE('',#2551,#2552,#216,.T.);
#1995=EDGE_CURVE('',#2553,#2552,#217,.T.);
#1996=EDGE_CURVE('',#2553,#2554,#218,.T.);
#1997=EDGE_CURVE('',#2549,#2554,#219,.T.);
#1998=EDGE_CURVE('',#2555,#2555,#2981,.F.);
#1999=EDGE_CURVE('',#2556,#2557,#220,.T.);
#2000=EDGE_CURVE('',#2556,#2558,#221,.T.);
#2001=EDGE_CURVE('',#2558,#2559,#222,.T.);
#2002=EDGE_CURVE('',#2560,#2559,#223,.T.);
#2003=EDGE_CURVE('',#2560,#2561,#224,.T.);
#2004=EDGE_CURVE('',#2562,#2561,#225,.T.);
#2005=EDGE_CURVE('',#2557,#2562,#2982,.F.);
#2006=EDGE_CURVE('',#2548,#2556,#226,.T.);
#2007=EDGE_CURVE('',#2557,#2550,#227,.T.);
#2008=EDGE_CURVE('',#2558,#2549,#228,.T.);
#2009=EDGE_CURVE('',#2554,#2559,#229,.T.);
#2010=EDGE_CURVE('',#2561,#2552,#230,.T.);
#2011=EDGE_CURVE('',#2551,#2562,#231,.F.);
#2012=EDGE_CURVE('',#2560,#2553,#232,.T.);
#2013=EDGE_CURVE('',#2563,#2563,#2983,.T.);
#2014=EDGE_CURVE('',#2564,#2564,#2984,.T.);
#2015=EDGE_CURVE('',#2565,#2565,#2985,.T.);
#2016=EDGE_CURVE('',#2566,#2566,#2986,.T.);
#2017=EDGE_CURVE('',#2567,#2568,#233,.T.);
#2018=EDGE_CURVE('',#2568,#2569,#234,.T.);
#2019=EDGE_CURVE('',#2570,#2569,#235,.T.);
#2020=EDGE_CURVE('',#2570,#2567,#236,.F.);
#2021=EDGE_CURVE('',#2571,#2572,#237,.T.);
#2022=EDGE_CURVE('',#2572,#2573,#238,.T.);
#2023=EDGE_CURVE('',#2574,#2573,#239,.T.);
#2024=EDGE_CURVE('',#2571,#2574,#240,.T.);
#2025=EDGE_CURVE('',#2575,#2575,#2987,.F.);
#2026=EDGE_CURVE('',#2573,#2568,#241,.T.);
#2027=EDGE_CURVE('',#2576,#2567,#2988,.F.);
#2028=EDGE_CURVE('',#2577,#2576,#242,.T.);
#2029=EDGE_CURVE('',#2578,#2577,#243,.T.);
#2030=EDGE_CURVE('',#2574,#2578,#244,.T.);
#2031=EDGE_CURVE('',#2579,#2579,#2989,.T.);
#2032=EDGE_CURVE('',#2580,#2580,#2990,.T.);
#2033=EDGE_CURVE('',#2581,#2581,#2991,.T.);
#2034=EDGE_CURVE('',#2582,#2582,#2992,.T.);
#2035=EDGE_CURVE('',#2583,#2583,#2993,.T.);
#2036=EDGE_CURVE('',#2572,#2569,#245,.T.);
#2037=EDGE_CURVE('',#2571,#2584,#246,.T.);
#2038=EDGE_CURVE('',#2584,#2585,#247,.T.);
#2039=EDGE_CURVE('',#2585,#2586,#248,.T.);
#2040=EDGE_CURVE('',#2586,#2570,#2994,.F.);
#2041=EDGE_CURVE('',#2587,#2587,#2995,.T.);
#2042=EDGE_CURVE('',#2588,#2588,#2996,.T.);
#2043=EDGE_CURVE('',#2589,#2589,#2997,.T.);
#2044=EDGE_CURVE('',#2590,#2590,#2998,.T.);
#2045=EDGE_CURVE('',#2576,#2586,#249,.T.);
#2046=EDGE_CURVE('',#2578,#2584,#250,.T.);
#2047=EDGE_CURVE('',#2577,#2585,#251,.T.);
#2048=EDGE_CURVE('',#2591,#2591,#2999,.T.);
#2049=EDGE_CURVE('',#2592,#2592,#3000,.T.);
#2050=EDGE_CURVE('',#2593,#2593,#3001,.T.);
#2051=EDGE_CURVE('',#2594,#2594,#3002,.T.);
#2052=EDGE_CURVE('',#2595,#2596,#252,.T.);
#2053=EDGE_CURVE('',#2597,#2595,#253,.T.);
#2054=EDGE_CURVE('',#2598,#2597,#254,.T.);
#2055=EDGE_CURVE('',#2598,#2596,#255,.T.);
#2056=EDGE_CURVE('',#2599,#2600,#256,.T.);
#2057=EDGE_CURVE('',#2600,#2595,#257,.T.);
#2058=EDGE_CURVE('',#2599,#2596,#258,.T.);
#2059=EDGE_CURVE('',#2601,#2599,#259,.T.);
#2060=EDGE_CURVE('',#2601,#2602,#260,.F.);
#2061=EDGE_CURVE('',#2602,#2600,#261,.T.);
#2062=EDGE_CURVE('',#2603,#2604,#262,.T.);
#2063=EDGE_CURVE('',#2603,#2602,#3003,.F.);
#2064=EDGE_CURVE('',#2604,#2601,#3004,.F.);
#2065=EDGE_CURVE('',#2605,#2605,#3005,.T.);
#2066=EDGE_CURVE('',#2606,#2606,#3006,.T.);
#2067=EDGE_CURVE('',#2607,#2607,#3007,.T.);
#2068=EDGE_CURVE('',#2608,#2608,#3008,.T.);
#2069=EDGE_CURVE('',#2609,#2609,#3009,.T.);
#2070=EDGE_CURVE('',#2610,#2610,#3010,.F.);
#2071=EDGE_CURVE('',#2611,#2612,#263,.T.);
#2072=EDGE_CURVE('',#2611,#2597,#264,.T.);
#2073=EDGE_CURVE('',#2612,#2603,#265,.T.);
#2074=EDGE_CURVE('',#2613,#2598,#266,.T.);
#2075=EDGE_CURVE('',#2613,#2614,#267,.T.);
#2076=EDGE_CURVE('',#2614,#2604,#268,.T.);
#2077=EDGE_CURVE('',#2613,#2611,#269,.T.);
#2078=EDGE_CURVE('',#2612,#2614,#270,.T.);
#2079=EDGE_CURVE('',#2615,#2615,#3011,.T.);
#2080=EDGE_CURVE('',#2616,#2616,#3012,.F.);
#2081=EDGE_CURVE('',#2617,#2617,#3013,.T.);
#2082=EDGE_CURVE('',#2618,#2618,#3014,.F.);
#2083=EDGE_CURVE('',#2619,#2619,#3015,.T.);
#2084=EDGE_CURVE('',#2620,#2620,#3016,.F.);
#2085=EDGE_CURVE('',#2621,#2621,#3017,.T.);
#2086=EDGE_CURVE('',#2622,#2622,#3018,.F.);
#2087=EDGE_CURVE('',#2623,#2624,#3019,.F.);
#2088=EDGE_CURVE('',#2625,#2623,#271,.T.);
#2089=EDGE_CURVE('',#2626,#2625,#3020,.T.);
#2090=EDGE_CURVE('',#2624,#2626,#272,.F.);
#2091=EDGE_CURVE('',#2627,#2628,#3021,.F.);
#2092=EDGE_CURVE('',#2629,#2627,#273,.T.);
#2093=EDGE_CURVE('',#2630,#2629,#3022,.T.);
#2094=EDGE_CURVE('',#2628,#2630,#274,.F.);
#2095=EDGE_CURVE('',#2631,#2632,#3023,.F.);
#2096=EDGE_CURVE('',#2633,#2631,#275,.T.);
#2097=EDGE_CURVE('',#2634,#2633,#3024,.T.);
#2098=EDGE_CURVE('',#2632,#2634,#276,.F.);
#2099=EDGE_CURVE('',#2635,#2636,#3025,.F.);
#2100=EDGE_CURVE('',#2637,#2635,#277,.T.);
#2101=EDGE_CURVE('',#2638,#2637,#3026,.T.);
#2102=EDGE_CURVE('',#2636,#2638,#278,.F.);
#2103=EDGE_CURVE('',#2636,#2631,#279,.T.);
#2104=EDGE_CURVE('',#2638,#2633,#280,.T.);
#2105=EDGE_CURVE('',#2632,#2627,#281,.T.);
#2106=EDGE_CURVE('',#2634,#2629,#282,.T.);
#2107=EDGE_CURVE('',#2628,#2623,#283,.T.);
#2108=EDGE_CURVE('',#2630,#2625,#284,.T.);
#2109=EDGE_CURVE('',#2624,#2635,#285,.T.);
#2110=EDGE_CURVE('',#2626,#2637,#286,.T.);
#2111=EDGE_CURVE('',#2639,#2640,#287,.T.);
#2112=EDGE_CURVE('',#2639,#2641,#288,.T.);
#2113=EDGE_CURVE('',#2642,#2641,#289,.T.);
#2114=EDGE_CURVE('',#2640,#2642,#290,.T.);
#2115=EDGE_CURVE('',#2643,#2643,#3027,.T.);
#2116=EDGE_CURVE('',#2644,#2644,#3028,.T.);
#2117=EDGE_CURVE('',#2645,#2645,#3029,.T.);
#2118=EDGE_CURVE('',#2646,#2646,#3030,.T.);
#2119=EDGE_CURVE('',#2647,#2639,#291,.T.);
#2120=EDGE_CURVE('',#2647,#2648,#292,.T.);
#2121=EDGE_CURVE('',#2648,#2641,#293,.T.);
#2122=EDGE_CURVE('',#2649,#2640,#294,.T.);
#2123=EDGE_CURVE('',#2647,#2649,#295,.T.);
#2124=EDGE_CURVE('',#2650,#2642,#296,.T.);
#2125=EDGE_CURVE('',#2649,#2650,#297,.T.);
#2126=EDGE_CURVE('',#2650,#2648,#298,.T.);
#2127=EDGE_CURVE('',#2651,#2651,#3031,.T.);
#2128=EDGE_CURVE('',#2652,#2652,#3032,.T.);
#2129=EDGE_CURVE('',#2653,#2653,#3033,.T.);
#2130=EDGE_CURVE('',#2654,#2654,#3034,.T.);
#2131=EDGE_CURVE('',#2655,#2656,#299,.T.);
#2132=EDGE_CURVE('',#2655,#2657,#300,.T.);
#2133=EDGE_CURVE('',#2657,#2658,#301,.T.);
#2134=EDGE_CURVE('',#2656,#2658,#302,.T.);
#2135=EDGE_CURVE('',#2659,#2659,#3035,.F.);
#2136=EDGE_CURVE('',#2660,#2660,#3036,.F.);
#2137=EDGE_CURVE('',#2661,#2661,#3037,.F.);
#2138=EDGE_CURVE('',#2662,#2662,#3038,.F.);
#2139=EDGE_CURVE('',#2657,#2663,#303,.T.);
#2140=EDGE_CURVE('',#2664,#2663,#304,.T.);
#2141=EDGE_CURVE('',#2658,#2664,#305,.T.);
#2142=EDGE_CURVE('',#2656,#2665,#306,.T.);
#2143=EDGE_CURVE('',#2665,#2666,#307,.T.);
#2144=EDGE_CURVE('',#2655,#2666,#308,.T.);
#2145=EDGE_CURVE('',#2667,#2668,#309,.T.);
#2146=EDGE_CURVE('',#2668,#2665,#3039,.T.);
#2147=EDGE_CURVE('',#2664,#2669,#310,.T.);
#2148=EDGE_CURVE('',#2667,#2669,#311,.T.);
#2149=EDGE_CURVE('',#2670,#2670,#3040,.T.);
#2150=EDGE_CURVE('',#2671,#2671,#3041,.F.);
#2151=EDGE_CURVE('',#2672,#2672,#3042,.F.);
#2152=EDGE_CURVE('',#2666,#2673,#3043,.F.);
#2153=EDGE_CURVE('',#2674,#2673,#312,.T.);
#2154=EDGE_CURVE('',#2674,#2675,#313,.T.);
#2155=EDGE_CURVE('',#2675,#2663,#314,.T.);
#2156=EDGE_CURVE('',#2676,#2676,#3044,.F.);
#2157=EDGE_CURVE('',#2677,#2677,#3045,.F.);
#2158=EDGE_CURVE('',#2678,#2678,#3046,.F.);
#2159=EDGE_CURVE('',#2669,#2675,#315,.T.);
#2160=EDGE_CURVE('',#2673,#2668,#316,.F.);
#2161=EDGE_CURVE('',#2667,#2674,#317,.T.);
#2162=EDGE_CURVE('',#2679,#2679,#3047,.F.);
#2163=EDGE_CURVE('',#2680,#2680,#3048,.F.);
#2164=EDGE_CURVE('',#2681,#2682,#318,.T.);
#2165=EDGE_CURVE('',#2681,#2683,#3049,.F.);
#2166=EDGE_CURVE('',#2683,#2684,#319,.T.);
#2167=EDGE_CURVE('',#2685,#2684,#320,.T.);
#2168=EDGE_CURVE('',#2686,#2685,#321,.T.);
#2169=EDGE_CURVE('',#2686,#2687,#322,.T.);
#2170=EDGE_CURVE('',#2687,#2682,#323,.T.);
#2171=EDGE_CURVE('',#2688,#2688,#3050,.F.);
#2172=EDGE_CURVE('',#2689,#2689,#3051,.F.);
#2173=EDGE_CURVE('',#2690,#2690,#3052,.F.);
#2174=EDGE_CURVE('',#2691,#2692,#324,.T.);
#2175=EDGE_CURVE('',#2691,#2693,#3053,.T.);
#2176=EDGE_CURVE('',#2693,#2694,#325,.T.);
#2177=EDGE_CURVE('',#2695,#2694,#326,.T.);
#2178=EDGE_CURVE('',#2696,#2695,#327,.T.);
#2179=EDGE_CURVE('',#2696,#2697,#328,.T.);
#2180=EDGE_CURVE('',#2697,#2692,#329,.T.);
#2181=EDGE_CURVE('',#2698,#2698,#3054,.F.);
#2182=EDGE_CURVE('',#2699,#2699,#3055,.F.);
#2183=EDGE_CURVE('',#2700,#2700,#3056,.F.);
#2184=EDGE_CURVE('',#2701,#2701,#3057,.F.);
#2185=EDGE_CURVE('',#2702,#2702,#3058,.T.);
#2186=EDGE_CURVE('',#2693,#2681,#330,.T.);
#2187=EDGE_CURVE('',#2682,#2694,#331,.T.);
#2188=EDGE_CURVE('',#2687,#2695,#332,.T.);
#2189=EDGE_CURVE('',#2696,#2686,#333,.T.);
#2190=EDGE_CURVE('',#2697,#2685,#334,.T.);
#2191=EDGE_CURVE('',#2692,#2684,#335,.T.);
#2192=EDGE_CURVE('',#2683,#2691,#336,.F.);
#2193=EDGE_CURVE('',#2703,#2704,#337,.T.);
#2194=EDGE_CURVE('',#2705,#2703,#338,.T.);
#2195=EDGE_CURVE('',#2705,#2706,#339,.T.);
#2196=EDGE_CURVE('',#2706,#2704,#340,.T.);
#2197=EDGE_CURVE('',#2707,#2708,#341,.T.);
#2198=EDGE_CURVE('',#2708,#2709,#342,.T.);
#2199=EDGE_CURVE('',#2710,#2709,#343,.T.);
#2200=EDGE_CURVE('',#2707,#2710,#344,.T.);
#2201=EDGE_CURVE('',#2711,#2711,#3059,.T.);
#2202=EDGE_CURVE('',#2712,#2712,#3060,.T.);
#2203=EDGE_CURVE('',#2713,#2713,#3061,.T.);
#2204=EDGE_CURVE('',#2714,#2714,#3062,.T.);
#2205=EDGE_CURVE('',#2715,#2715,#3063,.T.);
#2206=EDGE_CURVE('',#2716,#2716,#3064,.T.);
#2207=EDGE_CURVE('',#2709,#2717,#3065,.F.);
#2208=EDGE_CURVE('',#2717,#2718,#345,.T.);
#2209=EDGE_CURVE('',#2718,#2719,#346,.T.);
#2210=EDGE_CURVE('',#2704,#2719,#347,.T.);
#2211=EDGE_CURVE('',#2706,#2710,#348,.T.);
#2212=EDGE_CURVE('',#2720,#2720,#3066,.T.);
#2213=EDGE_CURVE('',#2721,#2721,#3067,.T.);
#2214=EDGE_CURVE('',#2722,#2723,#349,.T.);
#2215=EDGE_CURVE('',#2722,#2708,#3068,.T.);
#2216=EDGE_CURVE('',#2705,#2707,#350,.T.);
#2217=EDGE_CURVE('',#2703,#2724,#351,.T.);
#2218=EDGE_CURVE('',#2723,#2724,#352,.T.);
#2219=EDGE_CURVE('',#2725,#2725,#3069,.T.);
#2220=EDGE_CURVE('',#2726,#2726,#3070,.T.);
#2221=EDGE_CURVE('',#2717,#2722,#353,.F.);
#2222=EDGE_CURVE('',#2718,#2723,#354,.T.);
#2223=EDGE_CURVE('',#2719,#2724,#355,.T.);
#2224=EDGE_CURVE('',#2727,#2727,#3071,.T.);
#2225=EDGE_CURVE('',#2728,#2728,#3072,.T.);
#2226=EDGE_CURVE('',#2729,#2729,#3073,.T.);
#2227=EDGE_CURVE('',#2730,#2731,#356,.T.);
#2228=EDGE_CURVE('',#2731,#2732,#3074,.T.);
#2229=EDGE_CURVE('',#2732,#2733,#357,.T.);
#2230=EDGE_CURVE('',#2733,#2734,#358,.T.);
#2231=EDGE_CURVE('',#2734,#2735,#359,.T.);
#2232=EDGE_CURVE('',#2736,#2735,#360,.T.);
#2233=EDGE_CURVE('',#2736,#2730,#361,.T.);
#2234=EDGE_CURVE('',#2737,#2737,#3075,.T.);
#2235=EDGE_CURVE('',#2738,#2738,#3076,.T.);
#2236=EDGE_CURVE('',#2739,#2739,#3077,.T.);
#2237=EDGE_CURVE('',#2740,#2740,#3078,.T.);
#2238=EDGE_CURVE('',#2741,#2741,#3079,.T.);
#2239=EDGE_CURVE('',#2742,#2743,#362,.T.);
#2240=EDGE_CURVE('',#2742,#2744,#3080,.F.);
#2241=EDGE_CURVE('',#2745,#2744,#363,.T.);
#2242=EDGE_CURVE('',#2746,#2745,#364,.T.);
#2243=EDGE_CURVE('',#2746,#2747,#365,.T.);
#2244=EDGE_CURVE('',#2747,#2748,#366,.T.);
#2245=EDGE_CURVE('',#2743,#2748,#367,.T.);
#2246=EDGE_CURVE('',#2749,#2749,#3081,.T.);
#2247=EDGE_CURVE('',#2750,#2750,#3082,.T.);
#2248=EDGE_CURVE('',#2735,#2747,#368,.T.);
#2249=EDGE_CURVE('',#2734,#2748,#369,.T.);
#2250=EDGE_CURVE('',#2732,#2742,#370,.T.);
#2251=EDGE_CURVE('',#2733,#2743,#371,.T.);
#2252=EDGE_CURVE('',#2744,#2731,#372,.F.);
#2253=EDGE_CURVE('',#2745,#2730,#373,.T.);
#2254=EDGE_CURVE('',#2746,#2736,#374,.T.);
#2255=EDGE_CURVE('',#2751,#2751,#3083,.T.);
#2256=EDGE_CURVE('',#2752,#2752,#3084,.T.);
#2257=EDGE_CURVE('',#2753,#2753,#3085,.T.);
#2258=EDGE_CURVE('',#2754,#2754,#3086,.T.);
#2259=EDGE_CURVE('',#2755,#2755,#3087,.T.);
#2260=EDGE_CURVE('',#2756,#2756,#3088,.T.);
#2261=EDGE_CURVE('',#2757,#2757,#3089,.T.);
#2262=EDGE_CURVE('',#2758,#2758,#3090,.T.);
#2263=EDGE_CURVE('',#2759,#2759,#3091,.T.);
#2264=EDGE_CURVE('',#2760,#2760,#3092,.T.);
#2265=EDGE_CURVE('',#2761,#2762,#375,.T.);
#2266=EDGE_CURVE('',#2761,#2763,#3093,.T.);
#2267=EDGE_CURVE('',#2764,#2763,#376,.T.);
#2268=EDGE_CURVE('',#2764,#2762,#3094,.T.);
#2269=EDGE_CURVE('',#2765,#2765,#3095,.T.);
#2270=EDGE_CURVE('',#2766,#2767,#377,.T.);
#2271=EDGE_CURVE('',#2766,#2768,#3096,.T.);
#2272=EDGE_CURVE('',#2768,#2769,#378,.T.);
#2273=EDGE_CURVE('',#2767,#2769,#3097,.F.);
#2274=EDGE_CURVE('',#2770,#2770,#3098,.T.);
#2275=EDGE_CURVE('',#2771,#2772,#379,.T.);
#2276=EDGE_CURVE('',#2771,#2773,#3099,.T.);
#2277=EDGE_CURVE('',#2774,#2773,#380,.T.);
#2278=EDGE_CURVE('',#2774,#2772,#3100,.T.);
#2279=EDGE_CURVE('',#2775,#2775,#3101,.T.);
#2280=EDGE_CURVE('',#2776,#2777,#381,.T.);
#2281=EDGE_CURVE('',#2776,#2778,#3102,.T.);
#2282=EDGE_CURVE('',#2778,#2779,#382,.T.);
#2283=EDGE_CURVE('',#2777,#2779,#3103,.F.);
#2284=EDGE_CURVE('',#2780,#2781,#383,.T.);
#2285=EDGE_CURVE('',#2780,#2782,#3104,.T.);
#2286=EDGE_CURVE('',#2782,#2783,#384,.T.);
#2287=EDGE_CURVE('',#2781,#2783,#3105,.F.);
#2288=EDGE_CURVE('',#2784,#2784,#3106,.T.);
#2289=EDGE_CURVE('',#2785,#2786,#385,.T.);
#2290=EDGE_CURVE('',#2785,#2787,#3107,.F.);
#2291=EDGE_CURVE('',#2788,#2787,#386,.T.);
#2292=EDGE_CURVE('',#2788,#2789,#3108,.F.);
#2293=EDGE_CURVE('',#2789,#2790,#387,.T.);
#2294=EDGE_CURVE('',#2790,#2791,#3109,.F.);
#2295=EDGE_CURVE('',#2791,#2792,#388,.T.);
#2296=EDGE_CURVE('',#2792,#2786,#3110,.F.);
#2297=EDGE_CURVE('',#2793,#2793,#3111,.T.);
#2298=EDGE_CURVE('',#2794,#2794,#3112,.T.);
#2299=EDGE_CURVE('',#2795,#2796,#3113,.F.);
#2300=EDGE_CURVE('',#2797,#2795,#389,.T.);
#2301=EDGE_CURVE('',#2797,#2798,#3114,.T.);
#2302=EDGE_CURVE('',#2796,#2798,#390,.T.);
#2303=EDGE_CURVE('',#2799,#2799,#3115,.T.);
#2304=EDGE_CURVE('',#2800,#2801,#3116,.F.);
#2305=EDGE_CURVE('',#2802,#2800,#391,.T.);
#2306=EDGE_CURVE('',#2802,#2803,#3117,.T.);
#2307=EDGE_CURVE('',#2801,#2803,#392,.T.);
#2308=EDGE_CURVE('',#2804,#2804,#3118,.T.);
#2309=EDGE_CURVE('',#2805,#2806,#3119,.F.);
#2310=EDGE_CURVE('',#2807,#2805,#393,.T.);
#2311=EDGE_CURVE('',#2807,#2808,#3120,.T.);
#2312=EDGE_CURVE('',#2806,#2808,#394,.T.);
#2313=EDGE_CURVE('',#2809,#2809,#3121,.T.);
#2314=EDGE_CURVE('',#2810,#2811,#395,.T.);
#2315=EDGE_CURVE('',#2810,#2812,#3122,.T.);
#2316=EDGE_CURVE('',#2813,#2812,#396,.T.);
#2317=EDGE_CURVE('',#2813,#2811,#3123,.T.);
#2318=EDGE_CURVE('',#2814,#2814,#3124,.F.);
#2319=EDGE_CURVE('',#2815,#2815,#3125,.F.);
#2320=EDGE_CURVE('',#2816,#2816,#3126,.F.);
#2321=EDGE_CURVE('',#2817,#2817,#3127,.F.);
#2322=EDGE_CURVE('',#2818,#2818,#3128,.F.);
#2323=EDGE_CURVE('',#2819,#2819,#3129,.F.);
#2324=EDGE_CURVE('',#2820,#2820,#3130,.F.);
#2325=EDGE_CURVE('',#2821,#2821,#3131,.F.);
#2326=EDGE_CURVE('',#2822,#2822,#3132,.F.);
#2327=EDGE_CURVE('',#2823,#2823,#3133,.F.);
#2328=EDGE_CURVE('',#2824,#2824,#3134,.T.);
#2329=EDGE_CURVE('',#2825,#2825,#3135,.T.);
#2330=EDGE_CURVE('',#2826,#2826,#3136,.T.);
#2331=EDGE_CURVE('',#2827,#2827,#3137,.T.);
#2332=EDGE_CURVE('',#2828,#2828,#3138,.T.);
#2333=EDGE_CURVE('',#2829,#2829,#3139,.T.);
#2334=EDGE_CURVE('',#2830,#2830,#3140,.T.);
#2335=EDGE_CURVE('',#2831,#2831,#3141,.T.);
#2336=EDGE_CURVE('',#2832,#2832,#3142,.T.);
#2337=EDGE_CURVE('',#2833,#2833,#3143,.T.);
#2338=EDGE_CURVE('',#2834,#2834,#3144,.T.);
#2339=EDGE_CURVE('',#2835,#2835,#3145,.T.);
#2340=EDGE_CURVE('',#2836,#2836,#3146,.T.);
#2341=EDGE_CURVE('',#2837,#2837,#3147,.T.);
#2342=EDGE_CURVE('',#2838,#2838,#3148,.T.);
#2343=EDGE_CURVE('',#2839,#2839,#3149,.T.);
#2344=EDGE_CURVE('',#2840,#2840,#3150,.T.);
#2345=EDGE_CURVE('',#2841,#2841,#3151,.T.);
#2346=EDGE_CURVE('',#2842,#2842,#3152,.T.);
#2347=EDGE_CURVE('',#2843,#2844,#397,.T.);
#2348=EDGE_CURVE('',#2844,#2845,#3153,.T.);
#2349=EDGE_CURVE('',#2845,#2846,#398,.T.);
#2350=EDGE_CURVE('',#2846,#2847,#3154,.T.);
#2351=EDGE_CURVE('',#2848,#2847,#399,.T.);
#2352=EDGE_CURVE('',#2848,#2849,#3155,.T.);
#2353=EDGE_CURVE('',#2850,#2849,#400,.T.);
#2354=EDGE_CURVE('',#2850,#2843,#3156,.T.);
#2355=EDGE_CURVE('',#2851,#2851,#3157,.T.);
#2356=EDGE_CURVE('',#2852,#2852,#3158,.T.);
#2357=EDGE_CURVE('',#2853,#2853,#3159,.T.);
#2358=EDGE_CURVE('',#2854,#2854,#3160,.T.);
#2359=EDGE_CURVE('',#2855,#2855,#3161,.T.);
#2360=EDGE_CURVE('',#2856,#2856,#3162,.T.);
#2361=EDGE_CURVE('',#2857,#2857,#3163,.T.);
#2362=EDGE_CURVE('',#2858,#2858,#3164,.T.);
#2363=EDGE_CURVE('',#2859,#2859,#3165,.T.);
#2364=EDGE_CURVE('',#2860,#2860,#3166,.T.);
#2365=EDGE_CURVE('',#2849,#2790,#401,.T.);
#2366=EDGE_CURVE('',#2789,#2850,#402,.F.);
#2367=EDGE_CURVE('',#2787,#2844,#403,.F.);
#2368=EDGE_CURVE('',#2843,#2788,#404,.T.);
#2369=EDGE_CURVE('',#2845,#2785,#405,.T.);
#2370=EDGE_CURVE('',#2786,#2846,#406,.F.);
#2371=EDGE_CURVE('',#2847,#2792,#407,.T.);
#2372=EDGE_CURVE('',#2791,#2848,#408,.F.);
#2373=EDGE_CURVE('',#2861,#2861,#3167,.T.);
#2374=EDGE_CURVE('',#2862,#2863,#3168,.T.);
#2375=EDGE_CURVE('',#2862,#2864,#409,.T.);
#2376=EDGE_CURVE('',#2865,#2864,#3169,.T.);
#2377=EDGE_CURVE('',#2865,#2863,#410,.T.);
#2378=EDGE_CURVE('',#2866,#2866,#3170,.T.);
#2379=EDGE_CURVE('',#2867,#2867,#3171,.T.);
#2380=EDGE_CURVE('',#2868,#2869,#3172,.T.);
#2381=EDGE_CURVE('',#2868,#2870,#411,.T.);
#2382=EDGE_CURVE('',#2871,#2870,#3173,.T.);
#2383=EDGE_CURVE('',#2871,#2869,#412,.T.);
#2384=EDGE_CURVE('',#2872,#2872,#3174,.T.);
#2385=EDGE_CURVE('',#2873,#2873,#3175,.T.);
#2386=EDGE_CURVE('',#2874,#2875,#3176,.T.);
#2387=EDGE_CURVE('',#2874,#2876,#413,.T.);
#2388=EDGE_CURVE('',#2877,#2876,#3177,.T.);
#2389=EDGE_CURVE('',#2877,#2875,#414,.T.);
#2390=EDGE_CURVE('',#2878,#2878,#3178,.T.);
#2391=EDGE_CURVE('',#2879,#2879,#3179,.T.);
#2392=EDGE_CURVE('',#2880,#2881,#3180,.T.);
#2393=EDGE_CURVE('',#2881,#2882,#415,.T.);
#2394=EDGE_CURVE('',#2883,#2882,#3181,.T.);
#2395=EDGE_CURVE('',#2883,#2880,#416,.T.);
#2396=EDGE_CURVE('',#2884,#2884,#3182,.T.);
#2397=EDGE_CURVE('',#2885,#2885,#3183,.T.);
#2398=EDGE_CURVE('',#2886,#2887,#3184,.T.);
#2399=EDGE_CURVE('',#2887,#2888,#417,.T.);
#2400=EDGE_CURVE('',#2889,#2888,#3185,.T.);
#2401=EDGE_CURVE('',#2889,#2886,#418,.T.);
#2402=EDGE_CURVE('',#2890,#2890,#3186,.T.);
#2403=EDGE_CURVE('',#2891,#2891,#3187,.T.);
#2404=EDGE_CURVE('',#2892,#2893,#419,.T.);
#2405=EDGE_CURVE('',#2894,#2892,#3188,.T.);
#2406=EDGE_CURVE('',#2894,#2895,#420,.T.);
#2407=EDGE_CURVE('',#2895,#2893,#3189,.T.);
#2408=EDGE_CURVE('',#2896,#2896,#3190,.T.);
#2409=EDGE_CURVE('',#2897,#2897,#3191,.T.);
#2410=EDGE_CURVE('',#2898,#2899,#421,.T.);
#2411=EDGE_CURVE('',#2900,#2898,#3192,.T.);
#2412=EDGE_CURVE('',#2900,#2901,#422,.T.);
#2413=EDGE_CURVE('',#2901,#2899,#3193,.T.);
#2414=EDGE_CURVE('',#2902,#2902,#3194,.T.);
#2415=EDGE_CURVE('',#2903,#2903,#3195,.T.);
#2416=EDGE_CURVE('',#2904,#2905,#3196,.T.);
#2417=EDGE_CURVE('',#2904,#2906,#423,.T.);
#2418=EDGE_CURVE('',#2906,#2907,#3197,.T.);
#2419=EDGE_CURVE('',#2905,#2907,#424,.T.);
#2420=EDGE_CURVE('',#2908,#2908,#3198,.T.);
#2421=EDGE_CURVE('',#2909,#2909,#3199,.T.);
#2422=EDGE_CURVE('',#2910,#2911,#3200,.T.);
#2423=EDGE_CURVE('',#2911,#2912,#425,.T.);
#2424=EDGE_CURVE('',#2913,#2912,#3201,.T.);
#2425=EDGE_CURVE('',#2913,#2910,#426,.T.);
#2426=EDGE_CURVE('',#2914,#2914,#3202,.T.);
#2427=EDGE_CURVE('',#2801,#2911,#427,.T.);
#2428=EDGE_CURVE('',#2800,#2910,#428,.T.);
#2429=EDGE_CURVE('',#2802,#2913,#429,.T.);
#2430=EDGE_CURVE('',#2803,#2912,#430,.T.);
#2431=EDGE_CURVE('',#2777,#2906,#431,.T.);
#2432=EDGE_CURVE('',#2776,#2904,#432,.T.);
#2433=EDGE_CURVE('',#2778,#2905,#433,.T.);
#2434=EDGE_CURVE('',#2779,#2907,#434,.T.);
#2435=EDGE_CURVE('',#2780,#2900,#435,.T.);
#2436=EDGE_CURVE('',#2782,#2898,#436,.T.);
#2437=EDGE_CURVE('',#2783,#2899,#437,.T.);
#2438=EDGE_CURVE('',#2781,#2901,#438,.T.);
#2439=EDGE_CURVE('',#2766,#2894,#439,.T.);
#2440=EDGE_CURVE('',#2768,#2892,#440,.T.);
#2441=EDGE_CURVE('',#2769,#2893,#441,.T.);
#2442=EDGE_CURVE('',#2767,#2895,#442,.T.);
#2443=EDGE_CURVE('',#2806,#2887,#443,.T.);
#2444=EDGE_CURVE('',#2805,#2886,#444,.T.);
#2445=EDGE_CURVE('',#2807,#2889,#445,.T.);
#2446=EDGE_CURVE('',#2808,#2888,#446,.T.);
#2447=EDGE_CURVE('',#2796,#2881,#447,.T.);
#2448=EDGE_CURVE('',#2795,#2880,#448,.T.);
#2449=EDGE_CURVE('',#2797,#2883,#449,.T.);
#2450=EDGE_CURVE('',#2798,#2882,#450,.T.);
#2451=EDGE_CURVE('',#2762,#2876,#451,.T.);
#2452=EDGE_CURVE('',#2761,#2874,#452,.T.);
#2453=EDGE_CURVE('',#2763,#2875,#453,.T.);
#2454=EDGE_CURVE('',#2764,#2877,#454,.T.);
#2455=EDGE_CURVE('',#2811,#2870,#455,.T.);
#2456=EDGE_CURVE('',#2810,#2868,#456,.T.);
#2457=EDGE_CURVE('',#2812,#2869,#457,.T.);
#2458=EDGE_CURVE('',#2813,#2871,#458,.T.);
#2459=EDGE_CURVE('',#2772,#2864,#459,.T.);
#2460=EDGE_CURVE('',#2771,#2862,#460,.T.);
#2461=EDGE_CURVE('',#2773,#2863,#461,.T.);
#2462=EDGE_CURVE('',#2774,#2865,#462,.T.);
#2463=VERTEX_POINT('',#6930);
#2464=VERTEX_POINT('',#6932);
#2465=VERTEX_POINT('',#6934);
#2466=VERTEX_POINT('',#6936);
#2467=VERTEX_POINT('',#6938);
#2468=VERTEX_POINT('',#6940);
#2469=VERTEX_POINT('',#6942);
#2470=VERTEX_POINT('',#6944);
#2471=VERTEX_POINT('',#6946);
#2472=VERTEX_POINT('',#6948);
#2473=VERTEX_POINT('',#6950);
#2474=VERTEX_POINT('',#6951);
#2475=VERTEX_POINT('',#6953);
#2476=VERTEX_POINT('',#6955);
#2477=VERTEX_POINT('',#6957);
#2478=VERTEX_POINT('',#6959);
#2479=VERTEX_POINT('',#6961);
#2480=VERTEX_POINT('',#6963);
#2481=VERTEX_POINT('',#6966);
#2482=VERTEX_POINT('',#6968);
#2483=VERTEX_POINT('',#6970);
#2484=VERTEX_POINT('',#6972);
#2485=VERTEX_POINT('',#6974);
#2486=VERTEX_POINT('',#6976);
#2487=VERTEX_POINT('',#6978);
#2488=VERTEX_POINT('',#6980);
#2489=VERTEX_POINT('',#6982);
#2490=VERTEX_POINT('',#6984);
#2491=VERTEX_POINT('',#6987);
#2492=VERTEX_POINT('',#6989);
#2493=VERTEX_POINT('',#6991);
#2494=VERTEX_POINT('',#6993);
#2495=VERTEX_POINT('',#6995);
#2496=VERTEX_POINT('',#6997);
#2497=VERTEX_POINT('',#6999);
#2498=VERTEX_POINT('',#7001);
#2499=VERTEX_POINT('',#7003);
#2500=VERTEX_POINT('',#7005);
#2501=VERTEX_POINT('',#7007);
#2502=VERTEX_POINT('',#7008);
#2503=VERTEX_POINT('',#7010);
#2504=VERTEX_POINT('',#7012);
#2505=VERTEX_POINT('',#7014);
#2506=VERTEX_POINT('',#7016);
#2507=VERTEX_POINT('',#7018);
#2508=VERTEX_POINT('',#7020);
#2509=VERTEX_POINT('',#7023);
#2510=VERTEX_POINT('',#7025);
#2511=VERTEX_POINT('',#7027);
#2512=VERTEX_POINT('',#7029);
#2513=VERTEX_POINT('',#7031);
#2514=VERTEX_POINT('',#7033);
#2515=VERTEX_POINT('',#7035);
#2516=VERTEX_POINT('',#7037);
#2517=VERTEX_POINT('',#7039);
#2518=VERTEX_POINT('',#7041);
#2519=VERTEX_POINT('',#7081);
#2520=VERTEX_POINT('',#7084);
#2521=VERTEX_POINT('',#7087);
#2522=VERTEX_POINT('',#7090);
#2523=VERTEX_POINT('',#7093);
#2524=VERTEX_POINT('',#7096);
#2525=VERTEX_POINT('',#7099);
#2526=VERTEX_POINT('',#7102);
#2527=VERTEX_POINT('',#7105);
#2528=VERTEX_POINT('',#7107);
#2529=VERTEX_POINT('',#7110);
#2530=VERTEX_POINT('',#7111);
#2531=VERTEX_POINT('',#7113);
#2532=VERTEX_POINT('',#7115);
#2533=VERTEX_POINT('',#7119);
#2534=VERTEX_POINT('',#7121);
#2535=VERTEX_POINT('',#7125);
#2536=VERTEX_POINT('',#7127);
#2537=VERTEX_POINT('',#7131);
#2538=VERTEX_POINT('',#7133);
#2539=VERTEX_POINT('',#7137);
#2540=VERTEX_POINT('',#7138);
#2541=VERTEX_POINT('',#7143);
#2542=VERTEX_POINT('',#7144);
#2543=VERTEX_POINT('',#7155);
#2544=VERTEX_POINT('',#7157);
#2545=VERTEX_POINT('',#7159);
#2546=VERTEX_POINT('',#7161);
#2547=VERTEX_POINT('',#7163);
#2548=VERTEX_POINT('',#7165);
#2549=VERTEX_POINT('',#7166);
#2550=VERTEX_POINT('',#7168);
#2551=VERTEX_POINT('',#7170);
#2552=VERTEX_POINT('',#7172);
#2553=VERTEX_POINT('',#7174);
#2554=VERTEX_POINT('',#7176);
#2555=VERTEX_POINT('',#7180);
#2556=VERTEX_POINT('',#7182);
#2557=VERTEX_POINT('',#7183);
#2558=VERTEX_POINT('',#7185);
#2559=VERTEX_POINT('',#7187);
#2560=VERTEX_POINT('',#7189);
#2561=VERTEX_POINT('',#7191);
#2562=VERTEX_POINT('',#7193);
#2563=VERTEX_POINT('',#7210);
#2564=VERTEX_POINT('',#7214);
#2565=VERTEX_POINT('',#7218);
#2566=VERTEX_POINT('',#7222);
#2567=VERTEX_POINT('',#7229);
#2568=VERTEX_POINT('',#7230);
#2569=VERTEX_POINT('',#7232);
#2570=VERTEX_POINT('',#7234);
#2571=VERTEX_POINT('',#7238);
#2572=VERTEX_POINT('',#7239);
#2573=VERTEX_POINT('',#7241);
#2574=VERTEX_POINT('',#7243);
#2575=VERTEX_POINT('',#7247);
#2576=VERTEX_POINT('',#7250);
#2577=VERTEX_POINT('',#7252);
#2578=VERTEX_POINT('',#7254);
#2579=VERTEX_POINT('',#7258);
#2580=VERTEX_POINT('',#7260);
#2581=VERTEX_POINT('',#7262);
#2582=VERTEX_POINT('',#7264);
#2583=VERTEX_POINT('',#7266);
#2584=VERTEX_POINT('',#7269);
#2585=VERTEX_POINT('',#7271);
#2586=VERTEX_POINT('',#7273);
#2587=VERTEX_POINT('',#7277);
#2588=VERTEX_POINT('',#7280);
#2589=VERTEX_POINT('',#7283);
#2590=VERTEX_POINT('',#7286);
#2591=VERTEX_POINT('',#7303);
#2592=VERTEX_POINT('',#7306);
#2593=VERTEX_POINT('',#7309);
#2594=VERTEX_POINT('',#7312);
#2595=VERTEX_POINT('',#7315);
#2596=VERTEX_POINT('',#7316);
#2597=VERTEX_POINT('',#7318);
#2598=VERTEX_POINT('',#7320);
#2599=VERTEX_POINT('',#7324);
#2600=VERTEX_POINT('',#7325);
#2601=VERTEX_POINT('',#7330);
#2602=VERTEX_POINT('',#7332);
#2603=VERTEX_POINT('',#7336);
#2604=VERTEX_POINT('',#7337);
#2605=VERTEX_POINT('',#7342);
#2606=VERTEX_POINT('',#7345);
#2607=VERTEX_POINT('',#7348);
#2608=VERTEX_POINT('',#7351);
#2609=VERTEX_POINT('',#7354);
#2610=VERTEX_POINT('',#7356);
#2611=VERTEX_POINT('',#7359);
#2612=VERTEX_POINT('',#7360);
#2613=VERTEX_POINT('',#7365);
#2614=VERTEX_POINT('',#7367);
#2615=VERTEX_POINT('',#7377);
#2616=VERTEX_POINT('',#7379);
#2617=VERTEX_POINT('',#7382);
#2618=VERTEX_POINT('',#7384);
#2619=VERTEX_POINT('',#7387);
#2620=VERTEX_POINT('',#7389);
#2621=VERTEX_POINT('',#7392);
#2622=VERTEX_POINT('',#7394);
#2623=VERTEX_POINT('',#7397);
#2624=VERTEX_POINT('',#7398);
#2625=VERTEX_POINT('',#7400);
#2626=VERTEX_POINT('',#7402);
#2627=VERTEX_POINT('',#7406);
#2628=VERTEX_POINT('',#7407);
#2629=VERTEX_POINT('',#7409);
#2630=VERTEX_POINT('',#7411);
#2631=VERTEX_POINT('',#7415);
#2632=VERTEX_POINT('',#7416);
#2633=VERTEX_POINT('',#7418);
#2634=VERTEX_POINT('',#7420);
#2635=VERTEX_POINT('',#7424);
#2636=VERTEX_POINT('',#7425);
#2637=VERTEX_POINT('',#7427);
#2638=VERTEX_POINT('',#7429);
#2639=VERTEX_POINT('',#7445);
#2640=VERTEX_POINT('',#7446);
#2641=VERTEX_POINT('',#7448);
#2642=VERTEX_POINT('',#7450);
#2643=VERTEX_POINT('',#7453);
#2644=VERTEX_POINT('',#7455);
#2645=VERTEX_POINT('',#7457);
#2646=VERTEX_POINT('',#7459);
#2647=VERTEX_POINT('',#7462);
#2648=VERTEX_POINT('',#7464);
#2649=VERTEX_POINT('',#7468);
#2650=VERTEX_POINT('',#7472);
#2651=VERTEX_POINT('',#7480);
#2652=VERTEX_POINT('',#7484);
#2653=VERTEX_POINT('',#7488);
#2654=VERTEX_POINT('',#7492);
#2655=VERTEX_POINT('',#7497);
#2656=VERTEX_POINT('',#7498);
#2657=VERTEX_POINT('',#7500);
#2658=VERTEX_POINT('',#7502);
#2659=VERTEX_POINT('',#7506);
#2660=VERTEX_POINT('',#7508);
#2661=VERTEX_POINT('',#7511);
#2662=VERTEX_POINT('',#7513);
#2663=VERTEX_POINT('',#7516);
#2664=VERTEX_POINT('',#7518);
#2665=VERTEX_POINT('',#7522);
#2666=VERTEX_POINT('',#7524);
#2667=VERTEX_POINT('',#7528);
#2668=VERTEX_POINT('',#7529);
#2669=VERTEX_POINT('',#7532);
#2670=VERTEX_POINT('',#7535);
#2671=VERTEX_POINT('',#7537);
#2672=VERTEX_POINT('',#7539);
#2673=VERTEX_POINT('',#7542);
#2674=VERTEX_POINT('',#7544);
#2675=VERTEX_POINT('',#7546);
#2676=VERTEX_POINT('',#7549);
#2677=VERTEX_POINT('',#7551);
#2678=VERTEX_POINT('',#7553);
#2679=VERTEX_POINT('',#7567);
#2680=VERTEX_POINT('',#7569);
#2681=VERTEX_POINT('',#7571);
#2682=VERTEX_POINT('',#7572);
#2683=VERTEX_POINT('',#7574);
#2684=VERTEX_POINT('',#7576);
#2685=VERTEX_POINT('',#7578);
#2686=VERTEX_POINT('',#7580);
#2687=VERTEX_POINT('',#7582);
#2688=VERTEX_POINT('',#7585);
#2689=VERTEX_POINT('',#7587);
#2690=VERTEX_POINT('',#7589);
#2691=VERTEX_POINT('',#7592);
#2692=VERTEX_POINT('',#7593);
#2693=VERTEX_POINT('',#7595);
#2694=VERTEX_POINT('',#7597);
#2695=VERTEX_POINT('',#7599);
#2696=VERTEX_POINT('',#7601);
#2697=VERTEX_POINT('',#7603);
#2698=VERTEX_POINT('',#7606);
#2699=VERTEX_POINT('',#7608);
#2700=VERTEX_POINT('',#7610);
#2701=VERTEX_POINT('',#7612);
#2702=VERTEX_POINT('',#7614);
#2703=VERTEX_POINT('',#7637);
#2704=VERTEX_POINT('',#7638);
#2705=VERTEX_POINT('',#7640);
#2706=VERTEX_POINT('',#7642);
#2707=VERTEX_POINT('',#7646);
#2708=VERTEX_POINT('',#7647);
#2709=VERTEX_POINT('',#7649);
#2710=VERTEX_POINT('',#7651);
#2711=VERTEX_POINT('',#7655);
#2712=VERTEX_POINT('',#7657);
#2713=VERTEX_POINT('',#7660);
#2714=VERTEX_POINT('',#7662);
#2715=VERTEX_POINT('',#7665);
#2716=VERTEX_POINT('',#7667);
#2717=VERTEX_POINT('',#7670);
#2718=VERTEX_POINT('',#7672);
#2719=VERTEX_POINT('',#7674);
#2720=VERTEX_POINT('',#7678);
#2721=VERTEX_POINT('',#7680);
#2722=VERTEX_POINT('',#7683);
#2723=VERTEX_POINT('',#7684);
#2724=VERTEX_POINT('',#7688);
#2725=VERTEX_POINT('',#7691);
#2726=VERTEX_POINT('',#7693);
#2727=VERTEX_POINT('',#7707);
#2728=VERTEX_POINT('',#7709);
#2729=VERTEX_POINT('',#7711);
#2730=VERTEX_POINT('',#7713);
#2731=VERTEX_POINT('',#7714);
#2732=VERTEX_POINT('',#7716);
#2733=VERTEX_POINT('',#7718);
#2734=VERTEX_POINT('',#7720);
#2735=VERTEX_POINT('',#7722);
#2736=VERTEX_POINT('',#7724);
#2737=VERTEX_POINT('',#7727);
#2738=VERTEX_POINT('',#7729);
#2739=VERTEX_POINT('',#7732);
#2740=VERTEX_POINT('',#7734);
#2741=VERTEX_POINT('',#7736);
#2742=VERTEX_POINT('',#7738);
#2743=VERTEX_POINT('',#7739);
#2744=VERTEX_POINT('',#7741);
#2745=VERTEX_POINT('',#7743);
#2746=VERTEX_POINT('',#7745);
#2747=VERTEX_POINT('',#7747);
#2748=VERTEX_POINT('',#7749);
#2749=VERTEX_POINT('',#7752);
#2750=VERTEX_POINT('',#7754);
#2751=VERTEX_POINT('',#7777);
#2752=VERTEX_POINT('',#7779);
#2753=VERTEX_POINT('',#7781);
#2754=VERTEX_POINT('',#7783);
#2755=VERTEX_POINT('',#7785);
#2756=VERTEX_POINT('',#7787);
#2757=VERTEX_POINT('',#7789);
#2758=VERTEX_POINT('',#7791);
#2759=VERTEX_POINT('',#7793);
#2760=VERTEX_POINT('',#7795);
#2761=VERTEX_POINT('',#7797);
#2762=VERTEX_POINT('',#7798);
#2763=VERTEX_POINT('',#7800);
#2764=VERTEX_POINT('',#7802);
#2765=VERTEX_POINT('',#7805);
#2766=VERTEX_POINT('',#7807);
#2767=VERTEX_POINT('',#7808);
#2768=VERTEX_POINT('',#7810);
#2769=VERTEX_POINT('',#7812);
#2770=VERTEX_POINT('',#7815);
#2771=VERTEX_POINT('',#7817);
#2772=VERTEX_POINT('',#7818);
#2773=VERTEX_POINT('',#7820);
#2774=VERTEX_POINT('',#7822);
#2775=VERTEX_POINT('',#7825);
#2776=VERTEX_POINT('',#7827);
#2777=VERTEX_POINT('',#7828);
#2778=VERTEX_POINT('',#7830);
#2779=VERTEX_POINT('',#7832);
#2780=VERTEX_POINT('',#7835);
#2781=VERTEX_POINT('',#7836);
#2782=VERTEX_POINT('',#7838);
#2783=VERTEX_POINT('',#7840);
#2784=VERTEX_POINT('',#7843);
#2785=VERTEX_POINT('',#7845);
#2786=VERTEX_POINT('',#7846);
#2787=VERTEX_POINT('',#7848);
#2788=VERTEX_POINT('',#7850);
#2789=VERTEX_POINT('',#7852);
#2790=VERTEX_POINT('',#7854);
#2791=VERTEX_POINT('',#7856);
#2792=VERTEX_POINT('',#7858);
#2793=VERTEX_POINT('',#7861);
#2794=VERTEX_POINT('',#7863);
#2795=VERTEX_POINT('',#7865);
#2796=VERTEX_POINT('',#7866);
#2797=VERTEX_POINT('',#7868);
#2798=VERTEX_POINT('',#7870);
#2799=VERTEX_POINT('',#7873);
#2800=VERTEX_POINT('',#7875);
#2801=VERTEX_POINT('',#7876);
#2802=VERTEX_POINT('',#7878);
#2803=VERTEX_POINT('',#7880);
#2804=VERTEX_POINT('',#7883);
#2805=VERTEX_POINT('',#7885);
#2806=VERTEX_POINT('',#7886);
#2807=VERTEX_POINT('',#7888);
#2808=VERTEX_POINT('',#7890);
#2809=VERTEX_POINT('',#7893);
#2810=VERTEX_POINT('',#7895);
#2811=VERTEX_POINT('',#7896);
#2812=VERTEX_POINT('',#7898);
#2813=VERTEX_POINT('',#7900);
#2814=VERTEX_POINT('',#7903);
#2815=VERTEX_POINT('',#7905);
#2816=VERTEX_POINT('',#7907);
#2817=VERTEX_POINT('',#7909);
#2818=VERTEX_POINT('',#7911);
#2819=VERTEX_POINT('',#7913);
#2820=VERTEX_POINT('',#7915);
#2821=VERTEX_POINT('',#7917);
#2822=VERTEX_POINT('',#7919);
#2823=VERTEX_POINT('',#7921);
#2824=VERTEX_POINT('',#7924);
#2825=VERTEX_POINT('',#7926);
#2826=VERTEX_POINT('',#7928);
#2827=VERTEX_POINT('',#7930);
#2828=VERTEX_POINT('',#7932);
#2829=VERTEX_POINT('',#7934);
#2830=VERTEX_POINT('',#7936);
#2831=VERTEX_POINT('',#7938);
#2832=VERTEX_POINT('',#7940);
#2833=VERTEX_POINT('',#7942);
#2834=VERTEX_POINT('',#7944);
#2835=VERTEX_POINT('',#7946);
#2836=VERTEX_POINT('',#7948);
#2837=VERTEX_POINT('',#7950);
#2838=VERTEX_POINT('',#7952);
#2839=VERTEX_POINT('',#7954);
#2840=VERTEX_POINT('',#7956);
#2841=VERTEX_POINT('',#7958);
#2842=VERTEX_POINT('',#7960);
#2843=VERTEX_POINT('',#7962);
#2844=VERTEX_POINT('',#7963);
#2845=VERTEX_POINT('',#7965);
#2846=VERTEX_POINT('',#7967);
#2847=VERTEX_POINT('',#7969);
#2848=VERTEX_POINT('',#7971);
#2849=VERTEX_POINT('',#7973);
#2850=VERTEX_POINT('',#7975);
#2851=VERTEX_POINT('',#7978);
#2852=VERTEX_POINT('',#7980);
#2853=VERTEX_POINT('',#7982);
#2854=VERTEX_POINT('',#7984);
#2855=VERTEX_POINT('',#7986);
#2856=VERTEX_POINT('',#7988);
#2857=VERTEX_POINT('',#7990);
#2858=VERTEX_POINT('',#7992);
#2859=VERTEX_POINT('',#7994);
#2860=VERTEX_POINT('',#7996);
#2861=VERTEX_POINT('',#8011);
#2862=VERTEX_POINT('',#8014);
#2863=VERTEX_POINT('',#8015);
#2864=VERTEX_POINT('',#8017);
#2865=VERTEX_POINT('',#8019);
#2866=VERTEX_POINT('',#8022);
#2867=VERTEX_POINT('',#8025);
#2868=VERTEX_POINT('',#8028);
#2869=VERTEX_POINT('',#8029);
#2870=VERTEX_POINT('',#8031);
#2871=VERTEX_POINT('',#8033);
#2872=VERTEX_POINT('',#8036);
#2873=VERTEX_POINT('',#8039);
#2874=VERTEX_POINT('',#8042);
#2875=VERTEX_POINT('',#8043);
#2876=VERTEX_POINT('',#8045);
#2877=VERTEX_POINT('',#8047);
#2878=VERTEX_POINT('',#8050);
#2879=VERTEX_POINT('',#8053);
#2880=VERTEX_POINT('',#8056);
#2881=VERTEX_POINT('',#8057);
#2882=VERTEX_POINT('',#8059);
#2883=VERTEX_POINT('',#8061);
#2884=VERTEX_POINT('',#8064);
#2885=VERTEX_POINT('',#8067);
#2886=VERTEX_POINT('',#8070);
#2887=VERTEX_POINT('',#8071);
#2888=VERTEX_POINT('',#8073);
#2889=VERTEX_POINT('',#8075);
#2890=VERTEX_POINT('',#8078);
#2891=VERTEX_POINT('',#8081);
#2892=VERTEX_POINT('',#8084);
#2893=VERTEX_POINT('',#8085);
#2894=VERTEX_POINT('',#8087);
#2895=VERTEX_POINT('',#8089);
#2896=VERTEX_POINT('',#8092);
#2897=VERTEX_POINT('',#8095);
#2898=VERTEX_POINT('',#8098);
#2899=VERTEX_POINT('',#8099);
#2900=VERTEX_POINT('',#8101);
#2901=VERTEX_POINT('',#8103);
#2902=VERTEX_POINT('',#8106);
#2903=VERTEX_POINT('',#8109);
#2904=VERTEX_POINT('',#8112);
#2905=VERTEX_POINT('',#8113);
#2906=VERTEX_POINT('',#8115);
#2907=VERTEX_POINT('',#8117);
#2908=VERTEX_POINT('',#8120);
#2909=VERTEX_POINT('',#8123);
#2910=VERTEX_POINT('',#8126);
#2911=VERTEX_POINT('',#8127);
#2912=VERTEX_POINT('',#8129);
#2913=VERTEX_POINT('',#8131);
#2914=VERTEX_POINT('',#8134);
#2915=CIRCLE('',#4914,0.0021);
#2916=CIRCLE('',#4915,0.0021);
#2917=CIRCLE('',#4916,0.0021);
#2918=CIRCLE('',#4917,0.0021);
#2919=CIRCLE('',#4918,0.0021);
#2920=CIRCLE('',#4919,0.0021);
#2921=CIRCLE('',#4920,0.0021);
#2922=CIRCLE('',#4921,0.0021);
#2923=CIRCLE('',#4922,0.0021);
#2924=CIRCLE('',#4923,0.0021);
#2925=CIRCLE('',#4924,0.002);
#2926=CIRCLE('',#4925,0.002);
#2927=CIRCLE('',#4926,0.002);
#2928=CIRCLE('',#4927,0.002);
#2929=CIRCLE('',#4928,0.0021);
#2930=CIRCLE('',#4929,0.0021);
#2931=CIRCLE('',#4930,0.0021);
#2932=CIRCLE('',#4931,0.0021);
#2933=CIRCLE('',#4932,0.0021);
#2934=CIRCLE('',#4933,0.0021);
#2935=CIRCLE('',#4934,0.0021);
#2936=CIRCLE('',#4935,0.0021);
#2937=CIRCLE('',#4936,0.0021);
#2938=CIRCLE('',#4937,0.0021);
#2939=CIRCLE('',#4939,0.0021);
#2940=CIRCLE('',#4940,0.0021);
#2941=CIRCLE('',#4941,0.0021);
#2942=CIRCLE('',#4942,0.0021);
#2943=CIRCLE('',#4943,0.0021);
#2944=CIRCLE('',#4944,0.0021);
#2945=CIRCLE('',#4945,0.0021);
#2946=CIRCLE('',#4946,0.0021);
#2947=CIRCLE('',#4947,0.0021);
#2948=CIRCLE('',#4948,0.0021);
#2949=CIRCLE('',#4949,0.002);
#2950=CIRCLE('',#4950,0.002);
#2951=CIRCLE('',#4951,0.002);
#2952=CIRCLE('',#4952,0.002);
#2953=CIRCLE('',#4953,0.0021);
#2954=CIRCLE('',#4954,0.0021);
#2955=CIRCLE('',#4955,0.0021);
#2956=CIRCLE('',#4956,0.0021);
#2957=CIRCLE('',#4957,0.0021);
#2958=CIRCLE('',#4958,0.0021);
#2959=CIRCLE('',#4959,0.0021);
#2960=CIRCLE('',#4960,0.0021);
#2961=CIRCLE('',#4961,0.0021);
#2962=CIRCLE('',#4962,0.0021);
#2963=CIRCLE('',#4993,0.004);
#2964=CIRCLE('',#4995,0.004);
#2965=CIRCLE('',#4997,0.004);
#2966=CIRCLE('',#4999,0.004);
#2967=CIRCLE('',#5001,0.004);
#2968=CIRCLE('',#5003,0.004);
#2969=CIRCLE('',#5005,0.004);
#2970=CIRCLE('',#5007,0.004);
#2971=CIRCLE('',#5009,0.0021);
#2972=CIRCLE('',#5010,0.0021);
#2973=CIRCLE('',#5014,0.002);
#2974=CIRCLE('',#5015,0.002);
#2975=CIRCLE('',#5024,0.0021);
#2976=CIRCLE('',#5025,0.004);
#2977=CIRCLE('',#5026,0.004);
#2978=CIRCLE('',#5027,0.004);
#2979=CIRCLE('',#5028,0.004);
#2980=CIRCLE('',#5029,0.002);
#2981=CIRCLE('',#5031,0.0021);
#2982=CIRCLE('',#5032,0.002);
#2983=CIRCLE('',#5040,0.004);
#2984=CIRCLE('',#5043,0.004);
#2985=CIRCLE('',#5046,0.004);
#2986=CIRCLE('',#5049,0.004);
#2987=CIRCLE('',#5057,0.0021);
#2988=CIRCLE('',#5058,0.002);
#2989=CIRCLE('',#5060,0.004);
#2990=CIRCLE('',#5061,0.004);
#2991=CIRCLE('',#5062,0.0021);
#2992=CIRCLE('',#5063,0.004);
#2993=CIRCLE('',#5064,0.004);
#2994=CIRCLE('',#5065,0.002);
#2995=CIRCLE('',#5067,0.004);
#2996=CIRCLE('',#5069,0.004);
#2997=CIRCLE('',#5071,0.004);
#2998=CIRCLE('',#5073,0.004);
#2999=CIRCLE('',#5086,0.004);
#3000=CIRCLE('',#5088,0.004);
#3001=CIRCLE('',#5090,0.004);
#3002=CIRCLE('',#5092,0.004);
#3003=CIRCLE('',#5097,0.002);
#3004=CIRCLE('',#5098,0.002);
#3005=CIRCLE('',#5100,0.004);
#3006=CIRCLE('',#5102,0.004);
#3007=CIRCLE('',#5104,0.004);
#3008=CIRCLE('',#5106,0.004);
#3009=CIRCLE('',#5108,0.0021);
#3010=CIRCLE('',#5109,0.0021);
#3011=CIRCLE('',#5117,0.004);
#3012=CIRCLE('',#5118,0.004);
#3013=CIRCLE('',#5120,0.004);
#3014=CIRCLE('',#5121,0.004);
#3015=CIRCLE('',#5123,0.004);
#3016=CIRCLE('',#5124,0.004);
#3017=CIRCLE('',#5126,0.004);
#3018=CIRCLE('',#5127,0.004);
#3019=CIRCLE('',#5129,0.002);
#3020=CIRCLE('',#5130,0.002);
#3021=CIRCLE('',#5132,0.002);
#3022=CIRCLE('',#5133,0.002);
#3023=CIRCLE('',#5135,0.002);
#3024=CIRCLE('',#5136,0.002);
#3025=CIRCLE('',#5138,0.002);
#3026=CIRCLE('',#5139,0.002);
#3027=CIRCLE('',#5145,0.0021);
#3028=CIRCLE('',#5146,0.0021);
#3029=CIRCLE('',#5147,0.0021);
#3030=CIRCLE('',#5148,0.0021);
#3031=CIRCLE('',#5156,0.0021);
#3032=CIRCLE('',#5159,0.0021);
#3033=CIRCLE('',#5162,0.0021);
#3034=CIRCLE('',#5165,0.0021);
#3035=CIRCLE('',#5170,0.0021);
#3036=CIRCLE('',#5171,0.0021);
#3037=CIRCLE('',#5173,0.0021);
#3038=CIRCLE('',#5174,0.0021);
#3039=CIRCLE('',#5178,0.002);
#3040=CIRCLE('',#5179,0.0026);
#3041=CIRCLE('',#5180,0.0021);
#3042=CIRCLE('',#5181,0.0021);
#3043=CIRCLE('',#5183,0.002);
#3044=CIRCLE('',#5184,0.0026);
#3045=CIRCLE('',#5185,0.0021);
#3046=CIRCLE('',#5186,0.0021);
#3047=CIRCLE('',#5196,0.0021);
#3048=CIRCLE('',#5197,0.0021);
#3049=CIRCLE('',#5198,0.002);
#3050=CIRCLE('',#5199,0.0021);
#3051=CIRCLE('',#5200,0.0021);
#3052=CIRCLE('',#5201,0.0026);
#3053=CIRCLE('',#5203,0.002);
#3054=CIRCLE('',#5204,0.0021);
#3055=CIRCLE('',#5205,0.0021);
#3056=CIRCLE('',#5206,0.0021);
#3057=CIRCLE('',#5207,0.0021);
#3058=CIRCLE('',#5208,0.0026);
#3059=CIRCLE('',#5225,0.0026);
#3060=CIRCLE('',#5226,0.0026);
#3061=CIRCLE('',#5228,0.0021);
#3062=CIRCLE('',#5229,0.0021);
#3063=CIRCLE('',#5231,0.0021);
#3064=CIRCLE('',#5232,0.0021);
#3065=CIRCLE('',#5234,0.002);
#3066=CIRCLE('',#5235,0.0021);
#3067=CIRCLE('',#5236,0.0021);
#3068=CIRCLE('',#5238,0.002);
#3069=CIRCLE('',#5239,0.0021);
#3070=CIRCLE('',#5240,0.0021);
#3071=CIRCLE('',#5250,0.0026);
#3072=CIRCLE('',#5251,0.0021);
#3073=CIRCLE('',#5252,0.0021);
#3074=CIRCLE('',#5253,0.002);
#3075=CIRCLE('',#5254,0.0021);
#3076=CIRCLE('',#5255,0.0021);
#3077=CIRCLE('',#5257,0.0026);
#3078=CIRCLE('',#5258,0.0021);
#3079=CIRCLE('',#5259,0.0021);
#3080=CIRCLE('',#5260,0.002);
#3081=CIRCLE('',#5261,0.0021);
#3082=CIRCLE('',#5262,0.0021);
#3083=CIRCLE('',#5277,0.0021);
#3084=CIRCLE('',#5278,0.0021);
#3085=CIRCLE('',#5279,0.0021);
#3086=CIRCLE('',#5280,0.0021);
#3087=CIRCLE('',#5281,0.0021);
#3088=CIRCLE('',#5282,0.0021);
#3089=CIRCLE('',#5283,0.0021);
#3090=CIRCLE('',#5284,0.0021);
#3091=CIRCLE('',#5285,0.0021);
#3092=CIRCLE('',#5286,0.0021);
#3093=CIRCLE('',#5287,0.003);
#3094=CIRCLE('',#5288,0.003);
#3095=CIRCLE('',#5289,0.0035);
#3096=CIRCLE('',#5290,0.003);
#3097=CIRCLE('',#5291,0.003);
#3098=CIRCLE('',#5292,0.0035);
#3099=CIRCLE('',#5293,0.003);
#3100=CIRCLE('',#5294,0.003);
#3101=CIRCLE('',#5295,0.0035);
#3102=CIRCLE('',#5296,0.003);
#3103=CIRCLE('',#5297,0.003);
#3104=CIRCLE('',#5298,0.003);
#3105=CIRCLE('',#5299,0.003);
#3106=CIRCLE('',#5300,0.0035);
#3107=CIRCLE('',#5301,0.002);
#3108=CIRCLE('',#5302,0.002);
#3109=CIRCLE('',#5303,0.002);
#3110=CIRCLE('',#5304,0.002);
#3111=CIRCLE('',#5305,0.0035);
#3112=CIRCLE('',#5306,0.0035);
#3113=CIRCLE('',#5307,0.003);
#3114=CIRCLE('',#5308,0.003);
#3115=CIRCLE('',#5309,0.0035);
#3116=CIRCLE('',#5310,0.003);
#3117=CIRCLE('',#5311,0.003);
#3118=CIRCLE('',#5312,0.0035);
#3119=CIRCLE('',#5313,0.003);
#3120=CIRCLE('',#5314,0.003);
#3121=CIRCLE('',#5315,0.0035);
#3122=CIRCLE('',#5316,0.003);
#3123=CIRCLE('',#5317,0.003);
#3124=CIRCLE('',#5318,0.0021);
#3125=CIRCLE('',#5319,0.0021);
#3126=CIRCLE('',#5320,0.0021);
#3127=CIRCLE('',#5321,0.0021);
#3128=CIRCLE('',#5322,0.0021);
#3129=CIRCLE('',#5323,0.0021);
#3130=CIRCLE('',#5324,0.0021);
#3131=CIRCLE('',#5325,0.0021);
#3132=CIRCLE('',#5326,0.0021);
#3133=CIRCLE('',#5327,0.0021);
#3134=CIRCLE('',#5329,0.0021);
#3135=CIRCLE('',#5330,0.0021);
#3136=CIRCLE('',#5331,0.0021);
#3137=CIRCLE('',#5332,0.0021);
#3138=CIRCLE('',#5333,0.0021);
#3139=CIRCLE('',#5334,0.0021);
#3140=CIRCLE('',#5335,0.0021);
#3141=CIRCLE('',#5336,0.0021);
#3142=CIRCLE('',#5337,0.0021);
#3143=CIRCLE('',#5338,0.0021);
#3144=CIRCLE('',#5339,0.01755);
#3145=CIRCLE('',#5340,0.01755);
#3146=CIRCLE('',#5341,0.01755);
#3147=CIRCLE('',#5342,0.01755);
#3148=CIRCLE('',#5343,0.01755);
#3149=CIRCLE('',#5344,0.01755);
#3150=CIRCLE('',#5345,0.01755);
#3151=CIRCLE('',#5346,0.01755);
#3152=CIRCLE('',#5347,0.01755);
#3153=CIRCLE('',#5348,0.002);
#3154=CIRCLE('',#5349,0.002);
#3155=CIRCLE('',#5350,0.002);
#3156=CIRCLE('',#5351,0.002);
#3157=CIRCLE('',#5352,0.0021);
#3158=CIRCLE('',#5353,0.0021);
#3159=CIRCLE('',#5354,0.0021);
#3160=CIRCLE('',#5355,0.0021);
#3161=CIRCLE('',#5356,0.0021);
#3162=CIRCLE('',#5357,0.0021);
#3163=CIRCLE('',#5358,0.0021);
#3164=CIRCLE('',#5359,0.0021);
#3165=CIRCLE('',#5360,0.0021);
#3166=CIRCLE('',#5361,0.0021);
#3167=CIRCLE('',#5367,0.01755);
#3168=CIRCLE('',#5369,0.003);
#3169=CIRCLE('',#5370,0.003);
#3170=CIRCLE('',#5371,0.0035);
#3171=CIRCLE('',#5373,0.01755);
#3172=CIRCLE('',#5375,0.003);
#3173=CIRCLE('',#5376,0.003);
#3174=CIRCLE('',#5377,0.0035);
#3175=CIRCLE('',#5379,0.01755);
#3176=CIRCLE('',#5381,0.003);
#3177=CIRCLE('',#5382,0.003);
#3178=CIRCLE('',#5383,0.0035);
#3179=CIRCLE('',#5385,0.01755);
#3180=CIRCLE('',#5387,0.003);
#3181=CIRCLE('',#5388,0.003);
#3182=CIRCLE('',#5389,0.0035);
#3183=CIRCLE('',#5391,0.01755);
#3184=CIRCLE('',#5393,0.003);
#3185=CIRCLE('',#5394,0.003);
#3186=CIRCLE('',#5395,0.0035);
#3187=CIRCLE('',#5397,0.01755);
#3188=CIRCLE('',#5399,0.003);
#3189=CIRCLE('',#5400,0.003);
#3190=CIRCLE('',#5401,0.0035);
#3191=CIRCLE('',#5403,0.01755);
#3192=CIRCLE('',#5405,0.003);
#3193=CIRCLE('',#5406,0.003);
#3194=CIRCLE('',#5407,0.0035);
#3195=CIRCLE('',#5409,0.01755);
#3196=CIRCLE('',#5411,0.003);
#3197=CIRCLE('',#5412,0.003);
#3198=CIRCLE('',#5413,0.0035);
#3199=CIRCLE('',#5415,0.01755);
#3200=CIRCLE('',#5417,0.003);
#3201=CIRCLE('',#5418,0.003);
#3202=CIRCLE('',#5419,0.0035);
#3203=EDGE_LOOP('',(#747));
#3204=EDGE_LOOP('',(#748));
#3205=EDGE_LOOP('',(#749));
#3206=EDGE_LOOP('',(#750));
#3207=EDGE_LOOP('',(#751));
#3208=EDGE_LOOP('',(#752));
#3209=EDGE_LOOP('',(#753));
#3210=EDGE_LOOP('',(#754));
#3211=EDGE_LOOP('',(#755));
#3212=EDGE_LOOP('',(#756));
#3213=EDGE_LOOP('',(#757,#758,#759,#760,#761,#762,#763,#764));
#3214=EDGE_LOOP('',(#765));
#3215=EDGE_LOOP('',(#766));
#3216=EDGE_LOOP('',(#767));
#3217=EDGE_LOOP('',(#768));
#3218=EDGE_LOOP('',(#769));
#3219=EDGE_LOOP('',(#770));
#3220=EDGE_LOOP('',(#771));
#3221=EDGE_LOOP('',(#772));
#3222=EDGE_LOOP('',(#773));
#3223=EDGE_LOOP('',(#774));
#3224=EDGE_LOOP('',(#775));
#3225=EDGE_LOOP('',(#776));
#3226=EDGE_LOOP('',(#777));
#3227=EDGE_LOOP('',(#778));
#3228=EDGE_LOOP('',(#779));
#3229=EDGE_LOOP('',(#780));
#3230=EDGE_LOOP('',(#781));
#3231=EDGE_LOOP('',(#782));
#3232=EDGE_LOOP('',(#783));
#3233=EDGE_LOOP('',(#784));
#3234=EDGE_LOOP('',(#785,#786,#787,#788,#789,#790,#791,#792));
#3235=EDGE_LOOP('',(#793));
#3236=EDGE_LOOP('',(#794));
#3237=EDGE_LOOP('',(#795));
#3238=EDGE_LOOP('',(#796));
#3239=EDGE_LOOP('',(#797));
#3240=EDGE_LOOP('',(#798));
#3241=EDGE_LOOP('',(#799));
#3242=EDGE_LOOP('',(#800));
#3243=EDGE_LOOP('',(#801));
#3244=EDGE_LOOP('',(#802));
#3245=EDGE_LOOP('',(#803,#804,#805,#806));
#3246=EDGE_LOOP('',(#807,#808,#809,#810));
#3247=EDGE_LOOP('',(#811,#812,#813,#814));
#3248=EDGE_LOOP('',(#815,#816,#817,#818));
#3249=EDGE_LOOP('',(#819));
#3250=EDGE_LOOP('',(#820));
#3251=EDGE_LOOP('',(#821));
#3252=EDGE_LOOP('',(#822));
#3253=EDGE_LOOP('',(#823));
#3254=EDGE_LOOP('',(#824));
#3255=EDGE_LOOP('',(#825));
#3256=EDGE_LOOP('',(#826));
#3257=EDGE_LOOP('',(#827));
#3258=EDGE_LOOP('',(#828));
#3259=EDGE_LOOP('',(#829));
#3260=EDGE_LOOP('',(#830));
#3261=EDGE_LOOP('',(#831));
#3262=EDGE_LOOP('',(#832));
#3263=EDGE_LOOP('',(#833));
#3264=EDGE_LOOP('',(#834));
#3265=EDGE_LOOP('',(#835));
#3266=EDGE_LOOP('',(#836));
#3267=EDGE_LOOP('',(#837));
#3268=EDGE_LOOP('',(#838));
#3269=EDGE_LOOP('',(#839));
#3270=EDGE_LOOP('',(#840));
#3271=EDGE_LOOP('',(#841));
#3272=EDGE_LOOP('',(#842));
#3273=EDGE_LOOP('',(#843));
#3274=EDGE_LOOP('',(#844));
#3275=EDGE_LOOP('',(#845));
#3276=EDGE_LOOP('',(#846));
#3277=EDGE_LOOP('',(#847));
#3278=EDGE_LOOP('',(#848));
#3279=EDGE_LOOP('',(#849));
#3280=EDGE_LOOP('',(#850));
#3281=EDGE_LOOP('',(#851));
#3282=EDGE_LOOP('',(#852));
#3283=EDGE_LOOP('',(#853));
#3284=EDGE_LOOP('',(#854));
#3285=EDGE_LOOP('',(#855));
#3286=EDGE_LOOP('',(#856));
#3287=EDGE_LOOP('',(#857));
#3288=EDGE_LOOP('',(#858));
#3289=EDGE_LOOP('',(#859,#860,#861,#862));
#3290=EDGE_LOOP('',(#863,#864,#865,#866));
#3291=EDGE_LOOP('',(#867,#868,#869,#870));
#3292=EDGE_LOOP('',(#871,#872,#873,#874));
#3293=EDGE_LOOP('',(#875));
#3294=EDGE_LOOP('',(#876));
#3295=EDGE_LOOP('',(#877));
#3296=EDGE_LOOP('',(#878));
#3297=EDGE_LOOP('',(#879));
#3298=EDGE_LOOP('',(#880));
#3299=EDGE_LOOP('',(#881));
#3300=EDGE_LOOP('',(#882));
#3301=EDGE_LOOP('',(#883));
#3302=EDGE_LOOP('',(#884));
#3303=EDGE_LOOP('',(#885));
#3304=EDGE_LOOP('',(#886));
#3305=EDGE_LOOP('',(#887));
#3306=EDGE_LOOP('',(#888));
#3307=EDGE_LOOP('',(#889,#890,#891,#892));
#3308=EDGE_LOOP('',(#893,#894,#895,#896));
#3309=EDGE_LOOP('',(#897,#898,#899,#900));
#3310=EDGE_LOOP('',(#901,#902,#903,#904));
#3311=EDGE_LOOP('',(#905,#906,#907,#908));
#3312=EDGE_LOOP('',(#909,#910,#911,#912));
#3313=EDGE_LOOP('',(#913,#914,#915,#916,#917,#918,#919));
#3314=EDGE_LOOP('',(#920));
#3315=EDGE_LOOP('',(#921));
#3316=EDGE_LOOP('',(#922));
#3317=EDGE_LOOP('',(#923));
#3318=EDGE_LOOP('',(#924));
#3319=EDGE_LOOP('',(#925));
#3320=EDGE_LOOP('',(#926,#927,#928,#929,#930,#931,#932));
#3321=EDGE_LOOP('',(#933,#934,#935,#936));
#3322=EDGE_LOOP('',(#937));
#3323=EDGE_LOOP('',(#938));
#3324=EDGE_LOOP('',(#939));
#3325=EDGE_LOOP('',(#940));
#3326=EDGE_LOOP('',(#941));
#3327=EDGE_LOOP('',(#942,#943,#944,#945,#946,#947,#948));
#3328=EDGE_LOOP('',(#949));
#3329=EDGE_LOOP('',(#950,#951,#952,#953,#954,#955,#956));
#3330=EDGE_LOOP('',(#957,#958,#959,#960));
#3331=EDGE_LOOP('',(#961,#962,#963,#964));
#3332=EDGE_LOOP('',(#965,#966,#967,#968));
#3333=EDGE_LOOP('',(#969,#970,#971,#972));
#3334=EDGE_LOOP('',(#973,#974,#975,#976));
#3335=EDGE_LOOP('',(#977));
#3336=EDGE_LOOP('',(#978));
#3337=EDGE_LOOP('',(#979));
#3338=EDGE_LOOP('',(#980));
#3339=EDGE_LOOP('',(#981));
#3340=EDGE_LOOP('',(#982));
#3341=EDGE_LOOP('',(#983));
#3342=EDGE_LOOP('',(#984));
#3343=EDGE_LOOP('',(#985));
#3344=EDGE_LOOP('',(#986));
#3345=EDGE_LOOP('',(#987));
#3346=EDGE_LOOP('',(#988));
#3347=EDGE_LOOP('',(#989));
#3348=EDGE_LOOP('',(#990));
#3349=EDGE_LOOP('',(#991,#992,#993,#994));
#3350=EDGE_LOOP('',(#995,#996,#997,#998));
#3351=EDGE_LOOP('',(#999,#1000,#1001,#1002));
#3352=EDGE_LOOP('',(#1003,#1004,#1005,#1006));
#3353=EDGE_LOOP('',(#1007));
#3354=EDGE_LOOP('',(#1008,#1009,#1010,#1011,#1012,#1013,#1014));
#3355=EDGE_LOOP('',(#1015));
#3356=EDGE_LOOP('',(#1016));
#3357=EDGE_LOOP('',(#1017));
#3358=EDGE_LOOP('',(#1018));
#3359=EDGE_LOOP('',(#1019));
#3360=EDGE_LOOP('',(#1020,#1021,#1022,#1023,#1024,#1025,#1026));
#3361=EDGE_LOOP('',(#1027));
#3362=EDGE_LOOP('',(#1028));
#3363=EDGE_LOOP('',(#1029));
#3364=EDGE_LOOP('',(#1030));
#3365=EDGE_LOOP('',(#1031));
#3366=EDGE_LOOP('',(#1032));
#3367=EDGE_LOOP('',(#1033));
#3368=EDGE_LOOP('',(#1034));
#3369=EDGE_LOOP('',(#1035));
#3370=EDGE_LOOP('',(#1036));
#3371=EDGE_LOOP('',(#1037));
#3372=EDGE_LOOP('',(#1038));
#3373=EDGE_LOOP('',(#1039));
#3374=EDGE_LOOP('',(#1040));
#3375=EDGE_LOOP('',(#1041,#1042,#1043,#1044));
#3376=EDGE_LOOP('',(#1045,#1046,#1047,#1048));
#3377=EDGE_LOOP('',(#1049,#1050,#1051,#1052));
#3378=EDGE_LOOP('',(#1053,#1054,#1055,#1056));
#3379=EDGE_LOOP('',(#1057,#1058,#1059,#1060));
#3380=EDGE_LOOP('',(#1061));
#3381=EDGE_LOOP('',(#1062));
#3382=EDGE_LOOP('',(#1063));
#3383=EDGE_LOOP('',(#1064));
#3384=EDGE_LOOP('',(#1065,#1066,#1067,#1068));
#3385=EDGE_LOOP('',(#1069,#1070,#1071,#1072));
#3386=EDGE_LOOP('',(#1073,#1074,#1075,#1076));
#3387=EDGE_LOOP('',(#1077,#1078,#1079,#1080));
#3388=EDGE_LOOP('',(#1081));
#3389=EDGE_LOOP('',(#1082));
#3390=EDGE_LOOP('',(#1083));
#3391=EDGE_LOOP('',(#1084));
#3392=EDGE_LOOP('',(#1085));
#3393=EDGE_LOOP('',(#1086));
#3394=EDGE_LOOP('',(#1087));
#3395=EDGE_LOOP('',(#1088));
#3396=EDGE_LOOP('',(#1089));
#3397=EDGE_LOOP('',(#1090));
#3398=EDGE_LOOP('',(#1091,#1092,#1093,#1094,#1095,#1096,#1097));
#3399=EDGE_LOOP('',(#1098));
#3400=EDGE_LOOP('',(#1099));
#3401=EDGE_LOOP('',(#1100));
#3402=EDGE_LOOP('',(#1101));
#3403=EDGE_LOOP('',(#1102));
#3404=EDGE_LOOP('',(#1103));
#3405=EDGE_LOOP('',(#1104,#1105,#1106,#1107,#1108,#1109,#1110));
#3406=EDGE_LOOP('',(#1111,#1112,#1113,#1114));
#3407=EDGE_LOOP('',(#1115,#1116,#1117,#1118));
#3408=EDGE_LOOP('',(#1119,#1120,#1121,#1122));
#3409=EDGE_LOOP('',(#1123));
#3410=EDGE_LOOP('',(#1124));
#3411=EDGE_LOOP('',(#1125));
#3412=EDGE_LOOP('',(#1126));
#3413=EDGE_LOOP('',(#1127));
#3414=EDGE_LOOP('',(#1128));
#3415=EDGE_LOOP('',(#1129));
#3416=EDGE_LOOP('',(#1130));
#3417=EDGE_LOOP('',(#1131,#1132,#1133,#1134));
#3418=EDGE_LOOP('',(#1135,#1136,#1137,#1138));
#3419=EDGE_LOOP('',(#1139,#1140,#1141,#1142));
#3420=EDGE_LOOP('',(#1143,#1144,#1145,#1146));
#3421=EDGE_LOOP('',(#1147,#1148,#1149,#1150));
#3422=EDGE_LOOP('',(#1151,#1152,#1153,#1154));
#3423=EDGE_LOOP('',(#1155,#1156,#1157,#1158));
#3424=EDGE_LOOP('',(#1159,#1160,#1161,#1162));
#3425=EDGE_LOOP('',(#1163,#1164,#1165,#1166));
#3426=EDGE_LOOP('',(#1167,#1168,#1169,#1170,#1171,#1172,#1173,#1174));
#3427=EDGE_LOOP('',(#1175));
#3428=EDGE_LOOP('',(#1176));
#3429=EDGE_LOOP('',(#1177));
#3430=EDGE_LOOP('',(#1178));
#3431=EDGE_LOOP('',(#1179,#1180,#1181,#1182));
#3432=EDGE_LOOP('',(#1183,#1184,#1185,#1186));
#3433=EDGE_LOOP('',(#1187,#1188,#1189,#1190));
#3434=EDGE_LOOP('',(#1191,#1192,#1193,#1194));
#3435=EDGE_LOOP('',(#1195,#1196,#1197,#1198));
#3436=EDGE_LOOP('',(#1199));
#3437=EDGE_LOOP('',(#1200));
#3438=EDGE_LOOP('',(#1201));
#3439=EDGE_LOOP('',(#1202));
#3440=EDGE_LOOP('',(#1203,#1204,#1205,#1206,#1207,#1208,#1209,#1210));
#3441=EDGE_LOOP('',(#1211));
#3442=EDGE_LOOP('',(#1212));
#3443=EDGE_LOOP('',(#1213));
#3444=EDGE_LOOP('',(#1214));
#3445=EDGE_LOOP('',(#1215));
#3446=EDGE_LOOP('',(#1216));
#3447=EDGE_LOOP('',(#1217));
#3448=EDGE_LOOP('',(#1218));
#3449=EDGE_LOOP('',(#1219));
#3450=EDGE_LOOP('',(#1220));
#3451=EDGE_LOOP('',(#1221));
#3452=EDGE_LOOP('',(#1222));
#3453=EDGE_LOOP('',(#1223));
#3454=EDGE_LOOP('',(#1224));
#3455=EDGE_LOOP('',(#1225));
#3456=EDGE_LOOP('',(#1226));
#3457=EDGE_LOOP('',(#1227,#1228,#1229,#1230));
#3458=EDGE_LOOP('',(#1231));
#3459=EDGE_LOOP('',(#1232));
#3460=EDGE_LOOP('',(#1233));
#3461=EDGE_LOOP('',(#1234));
#3462=EDGE_LOOP('',(#1235,#1236,#1237,#1238));
#3463=EDGE_LOOP('',(#1239,#1240,#1241,#1242));
#3464=EDGE_LOOP('',(#1243));
#3465=EDGE_LOOP('',(#1244));
#3466=EDGE_LOOP('',(#1245,#1246,#1247,#1248,#1249,#1250,#1251));
#3467=EDGE_LOOP('',(#1252));
#3468=EDGE_LOOP('',(#1253));
#3469=EDGE_LOOP('',(#1254));
#3470=EDGE_LOOP('',(#1255));
#3471=EDGE_LOOP('',(#1256));
#3472=EDGE_LOOP('',(#1257,#1258,#1259,#1260,#1261,#1262,#1263));
#3473=EDGE_LOOP('',(#1264));
#3474=EDGE_LOOP('',(#1265));
#3475=EDGE_LOOP('',(#1266));
#3476=EDGE_LOOP('',(#1267));
#3477=EDGE_LOOP('',(#1268));
#3478=EDGE_LOOP('',(#1269));
#3479=EDGE_LOOP('',(#1270));
#3480=EDGE_LOOP('',(#1271));
#3481=EDGE_LOOP('',(#1272));
#3482=EDGE_LOOP('',(#1273,#1274,#1275,#1276));
#3483=EDGE_LOOP('',(#1277,#1278,#1279,#1280));
#3484=EDGE_LOOP('',(#1281,#1282,#1283,#1284));
#3485=EDGE_LOOP('',(#1285,#1286,#1287,#1288));
#3486=EDGE_LOOP('',(#1289));
#3487=EDGE_LOOP('',(#1290));
#3488=EDGE_LOOP('',(#1291,#1292,#1293,#1294,#1295,#1296,#1297));
#3489=EDGE_LOOP('',(#1298));
#3490=EDGE_LOOP('',(#1299));
#3491=EDGE_LOOP('',(#1300));
#3492=EDGE_LOOP('',(#1301,#1302,#1303,#1304,#1305,#1306,#1307));
#3493=EDGE_LOOP('',(#1308));
#3494=EDGE_LOOP('',(#1309));
#3495=EDGE_LOOP('',(#1310));
#3496=EDGE_LOOP('',(#1311));
#3497=EDGE_LOOP('',(#1312));
#3498=EDGE_LOOP('',(#1313));
#3499=EDGE_LOOP('',(#1314));
#3500=EDGE_LOOP('',(#1315));
#3501=EDGE_LOOP('',(#1316));
#3502=EDGE_LOOP('',(#1317,#1318,#1319,#1320));
#3503=EDGE_LOOP('',(#1321,#1322,#1323,#1324));
#3504=EDGE_LOOP('',(#1325,#1326,#1327,#1328));
#3505=EDGE_LOOP('',(#1329,#1330,#1331,#1332));
#3506=EDGE_LOOP('',(#1333,#1334,#1335,#1336));
#3507=EDGE_LOOP('',(#1337));
#3508=EDGE_LOOP('',(#1338));
#3509=EDGE_LOOP('',(#1339));
#3510=EDGE_LOOP('',(#1340));
#3511=EDGE_LOOP('',(#1341));
#3512=EDGE_LOOP('',(#1342));
#3513=EDGE_LOOP('',(#1343,#1344,#1345,#1346));
#3514=EDGE_LOOP('',(#1347,#1348,#1349,#1350));
#3515=EDGE_LOOP('',(#1351,#1352,#1353,#1354));
#3516=EDGE_LOOP('',(#1355,#1356,#1357,#1358));
#3517=EDGE_LOOP('',(#1359));
#3518=EDGE_LOOP('',(#1360));
#3519=EDGE_LOOP('',(#1361));
#3520=EDGE_LOOP('',(#1362));
#3521=EDGE_LOOP('',(#1363));
#3522=EDGE_LOOP('',(#1364));
#3523=EDGE_LOOP('',(#1365));
#3524=EDGE_LOOP('',(#1366));
#3525=EDGE_LOOP('',(#1367));
#3526=EDGE_LOOP('',(#1368,#1369,#1370,#1371,#1372,#1373,#1374));
#3527=EDGE_LOOP('',(#1375));
#3528=EDGE_LOOP('',(#1376));
#3529=EDGE_LOOP('',(#1377,#1378,#1379,#1380,#1381,#1382,#1383));
#3530=EDGE_LOOP('',(#1384));
#3531=EDGE_LOOP('',(#1385));
#3532=EDGE_LOOP('',(#1386));
#3533=EDGE_LOOP('',(#1387));
#3534=EDGE_LOOP('',(#1388));
#3535=EDGE_LOOP('',(#1389,#1390,#1391,#1392));
#3536=EDGE_LOOP('',(#1393,#1394,#1395,#1396));
#3537=EDGE_LOOP('',(#1397));
#3538=EDGE_LOOP('',(#1398));
#3539=EDGE_LOOP('',(#1399));
#3540=EDGE_LOOP('',(#1400));
#3541=EDGE_LOOP('',(#1401,#1402,#1403,#1404));
#3542=EDGE_LOOP('',(#1405,#1406,#1407,#1408));
#3543=EDGE_LOOP('',(#1409,#1410,#1411,#1412));
#3544=EDGE_LOOP('',(#1413));
#3545=EDGE_LOOP('',(#1414));
#3546=EDGE_LOOP('',(#1415));
#3547=EDGE_LOOP('',(#1416,#1417,#1418,#1419,#1420,#1421,#1422));
#3548=EDGE_LOOP('',(#1423));
#3549=EDGE_LOOP('',(#1424));
#3550=EDGE_LOOP('',(#1425));
#3551=EDGE_LOOP('',(#1426));
#3552=EDGE_LOOP('',(#1427));
#3553=EDGE_LOOP('',(#1428,#1429,#1430,#1431,#1432,#1433,#1434));
#3554=EDGE_LOOP('',(#1435));
#3555=EDGE_LOOP('',(#1436));
#3556=EDGE_LOOP('',(#1437,#1438,#1439,#1440));
#3557=EDGE_LOOP('',(#1441,#1442,#1443,#1444));
#3558=EDGE_LOOP('',(#1445,#1446,#1447,#1448));
#3559=EDGE_LOOP('',(#1449));
#3560=EDGE_LOOP('',(#1450));
#3561=EDGE_LOOP('',(#1451));
#3562=EDGE_LOOP('',(#1452));
#3563=EDGE_LOOP('',(#1453));
#3564=EDGE_LOOP('',(#1454));
#3565=EDGE_LOOP('',(#1455,#1456,#1457,#1458));
#3566=EDGE_LOOP('',(#1459,#1460,#1461,#1462));
#3567=EDGE_LOOP('',(#1463));
#3568=EDGE_LOOP('',(#1464));
#3569=EDGE_LOOP('',(#1465));
#3570=EDGE_LOOP('',(#1466));
#3571=EDGE_LOOP('',(#1467,#1468,#1469,#1470));
#3572=EDGE_LOOP('',(#1471,#1472,#1473,#1474));
#3573=EDGE_LOOP('',(#1475));
#3574=EDGE_LOOP('',(#1476));
#3575=EDGE_LOOP('',(#1477));
#3576=EDGE_LOOP('',(#1478));
#3577=EDGE_LOOP('',(#1479));
#3578=EDGE_LOOP('',(#1480));
#3579=EDGE_LOOP('',(#1481));
#3580=EDGE_LOOP('',(#1482));
#3581=EDGE_LOOP('',(#1483));
#3582=EDGE_LOOP('',(#1484));
#3583=EDGE_LOOP('',(#1485,#1486,#1487,#1488));
#3584=EDGE_LOOP('',(#1489));
#3585=EDGE_LOOP('',(#1490,#1491,#1492,#1493));
#3586=EDGE_LOOP('',(#1494));
#3587=EDGE_LOOP('',(#1495,#1496,#1497,#1498));
#3588=EDGE_LOOP('',(#1499));
#3589=EDGE_LOOP('',(#1500,#1501,#1502,#1503));
#3590=EDGE_LOOP('',(#1504,#1505,#1506,#1507));
#3591=EDGE_LOOP('',(#1508));
#3592=EDGE_LOOP('',(#1509,#1510,#1511,#1512,#1513,#1514,#1515,#1516));
#3593=EDGE_LOOP('',(#1517));
#3594=EDGE_LOOP('',(#1518));
#3595=EDGE_LOOP('',(#1519,#1520,#1521,#1522));
#3596=EDGE_LOOP('',(#1523));
#3597=EDGE_LOOP('',(#1524,#1525,#1526,#1527));
#3598=EDGE_LOOP('',(#1528));
#3599=EDGE_LOOP('',(#1529,#1530,#1531,#1532));
#3600=EDGE_LOOP('',(#1533));
#3601=EDGE_LOOP('',(#1534,#1535,#1536,#1537));
#3602=EDGE_LOOP('',(#1538));
#3603=EDGE_LOOP('',(#1539));
#3604=EDGE_LOOP('',(#1540));
#3605=EDGE_LOOP('',(#1541));
#3606=EDGE_LOOP('',(#1542));
#3607=EDGE_LOOP('',(#1543));
#3608=EDGE_LOOP('',(#1544));
#3609=EDGE_LOOP('',(#1545));
#3610=EDGE_LOOP('',(#1546));
#3611=EDGE_LOOP('',(#1547));
#3612=EDGE_LOOP('',(#1548));
#3613=EDGE_LOOP('',(#1549));
#3614=EDGE_LOOP('',(#1550));
#3615=EDGE_LOOP('',(#1551));
#3616=EDGE_LOOP('',(#1552));
#3617=EDGE_LOOP('',(#1553));
#3618=EDGE_LOOP('',(#1554));
#3619=EDGE_LOOP('',(#1555));
#3620=EDGE_LOOP('',(#1556));
#3621=EDGE_LOOP('',(#1557));
#3622=EDGE_LOOP('',(#1558));
#3623=EDGE_LOOP('',(#1559));
#3624=EDGE_LOOP('',(#1560));
#3625=EDGE_LOOP('',(#1561));
#3626=EDGE_LOOP('',(#1562));
#3627=EDGE_LOOP('',(#1563));
#3628=EDGE_LOOP('',(#1564));
#3629=EDGE_LOOP('',(#1565));
#3630=EDGE_LOOP('',(#1566));
#3631=EDGE_LOOP('',(#1567,#1568,#1569,#1570,#1571,#1572,#1573,#1574));
#3632=EDGE_LOOP('',(#1575));
#3633=EDGE_LOOP('',(#1576));
#3634=EDGE_LOOP('',(#1577));
#3635=EDGE_LOOP('',(#1578));
#3636=EDGE_LOOP('',(#1579));
#3637=EDGE_LOOP('',(#1580));
#3638=EDGE_LOOP('',(#1581));
#3639=EDGE_LOOP('',(#1582));
#3640=EDGE_LOOP('',(#1583));
#3641=EDGE_LOOP('',(#1584));
#3642=EDGE_LOOP('',(#1585,#1586,#1587,#1588));
#3643=EDGE_LOOP('',(#1589,#1590,#1591,#1592));
#3644=EDGE_LOOP('',(#1593,#1594,#1595,#1596));
#3645=EDGE_LOOP('',(#1597,#1598,#1599,#1600));
#3646=EDGE_LOOP('',(#1601));
#3647=EDGE_LOOP('',(#1602));
#3648=EDGE_LOOP('',(#1603,#1604,#1605,#1606));
#3649=EDGE_LOOP('',(#1607));
#3650=EDGE_LOOP('',(#1608));
#3651=EDGE_LOOP('',(#1609));
#3652=EDGE_LOOP('',(#1610));
#3653=EDGE_LOOP('',(#1611,#1612,#1613,#1614));
#3654=EDGE_LOOP('',(#1615));
#3655=EDGE_LOOP('',(#1616));
#3656=EDGE_LOOP('',(#1617));
#3657=EDGE_LOOP('',(#1618));
#3658=EDGE_LOOP('',(#1619,#1620,#1621,#1622));
#3659=EDGE_LOOP('',(#1623));
#3660=EDGE_LOOP('',(#1624));
#3661=EDGE_LOOP('',(#1625));
#3662=EDGE_LOOP('',(#1626));
#3663=EDGE_LOOP('',(#1627,#1628,#1629,#1630));
#3664=EDGE_LOOP('',(#1631));
#3665=EDGE_LOOP('',(#1632));
#3666=EDGE_LOOP('',(#1633));
#3667=EDGE_LOOP('',(#1634));
#3668=EDGE_LOOP('',(#1635,#1636,#1637,#1638));
#3669=EDGE_LOOP('',(#1639));
#3670=EDGE_LOOP('',(#1640));
#3671=EDGE_LOOP('',(#1641));
#3672=EDGE_LOOP('',(#1642));
#3673=EDGE_LOOP('',(#1643,#1644,#1645,#1646));
#3674=EDGE_LOOP('',(#1647));
#3675=EDGE_LOOP('',(#1648));
#3676=EDGE_LOOP('',(#1649));
#3677=EDGE_LOOP('',(#1650));
#3678=EDGE_LOOP('',(#1651,#1652,#1653,#1654));
#3679=EDGE_LOOP('',(#1655));
#3680=EDGE_LOOP('',(#1656));
#3681=EDGE_LOOP('',(#1657));
#3682=EDGE_LOOP('',(#1658));
#3683=EDGE_LOOP('',(#1659,#1660,#1661,#1662));
#3684=EDGE_LOOP('',(#1663));
#3685=EDGE_LOOP('',(#1664));
#3686=EDGE_LOOP('',(#1665));
#3687=EDGE_LOOP('',(#1666));
#3688=EDGE_LOOP('',(#1667,#1668,#1669,#1670));
#3689=EDGE_LOOP('',(#1671));
#3690=EDGE_LOOP('',(#1672));
#3691=EDGE_LOOP('',(#1673,#1674,#1675,#1676));
#3692=EDGE_LOOP('',(#1677,#1678,#1679,#1680));
#3693=EDGE_LOOP('',(#1681,#1682,#1683,#1684));
#3694=EDGE_LOOP('',(#1685,#1686,#1687,#1688));
#3695=EDGE_LOOP('',(#1689));
#3696=EDGE_LOOP('',(#1690));
#3697=EDGE_LOOP('',(#1691,#1692,#1693,#1694));
#3698=EDGE_LOOP('',(#1695,#1696,#1697,#1698));
#3699=EDGE_LOOP('',(#1699,#1700,#1701,#1702));
#3700=EDGE_LOOP('',(#1703,#1704,#1705,#1706));
#3701=EDGE_LOOP('',(#1707));
#3702=EDGE_LOOP('',(#1708));
#3703=EDGE_LOOP('',(#1709));
#3704=EDGE_LOOP('',(#1710));
#3705=EDGE_LOOP('',(#1711,#1712,#1713,#1714));
#3706=EDGE_LOOP('',(#1715,#1716,#1717,#1718));
#3707=EDGE_LOOP('',(#1719,#1720,#1721,#1722));
#3708=EDGE_LOOP('',(#1723,#1724,#1725,#1726));
#3709=EDGE_LOOP('',(#1727));
#3710=EDGE_LOOP('',(#1728));
#3711=EDGE_LOOP('',(#1729,#1730,#1731,#1732));
#3712=EDGE_LOOP('',(#1733,#1734,#1735,#1736));
#3713=EDGE_LOOP('',(#1737,#1738,#1739,#1740));
#3714=EDGE_LOOP('',(#1741,#1742,#1743,#1744));
#3715=EDGE_LOOP('',(#1745,#1746,#1747,#1748));
#3716=EDGE_LOOP('',(#1749,#1750,#1751,#1752));
#3717=EDGE_LOOP('',(#1753,#1754,#1755,#1756));
#3718=EDGE_LOOP('',(#1757,#1758,#1759,#1760));
#3719=EDGE_LOOP('',(#1761));
#3720=EDGE_LOOP('',(#1762));
#3721=EDGE_LOOP('',(#1763,#1764,#1765,#1766));
#3722=EDGE_LOOP('',(#1767,#1768,#1769,#1770));
#3723=EDGE_LOOP('',(#1771,#1772,#1773,#1774));
#3724=EDGE_LOOP('',(#1775,#1776,#1777,#1778));
#3725=EDGE_LOOP('',(#1779));
#3726=EDGE_LOOP('',(#1780));
#3727=EDGE_LOOP('',(#1781,#1782,#1783,#1784));
#3728=EDGE_LOOP('',(#1785,#1786,#1787,#1788));
#3729=EDGE_LOOP('',(#1789,#1790,#1791,#1792));
#3730=EDGE_LOOP('',(#1793,#1794,#1795,#1796));
#3731=EDGE_LOOP('',(#1797));
#3732=EDGE_LOOP('',(#1798));
#3733=EDGE_LOOP('',(#1799));
#3734=EDGE_LOOP('',(#1800));
#3735=EDGE_LOOP('',(#1801,#1802,#1803,#1804));
#3736=EDGE_LOOP('',(#1805,#1806,#1807,#1808));
#3737=EDGE_LOOP('',(#1809,#1810,#1811,#1812));
#3738=EDGE_LOOP('',(#1813,#1814,#1815,#1816));
#3739=EDGE_LOOP('',(#1817));
#3740=EDGE_LOOP('',(#1818));
#3741=EDGE_LOOP('',(#1819,#1820,#1821,#1822));
#3742=EDGE_LOOP('',(#1823,#1824,#1825,#1826));
#3743=EDGE_LOOP('',(#1827,#1828,#1829,#1830));
#3744=EDGE_LOOP('',(#1831,#1832,#1833,#1834));
#3745=EDGE_LOOP('',(#1835));
#3746=EDGE_LOOP('',(#1836));
#3747=EDGE_LOOP('',(#1837));
#3748=EDGE_LOOP('',(#1838));
#3749=EDGE_LOOP('',(#1839));
#3750=EDGE_LOOP('',(#1840));
#3751=EDGE_LOOP('',(#1841));
#3752=EDGE_LOOP('',(#1842));
#3753=EDGE_LOOP('',(#1843));
#3754=EDGE_LOOP('',(#1844));
#3755=EDGE_LOOP('',(#1845));
#3756=EDGE_LOOP('',(#1846));
#3757=EDGE_LOOP('',(#1847));
#3758=EDGE_LOOP('',(#1848));
#3759=EDGE_LOOP('',(#1849));
#3760=EDGE_LOOP('',(#1850));
#3761=EDGE_LOOP('',(#1851));
#3762=EDGE_LOOP('',(#1852));
#3763=EDGE_LOOP('',(#1853));
#3764=EDGE_LOOP('',(#1854));
#3765=EDGE_LOOP('',(#1855));
#3766=EDGE_LOOP('',(#1856));
#3767=EDGE_LOOP('',(#1857));
#3768=EDGE_LOOP('',(#1858));
#3769=EDGE_LOOP('',(#1859));
#3770=EDGE_LOOP('',(#1860));
#3771=EDGE_LOOP('',(#1861));
#3772=EDGE_LOOP('',(#1862));
#3773=EDGE_LOOP('',(#1863));
#3774=EDGE_LOOP('',(#1864));
#3775=EDGE_LOOP('',(#1865));
#3776=EDGE_LOOP('',(#1866));
#3777=EDGE_LOOP('',(#1867));
#3778=EDGE_LOOP('',(#1868));
#3779=EDGE_LOOP('',(#1869));
#3780=EDGE_LOOP('',(#1870));
#3781=EDGE_LOOP('',(#1871));
#3782=EDGE_LOOP('',(#1872));
#3783=EDGE_LOOP('',(#1873));
#3784=EDGE_LOOP('',(#1874));
#3785=EDGE_LOOP('',(#1875,#1876,#1877,#1878));
#3786=EDGE_LOOP('',(#1879,#1880,#1881,#1882));
#3787=EDGE_LOOP('',(#1883,#1884,#1885,#1886));
#3788=EDGE_LOOP('',(#1887,#1888,#1889,#1890));
#3789=FACE_BOUND('',#3203,.T.);
#3790=FACE_BOUND('',#3204,.T.);
#3791=FACE_BOUND('',#3205,.T.);
#3792=FACE_BOUND('',#3206,.T.);
#3793=FACE_BOUND('',#3207,.T.);
#3794=FACE_BOUND('',#3208,.T.);
#3795=FACE_BOUND('',#3209,.T.);
#3796=FACE_BOUND('',#3210,.T.);
#3797=FACE_BOUND('',#3211,.T.);
#3798=FACE_BOUND('',#3212,.T.);
#3799=FACE_BOUND('',#3213,.T.);
#3800=FACE_BOUND('',#3214,.T.);
#3801=FACE_BOUND('',#3215,.T.);
#3802=FACE_BOUND('',#3216,.T.);
#3803=FACE_BOUND('',#3217,.T.);
#3804=FACE_BOUND('',#3218,.T.);
#3805=FACE_BOUND('',#3219,.T.);
#3806=FACE_BOUND('',#3220,.T.);
#3807=FACE_BOUND('',#3221,.T.);
#3808=FACE_BOUND('',#3222,.T.);
#3809=FACE_BOUND('',#3223,.T.);
#3810=FACE_BOUND('',#3224,.T.);
#3811=FACE_BOUND('',#3225,.T.);
#3812=FACE_BOUND('',#3226,.T.);
#3813=FACE_BOUND('',#3227,.T.);
#3814=FACE_BOUND('',#3228,.T.);
#3815=FACE_BOUND('',#3229,.T.);
#3816=FACE_BOUND('',#3230,.T.);
#3817=FACE_BOUND('',#3231,.T.);
#3818=FACE_BOUND('',#3232,.T.);
#3819=FACE_BOUND('',#3233,.T.);
#3820=FACE_BOUND('',#3234,.T.);
#3821=FACE_BOUND('',#3235,.T.);
#3822=FACE_BOUND('',#3236,.T.);
#3823=FACE_BOUND('',#3237,.T.);
#3824=FACE_BOUND('',#3238,.T.);
#3825=FACE_BOUND('',#3239,.T.);
#3826=FACE_BOUND('',#3240,.T.);
#3827=FACE_BOUND('',#3241,.T.);
#3828=FACE_BOUND('',#3242,.T.);
#3829=FACE_BOUND('',#3243,.T.);
#3830=FACE_BOUND('',#3244,.T.);
#3831=FACE_BOUND('',#3245,.T.);
#3832=FACE_BOUND('',#3246,.T.);
#3833=FACE_BOUND('',#3247,.T.);
#3834=FACE_BOUND('',#3248,.T.);
#3835=FACE_BOUND('',#3249,.T.);
#3836=FACE_BOUND('',#3250,.T.);
#3837=FACE_BOUND('',#3251,.T.);
#3838=FACE_BOUND('',#3252,.T.);
#3839=FACE_BOUND('',#3253,.T.);
#3840=FACE_BOUND('',#3254,.T.);
#3841=FACE_BOUND('',#3255,.T.);
#3842=FACE_BOUND('',#3256,.T.);
#3843=FACE_BOUND('',#3257,.T.);
#3844=FACE_BOUND('',#3258,.T.);
#3845=FACE_BOUND('',#3259,.T.);
#3846=FACE_BOUND('',#3260,.T.);
#3847=FACE_BOUND('',#3261,.T.);
#3848=FACE_BOUND('',#3262,.T.);
#3849=FACE_BOUND('',#3263,.T.);
#3850=FACE_BOUND('',#3264,.T.);
#3851=FACE_BOUND('',#3265,.T.);
#3852=FACE_BOUND('',#3266,.T.);
#3853=FACE_BOUND('',#3267,.T.);
#3854=FACE_BOUND('',#3268,.T.);
#3855=FACE_BOUND('',#3269,.T.);
#3856=FACE_BOUND('',#3270,.T.);
#3857=FACE_BOUND('',#3271,.T.);
#3858=FACE_BOUND('',#3272,.T.);
#3859=FACE_BOUND('',#3273,.T.);
#3860=FACE_BOUND('',#3274,.T.);
#3861=FACE_BOUND('',#3275,.T.);
#3862=FACE_BOUND('',#3276,.T.);
#3863=FACE_BOUND('',#3277,.T.);
#3864=FACE_BOUND('',#3278,.T.);
#3865=FACE_BOUND('',#3279,.T.);
#3866=FACE_BOUND('',#3280,.T.);
#3867=FACE_BOUND('',#3281,.T.);
#3868=FACE_BOUND('',#3282,.T.);
#3869=FACE_BOUND('',#3283,.T.);
#3870=FACE_BOUND('',#3284,.T.);
#3871=FACE_BOUND('',#3285,.T.);
#3872=FACE_BOUND('',#3286,.T.);
#3873=FACE_BOUND('',#3287,.T.);
#3874=FACE_BOUND('',#3288,.T.);
#3875=FACE_BOUND('',#3289,.T.);
#3876=FACE_BOUND('',#3290,.T.);
#3877=FACE_BOUND('',#3291,.T.);
#3878=FACE_BOUND('',#3292,.T.);
#3879=FACE_BOUND('',#3293,.T.);
#3880=FACE_BOUND('',#3294,.T.);
#3881=FACE_BOUND('',#3295,.T.);
#3882=FACE_BOUND('',#3296,.T.);
#3883=FACE_BOUND('',#3297,.T.);
#3884=FACE_BOUND('',#3298,.T.);
#3885=FACE_BOUND('',#3299,.T.);
#3886=FACE_BOUND('',#3300,.T.);
#3887=FACE_BOUND('',#3301,.T.);
#3888=FACE_BOUND('',#3302,.T.);
#3889=FACE_BOUND('',#3303,.T.);
#3890=FACE_BOUND('',#3304,.T.);
#3891=FACE_BOUND('',#3305,.T.);
#3892=FACE_BOUND('',#3306,.T.);
#3893=FACE_BOUND('',#3307,.T.);
#3894=FACE_BOUND('',#3308,.T.);
#3895=FACE_BOUND('',#3309,.T.);
#3896=FACE_BOUND('',#3310,.T.);
#3897=FACE_BOUND('',#3311,.T.);
#3898=FACE_BOUND('',#3312,.T.);
#3899=FACE_BOUND('',#3313,.T.);
#3900=FACE_BOUND('',#3314,.T.);
#3901=FACE_BOUND('',#3315,.T.);
#3902=FACE_BOUND('',#3316,.T.);
#3903=FACE_BOUND('',#3317,.T.);
#3904=FACE_BOUND('',#3318,.T.);
#3905=FACE_BOUND('',#3319,.T.);
#3906=FACE_BOUND('',#3320,.T.);
#3907=FACE_BOUND('',#3321,.T.);
#3908=FACE_BOUND('',#3322,.T.);
#3909=FACE_BOUND('',#3323,.T.);
#3910=FACE_BOUND('',#3324,.T.);
#3911=FACE_BOUND('',#3325,.T.);
#3912=FACE_BOUND('',#3326,.T.);
#3913=FACE_BOUND('',#3327,.T.);
#3914=FACE_BOUND('',#3328,.T.);
#3915=FACE_BOUND('',#3329,.T.);
#3916=FACE_BOUND('',#3330,.T.);
#3917=FACE_BOUND('',#3331,.T.);
#3918=FACE_BOUND('',#3332,.T.);
#3919=FACE_BOUND('',#3333,.T.);
#3920=FACE_BOUND('',#3334,.T.);
#3921=FACE_BOUND('',#3335,.T.);
#3922=FACE_BOUND('',#3336,.T.);
#3923=FACE_BOUND('',#3337,.T.);
#3924=FACE_BOUND('',#3338,.T.);
#3925=FACE_BOUND('',#3339,.T.);
#3926=FACE_BOUND('',#3340,.T.);
#3927=FACE_BOUND('',#3341,.T.);
#3928=FACE_BOUND('',#3342,.T.);
#3929=FACE_BOUND('',#3343,.T.);
#3930=FACE_BOUND('',#3344,.T.);
#3931=FACE_BOUND('',#3345,.T.);
#3932=FACE_BOUND('',#3346,.T.);
#3933=FACE_BOUND('',#3347,.T.);
#3934=FACE_BOUND('',#3348,.T.);
#3935=FACE_BOUND('',#3349,.T.);
#3936=FACE_BOUND('',#3350,.T.);
#3937=FACE_BOUND('',#3351,.T.);
#3938=FACE_BOUND('',#3352,.T.);
#3939=FACE_BOUND('',#3353,.T.);
#3940=FACE_BOUND('',#3354,.T.);
#3941=FACE_BOUND('',#3355,.T.);
#3942=FACE_BOUND('',#3356,.T.);
#3943=FACE_BOUND('',#3357,.T.);
#3944=FACE_BOUND('',#3358,.T.);
#3945=FACE_BOUND('',#3359,.T.);
#3946=FACE_BOUND('',#3360,.T.);
#3947=FACE_BOUND('',#3361,.T.);
#3948=FACE_BOUND('',#3362,.T.);
#3949=FACE_BOUND('',#3363,.T.);
#3950=FACE_BOUND('',#3364,.T.);
#3951=FACE_BOUND('',#3365,.T.);
#3952=FACE_BOUND('',#3366,.T.);
#3953=FACE_BOUND('',#3367,.T.);
#3954=FACE_BOUND('',#3368,.T.);
#3955=FACE_BOUND('',#3369,.T.);
#3956=FACE_BOUND('',#3370,.T.);
#3957=FACE_BOUND('',#3371,.T.);
#3958=FACE_BOUND('',#3372,.T.);
#3959=FACE_BOUND('',#3373,.T.);
#3960=FACE_BOUND('',#3374,.T.);
#3961=FACE_BOUND('',#3375,.T.);
#3962=FACE_BOUND('',#3376,.T.);
#3963=FACE_BOUND('',#3377,.T.);
#3964=FACE_BOUND('',#3378,.T.);
#3965=FACE_BOUND('',#3379,.T.);
#3966=FACE_BOUND('',#3380,.T.);
#3967=FACE_BOUND('',#3381,.T.);
#3968=FACE_BOUND('',#3382,.T.);
#3969=FACE_BOUND('',#3383,.T.);
#3970=FACE_BOUND('',#3384,.T.);
#3971=FACE_BOUND('',#3385,.T.);
#3972=FACE_BOUND('',#3386,.T.);
#3973=FACE_BOUND('',#3387,.T.);
#3974=FACE_BOUND('',#3388,.T.);
#3975=FACE_BOUND('',#3389,.T.);
#3976=FACE_BOUND('',#3390,.T.);
#3977=FACE_BOUND('',#3391,.T.);
#3978=FACE_BOUND('',#3392,.T.);
#3979=FACE_BOUND('',#3393,.T.);
#3980=FACE_BOUND('',#3394,.T.);
#3981=FACE_BOUND('',#3395,.T.);
#3982=FACE_BOUND('',#3396,.T.);
#3983=FACE_BOUND('',#3397,.T.);
#3984=FACE_BOUND('',#3398,.T.);
#3985=FACE_BOUND('',#3399,.T.);
#3986=FACE_BOUND('',#3400,.T.);
#3987=FACE_BOUND('',#3401,.T.);
#3988=FACE_BOUND('',#3402,.T.);
#3989=FACE_BOUND('',#3403,.T.);
#3990=FACE_BOUND('',#3404,.T.);
#3991=FACE_BOUND('',#3405,.T.);
#3992=FACE_BOUND('',#3406,.T.);
#3993=FACE_BOUND('',#3407,.T.);
#3994=FACE_BOUND('',#3408,.T.);
#3995=FACE_BOUND('',#3409,.T.);
#3996=FACE_BOUND('',#3410,.T.);
#3997=FACE_BOUND('',#3411,.T.);
#3998=FACE_BOUND('',#3412,.T.);
#3999=FACE_BOUND('',#3413,.T.);
#4000=FACE_BOUND('',#3414,.T.);
#4001=FACE_BOUND('',#3415,.T.);
#4002=FACE_BOUND('',#3416,.T.);
#4003=FACE_BOUND('',#3417,.T.);
#4004=FACE_BOUND('',#3418,.T.);
#4005=FACE_BOUND('',#3419,.T.);
#4006=FACE_BOUND('',#3420,.T.);
#4007=FACE_BOUND('',#3421,.T.);
#4008=FACE_BOUND('',#3422,.T.);
#4009=FACE_BOUND('',#3423,.T.);
#4010=FACE_BOUND('',#3424,.T.);
#4011=FACE_BOUND('',#3425,.T.);
#4012=FACE_BOUND('',#3426,.T.);
#4013=FACE_BOUND('',#3427,.T.);
#4014=FACE_BOUND('',#3428,.T.);
#4015=FACE_BOUND('',#3429,.T.);
#4016=FACE_BOUND('',#3430,.T.);
#4017=FACE_BOUND('',#3431,.T.);
#4018=FACE_BOUND('',#3432,.T.);
#4019=FACE_BOUND('',#3433,.T.);
#4020=FACE_BOUND('',#3434,.T.);
#4021=FACE_BOUND('',#3435,.T.);
#4022=FACE_BOUND('',#3436,.T.);
#4023=FACE_BOUND('',#3437,.T.);
#4024=FACE_BOUND('',#3438,.T.);
#4025=FACE_BOUND('',#3439,.T.);
#4026=FACE_BOUND('',#3440,.T.);
#4027=FACE_BOUND('',#3441,.T.);
#4028=FACE_BOUND('',#3442,.T.);
#4029=FACE_BOUND('',#3443,.T.);
#4030=FACE_BOUND('',#3444,.T.);
#4031=FACE_BOUND('',#3445,.T.);
#4032=FACE_BOUND('',#3446,.T.);
#4033=FACE_BOUND('',#3447,.T.);
#4034=FACE_BOUND('',#3448,.T.);
#4035=FACE_BOUND('',#3449,.T.);
#4036=FACE_BOUND('',#3450,.T.);
#4037=FACE_BOUND('',#3451,.T.);
#4038=FACE_BOUND('',#3452,.T.);
#4039=FACE_BOUND('',#3453,.T.);
#4040=FACE_BOUND('',#3454,.T.);
#4041=FACE_BOUND('',#3455,.T.);
#4042=FACE_BOUND('',#3456,.T.);
#4043=FACE_BOUND('',#3457,.T.);
#4044=FACE_BOUND('',#3458,.T.);
#4045=FACE_BOUND('',#3459,.T.);
#4046=FACE_BOUND('',#3460,.T.);
#4047=FACE_BOUND('',#3461,.T.);
#4048=FACE_BOUND('',#3462,.T.);
#4049=FACE_BOUND('',#3463,.T.);
#4050=FACE_BOUND('',#3464,.T.);
#4051=FACE_BOUND('',#3465,.T.);
#4052=FACE_BOUND('',#3466,.T.);
#4053=FACE_BOUND('',#3467,.T.);
#4054=FACE_BOUND('',#3468,.T.);
#4055=FACE_BOUND('',#3469,.T.);
#4056=FACE_BOUND('',#3470,.T.);
#4057=FACE_BOUND('',#3471,.T.);
#4058=FACE_BOUND('',#3472,.T.);
#4059=FACE_BOUND('',#3473,.T.);
#4060=FACE_BOUND('',#3474,.T.);
#4061=FACE_BOUND('',#3475,.T.);
#4062=FACE_BOUND('',#3476,.T.);
#4063=FACE_BOUND('',#3477,.T.);
#4064=FACE_BOUND('',#3478,.T.);
#4065=FACE_BOUND('',#3479,.T.);
#4066=FACE_BOUND('',#3480,.T.);
#4067=FACE_BOUND('',#3481,.T.);
#4068=FACE_BOUND('',#3482,.T.);
#4069=FACE_BOUND('',#3483,.T.);
#4070=FACE_BOUND('',#3484,.T.);
#4071=FACE_BOUND('',#3485,.T.);
#4072=FACE_BOUND('',#3486,.T.);
#4073=FACE_BOUND('',#3487,.T.);
#4074=FACE_BOUND('',#3488,.T.);
#4075=FACE_BOUND('',#3489,.T.);
#4076=FACE_BOUND('',#3490,.T.);
#4077=FACE_BOUND('',#3491,.T.);
#4078=FACE_BOUND('',#3492,.T.);
#4079=FACE_BOUND('',#3493,.T.);
#4080=FACE_BOUND('',#3494,.T.);
#4081=FACE_BOUND('',#3495,.T.);
#4082=FACE_BOUND('',#3496,.T.);
#4083=FACE_BOUND('',#3497,.T.);
#4084=FACE_BOUND('',#3498,.T.);
#4085=FACE_BOUND('',#3499,.T.);
#4086=FACE_BOUND('',#3500,.T.);
#4087=FACE_BOUND('',#3501,.T.);
#4088=FACE_BOUND('',#3502,.T.);
#4089=FACE_BOUND('',#3503,.T.);
#4090=FACE_BOUND('',#3504,.T.);
#4091=FACE_BOUND('',#3505,.T.);
#4092=FACE_BOUND('',#3506,.T.);
#4093=FACE_BOUND('',#3507,.T.);
#4094=FACE_BOUND('',#3508,.T.);
#4095=FACE_BOUND('',#3509,.T.);
#4096=FACE_BOUND('',#3510,.T.);
#4097=FACE_BOUND('',#3511,.T.);
#4098=FACE_BOUND('',#3512,.T.);
#4099=FACE_BOUND('',#3513,.T.);
#4100=FACE_BOUND('',#3514,.T.);
#4101=FACE_BOUND('',#3515,.T.);
#4102=FACE_BOUND('',#3516,.T.);
#4103=FACE_BOUND('',#3517,.T.);
#4104=FACE_BOUND('',#3518,.T.);
#4105=FACE_BOUND('',#3519,.T.);
#4106=FACE_BOUND('',#3520,.T.);
#4107=FACE_BOUND('',#3521,.T.);
#4108=FACE_BOUND('',#3522,.T.);
#4109=FACE_BOUND('',#3523,.T.);
#4110=FACE_BOUND('',#3524,.T.);
#4111=FACE_BOUND('',#3525,.T.);
#4112=FACE_BOUND('',#3526,.T.);
#4113=FACE_BOUND('',#3527,.T.);
#4114=FACE_BOUND('',#3528,.T.);
#4115=FACE_BOUND('',#3529,.T.);
#4116=FACE_BOUND('',#3530,.T.);
#4117=FACE_BOUND('',#3531,.T.);
#4118=FACE_BOUND('',#3532,.T.);
#4119=FACE_BOUND('',#3533,.T.);
#4120=FACE_BOUND('',#3534,.T.);
#4121=FACE_BOUND('',#3535,.T.);
#4122=FACE_BOUND('',#3536,.T.);
#4123=FACE_BOUND('',#3537,.T.);
#4124=FACE_BOUND('',#3538,.T.);
#4125=FACE_BOUND('',#3539,.T.);
#4126=FACE_BOUND('',#3540,.T.);
#4127=FACE_BOUND('',#3541,.T.);
#4128=FACE_BOUND('',#3542,.T.);
#4129=FACE_BOUND('',#3543,.T.);
#4130=FACE_BOUND('',#3544,.T.);
#4131=FACE_BOUND('',#3545,.T.);
#4132=FACE_BOUND('',#3546,.T.);
#4133=FACE_BOUND('',#3547,.T.);
#4134=FACE_BOUND('',#3548,.T.);
#4135=FACE_BOUND('',#3549,.T.);
#4136=FACE_BOUND('',#3550,.T.);
#4137=FACE_BOUND('',#3551,.T.);
#4138=FACE_BOUND('',#3552,.T.);
#4139=FACE_BOUND('',#3553,.T.);
#4140=FACE_BOUND('',#3554,.T.);
#4141=FACE_BOUND('',#3555,.T.);
#4142=FACE_BOUND('',#3556,.T.);
#4143=FACE_BOUND('',#3557,.T.);
#4144=FACE_BOUND('',#3558,.T.);
#4145=FACE_BOUND('',#3559,.T.);
#4146=FACE_BOUND('',#3560,.T.);
#4147=FACE_BOUND('',#3561,.T.);
#4148=FACE_BOUND('',#3562,.T.);
#4149=FACE_BOUND('',#3563,.T.);
#4150=FACE_BOUND('',#3564,.T.);
#4151=FACE_BOUND('',#3565,.T.);
#4152=FACE_BOUND('',#3566,.T.);
#4153=FACE_BOUND('',#3567,.T.);
#4154=FACE_BOUND('',#3568,.T.);
#4155=FACE_BOUND('',#3569,.T.);
#4156=FACE_BOUND('',#3570,.T.);
#4157=FACE_BOUND('',#3571,.T.);
#4158=FACE_BOUND('',#3572,.T.);
#4159=FACE_BOUND('',#3573,.T.);
#4160=FACE_BOUND('',#3574,.T.);
#4161=FACE_BOUND('',#3575,.T.);
#4162=FACE_BOUND('',#3576,.T.);
#4163=FACE_BOUND('',#3577,.T.);
#4164=FACE_BOUND('',#3578,.T.);
#4165=FACE_BOUND('',#3579,.T.);
#4166=FACE_BOUND('',#3580,.T.);
#4167=FACE_BOUND('',#3581,.T.);
#4168=FACE_BOUND('',#3582,.T.);
#4169=FACE_BOUND('',#3583,.T.);
#4170=FACE_BOUND('',#3584,.T.);
#4171=FACE_BOUND('',#3585,.T.);
#4172=FACE_BOUND('',#3586,.T.);
#4173=FACE_BOUND('',#3587,.T.);
#4174=FACE_BOUND('',#3588,.T.);
#4175=FACE_BOUND('',#3589,.T.);
#4176=FACE_BOUND('',#3590,.T.);
#4177=FACE_BOUND('',#3591,.T.);
#4178=FACE_BOUND('',#3592,.T.);
#4179=FACE_BOUND('',#3593,.T.);
#4180=FACE_BOUND('',#3594,.T.);
#4181=FACE_BOUND('',#3595,.T.);
#4182=FACE_BOUND('',#3596,.T.);
#4183=FACE_BOUND('',#3597,.T.);
#4184=FACE_BOUND('',#3598,.T.);
#4185=FACE_BOUND('',#3599,.T.);
#4186=FACE_BOUND('',#3600,.T.);
#4187=FACE_BOUND('',#3601,.T.);
#4188=FACE_BOUND('',#3602,.T.);
#4189=FACE_BOUND('',#3603,.T.);
#4190=FACE_BOUND('',#3604,.T.);
#4191=FACE_BOUND('',#3605,.T.);
#4192=FACE_BOUND('',#3606,.T.);
#4193=FACE_BOUND('',#3607,.T.);
#4194=FACE_BOUND('',#3608,.T.);
#4195=FACE_BOUND('',#3609,.T.);
#4196=FACE_BOUND('',#3610,.T.);
#4197=FACE_BOUND('',#3611,.T.);
#4198=FACE_BOUND('',#3612,.T.);
#4199=FACE_BOUND('',#3613,.T.);
#4200=FACE_BOUND('',#3614,.T.);
#4201=FACE_BOUND('',#3615,.T.);
#4202=FACE_BOUND('',#3616,.T.);
#4203=FACE_BOUND('',#3617,.T.);
#4204=FACE_BOUND('',#3618,.T.);
#4205=FACE_BOUND('',#3619,.T.);
#4206=FACE_BOUND('',#3620,.T.);
#4207=FACE_BOUND('',#3621,.T.);
#4208=FACE_BOUND('',#3622,.T.);
#4209=FACE_BOUND('',#3623,.T.);
#4210=FACE_BOUND('',#3624,.T.);
#4211=FACE_BOUND('',#3625,.T.);
#4212=FACE_BOUND('',#3626,.T.);
#4213=FACE_BOUND('',#3627,.T.);
#4214=FACE_BOUND('',#3628,.T.);
#4215=FACE_BOUND('',#3629,.T.);
#4216=FACE_BOUND('',#3630,.T.);
#4217=FACE_BOUND('',#3631,.T.);
#4218=FACE_BOUND('',#3632,.T.);
#4219=FACE_BOUND('',#3633,.T.);
#4220=FACE_BOUND('',#3634,.T.);
#4221=FACE_BOUND('',#3635,.T.);
#4222=FACE_BOUND('',#3636,.T.);
#4223=FACE_BOUND('',#3637,.T.);
#4224=FACE_BOUND('',#3638,.T.);
#4225=FACE_BOUND('',#3639,.T.);
#4226=FACE_BOUND('',#3640,.T.);
#4227=FACE_BOUND('',#3641,.T.);
#4228=FACE_BOUND('',#3642,.T.);
#4229=FACE_BOUND('',#3643,.T.);
#4230=FACE_BOUND('',#3644,.T.);
#4231=FACE_BOUND('',#3645,.T.);
#4232=FACE_BOUND('',#3646,.T.);
#4233=FACE_BOUND('',#3647,.T.);
#4234=FACE_BOUND('',#3648,.T.);
#4235=FACE_BOUND('',#3649,.T.);
#4236=FACE_BOUND('',#3650,.T.);
#4237=FACE_BOUND('',#3651,.T.);
#4238=FACE_BOUND('',#3652,.T.);
#4239=FACE_BOUND('',#3653,.T.);
#4240=FACE_BOUND('',#3654,.T.);
#4241=FACE_BOUND('',#3655,.T.);
#4242=FACE_BOUND('',#3656,.T.);
#4243=FACE_BOUND('',#3657,.T.);
#4244=FACE_BOUND('',#3658,.T.);
#4245=FACE_BOUND('',#3659,.T.);
#4246=FACE_BOUND('',#3660,.T.);
#4247=FACE_BOUND('',#3661,.T.);
#4248=FACE_BOUND('',#3662,.T.);
#4249=FACE_BOUND('',#3663,.T.);
#4250=FACE_BOUND('',#3664,.T.);
#4251=FACE_BOUND('',#3665,.T.);
#4252=FACE_BOUND('',#3666,.T.);
#4253=FACE_BOUND('',#3667,.T.);
#4254=FACE_BOUND('',#3668,.T.);
#4255=FACE_BOUND('',#3669,.T.);
#4256=FACE_BOUND('',#3670,.T.);
#4257=FACE_BOUND('',#3671,.T.);
#4258=FACE_BOUND('',#3672,.T.);
#4259=FACE_BOUND('',#3673,.T.);
#4260=FACE_BOUND('',#3674,.T.);
#4261=FACE_BOUND('',#3675,.T.);
#4262=FACE_BOUND('',#3676,.T.);
#4263=FACE_BOUND('',#3677,.T.);
#4264=FACE_BOUND('',#3678,.T.);
#4265=FACE_BOUND('',#3679,.T.);
#4266=FACE_BOUND('',#3680,.T.);
#4267=FACE_BOUND('',#3681,.T.);
#4268=FACE_BOUND('',#3682,.T.);
#4269=FACE_BOUND('',#3683,.T.);
#4270=FACE_BOUND('',#3684,.T.);
#4271=FACE_BOUND('',#3685,.T.);
#4272=FACE_BOUND('',#3686,.T.);
#4273=FACE_BOUND('',#3687,.T.);
#4274=FACE_BOUND('',#3688,.T.);
#4275=FACE_BOUND('',#3689,.T.);
#4276=FACE_BOUND('',#3690,.T.);
#4277=FACE_BOUND('',#3691,.T.);
#4278=FACE_BOUND('',#3692,.T.);
#4279=FACE_BOUND('',#3693,.T.);
#4280=FACE_BOUND('',#3694,.T.);
#4281=FACE_BOUND('',#3695,.T.);
#4282=FACE_BOUND('',#3696,.T.);
#4283=FACE_BOUND('',#3697,.T.);
#4284=FACE_BOUND('',#3698,.T.);
#4285=FACE_BOUND('',#3699,.T.);
#4286=FACE_BOUND('',#3700,.T.);
#4287=FACE_BOUND('',#3701,.T.);
#4288=FACE_BOUND('',#3702,.T.);
#4289=FACE_BOUND('',#3703,.T.);
#4290=FACE_BOUND('',#3704,.T.);
#4291=FACE_BOUND('',#3705,.T.);
#4292=FACE_BOUND('',#3706,.T.);
#4293=FACE_BOUND('',#3707,.T.);
#4294=FACE_BOUND('',#3708,.T.);
#4295=FACE_BOUND('',#3709,.T.);
#4296=FACE_BOUND('',#3710,.T.);
#4297=FACE_BOUND('',#3711,.T.);
#4298=FACE_BOUND('',#3712,.T.);
#4299=FACE_BOUND('',#3713,.T.);
#4300=FACE_BOUND('',#3714,.T.);
#4301=FACE_BOUND('',#3715,.T.);
#4302=FACE_BOUND('',#3716,.T.);
#4303=FACE_BOUND('',#3717,.T.);
#4304=FACE_BOUND('',#3718,.T.);
#4305=FACE_BOUND('',#3719,.T.);
#4306=FACE_BOUND('',#3720,.T.);
#4307=FACE_BOUND('',#3721,.T.);
#4308=FACE_BOUND('',#3722,.T.);
#4309=FACE_BOUND('',#3723,.T.);
#4310=FACE_BOUND('',#3724,.T.);
#4311=FACE_BOUND('',#3725,.T.);
#4312=FACE_BOUND('',#3726,.T.);
#4313=FACE_BOUND('',#3727,.T.);
#4314=FACE_BOUND('',#3728,.T.);
#4315=FACE_BOUND('',#3729,.T.);
#4316=FACE_BOUND('',#3730,.T.);
#4317=FACE_BOUND('',#3731,.T.);
#4318=FACE_BOUND('',#3732,.T.);
#4319=FACE_BOUND('',#3733,.T.);
#4320=FACE_BOUND('',#3734,.T.);
#4321=FACE_BOUND('',#3735,.T.);
#4322=FACE_BOUND('',#3736,.T.);
#4323=FACE_BOUND('',#3737,.T.);
#4324=FACE_BOUND('',#3738,.T.);
#4325=FACE_BOUND('',#3739,.T.);
#4326=FACE_BOUND('',#3740,.T.);
#4327=FACE_BOUND('',#3741,.T.);
#4328=FACE_BOUND('',#3742,.T.);
#4329=FACE_BOUND('',#3743,.T.);
#4330=FACE_BOUND('',#3744,.T.);
#4331=FACE_BOUND('',#3745,.T.);
#4332=FACE_BOUND('',#3746,.T.);
#4333=FACE_BOUND('',#3747,.T.);
#4334=FACE_BOUND('',#3748,.T.);
#4335=FACE_BOUND('',#3749,.T.);
#4336=FACE_BOUND('',#3750,.T.);
#4337=FACE_BOUND('',#3751,.T.);
#4338=FACE_BOUND('',#3752,.T.);
#4339=FACE_BOUND('',#3753,.T.);
#4340=FACE_BOUND('',#3754,.T.);
#4341=FACE_BOUND('',#3755,.T.);
#4342=FACE_BOUND('',#3756,.T.);
#4343=FACE_BOUND('',#3757,.T.);
#4344=FACE_BOUND('',#3758,.T.);
#4345=FACE_BOUND('',#3759,.T.);
#4346=FACE_BOUND('',#3760,.T.);
#4347=FACE_BOUND('',#3761,.T.);
#4348=FACE_BOUND('',#3762,.T.);
#4349=FACE_BOUND('',#3763,.T.);
#4350=FACE_BOUND('',#3764,.T.);
#4351=FACE_BOUND('',#3765,.T.);
#4352=FACE_BOUND('',#3766,.T.);
#4353=FACE_BOUND('',#3767,.T.);
#4354=FACE_BOUND('',#3768,.T.);
#4355=FACE_BOUND('',#3769,.T.);
#4356=FACE_BOUND('',#3770,.T.);
#4357=FACE_BOUND('',#3771,.T.);
#4358=FACE_BOUND('',#3772,.T.);
#4359=FACE_BOUND('',#3773,.T.);
#4360=FACE_BOUND('',#3774,.T.);
#4361=FACE_BOUND('',#3775,.T.);
#4362=FACE_BOUND('',#3776,.T.);
#4363=FACE_BOUND('',#3777,.T.);
#4364=FACE_BOUND('',#3778,.T.);
#4365=FACE_BOUND('',#3779,.T.);
#4366=FACE_BOUND('',#3780,.T.);
#4367=FACE_BOUND('',#3781,.T.);
#4368=FACE_BOUND('',#3782,.T.);
#4369=FACE_BOUND('',#3783,.T.);
#4370=FACE_BOUND('',#3784,.T.);
#4371=FACE_BOUND('',#3785,.T.);
#4372=FACE_BOUND('',#3786,.T.);
#4373=FACE_BOUND('',#3787,.T.);
#4374=FACE_BOUND('',#3788,.T.);
#4375=PLANE('',#4913);
#4376=PLANE('',#4938);
#4377=PLANE('',#4963);
#4378=PLANE('',#4964);
#4379=PLANE('',#4965);
#4380=PLANE('',#4966);
#4381=PLANE('',#4992);
#4382=PLANE('',#4994);
#4383=PLANE('',#4996);
#4384=PLANE('',#4998);
#4385=PLANE('',#5011);
#4386=PLANE('',#5012);
#4387=PLANE('',#5016);
#4388=PLANE('',#5017);
#4389=PLANE('',#5018);
#4390=PLANE('',#5019);
#4391=PLANE('',#5020);
#4392=PLANE('',#5021);
#4393=PLANE('',#5023);
#4394=PLANE('',#5030);
#4395=PLANE('',#5033);
#4396=PLANE('',#5034);
#4397=PLANE('',#5035);
#4398=PLANE('',#5036);
#4399=PLANE('',#5041);
#4400=PLANE('',#5044);
#4401=PLANE('',#5047);
#4402=PLANE('',#5050);
#4403=PLANE('',#5051);
#4404=PLANE('',#5052);
#4405=PLANE('',#5054);
#4406=PLANE('',#5055);
#4407=PLANE('',#5056);
#4408=PLANE('',#5059);
#4409=PLANE('',#5066);
#4410=PLANE('',#5068);
#4411=PLANE('',#5070);
#4412=PLANE('',#5072);
#4413=PLANE('',#5080);
#4414=PLANE('',#5081);
#4415=PLANE('',#5082);
#4416=PLANE('',#5083);
#4417=PLANE('',#5085);
#4418=PLANE('',#5087);
#4419=PLANE('',#5089);
#4420=PLANE('',#5091);
#4421=PLANE('',#5093);
#4422=PLANE('',#5094);
#4423=PLANE('',#5095);
#4424=PLANE('',#5110);
#4425=PLANE('',#5111);
#4426=PLANE('',#5112);
#4427=PLANE('',#5113);
#4428=PLANE('',#5114);
#4429=PLANE('',#5140);
#4430=PLANE('',#5141);
#4431=PLANE('',#5142);
#4432=PLANE('',#5143);
#4433=PLANE('',#5144);
#4434=PLANE('',#5149);
#4435=PLANE('',#5150);
#4436=PLANE('',#5151);
#4437=PLANE('',#5152);
#4438=PLANE('',#5153);
#4439=PLANE('',#5154);
#4440=PLANE('',#5157);
#4441=PLANE('',#5160);
#4442=PLANE('',#5163);
#4443=PLANE('',#5166);
#4444=PLANE('',#5168);
#4445=PLANE('',#5175);
#4446=PLANE('',#5176);
#4447=PLANE('',#5177);
#4448=PLANE('',#5182);
#4449=PLANE('',#5190);
#4450=PLANE('',#5191);
#4451=PLANE('',#5192);
#4452=PLANE('',#5195);
#4453=PLANE('',#5202);
#4454=PLANE('',#5211);
#4455=PLANE('',#5212);
#4456=PLANE('',#5213);
#4457=PLANE('',#5214);
#4458=PLANE('',#5215);
#4459=PLANE('',#5219);
#4460=PLANE('',#5222);
#4461=PLANE('',#5223);
#4462=PLANE('',#5233);
#4463=PLANE('',#5237);
#4464=PLANE('',#5241);
#4465=PLANE('',#5242);
#4466=PLANE('',#5245);
#4467=PLANE('',#5246);
#4468=PLANE('',#5249);
#4469=PLANE('',#5256);
#4470=PLANE('',#5263);
#4471=PLANE('',#5264);
#4472=PLANE('',#5265);
#4473=PLANE('',#5269);
#4474=PLANE('',#5270);
#4475=PLANE('',#5273);
#4476=PLANE('',#5276);
#4477=PLANE('',#5328);
#4478=PLANE('',#5362);
#4479=PLANE('',#5363);
#4480=PLANE('',#5364);
#4481=PLANE('',#5365);
#4482=PLANE('',#5368);
#4483=PLANE('',#5374);
#4484=PLANE('',#5380);
#4485=PLANE('',#5386);
#4486=PLANE('',#5392);
#4487=PLANE('',#5398);
#4488=PLANE('',#5404);
#4489=PLANE('',#5410);
#4490=PLANE('',#5416);
#4491=PLANE('',#5421);
#4492=PLANE('',#5423);
#4493=PLANE('',#5425);
#4494=PLANE('',#5427);
#4495=PLANE('',#5432);
#4496=PLANE('',#5434);
#4497=PLANE('',#5437);
#4498=PLANE('',#5439);
#4499=PLANE('',#5441);
#4500=PLANE('',#5443);
#4501=PLANE('',#5446);
#4502=PLANE('',#5448);
#4503=PLANE('',#5450);
#4504=PLANE('',#5452);
#4505=PLANE('',#5456);
#4506=PLANE('',#5458);
#4507=PLANE('',#5461);
#4508=PLANE('',#5463);
#4509=ADVANCED_FACE('',(#3789,#3790,#3791,#3792,#3793,#3794,#3795,#3796,
#3797,#3798,#3799,#3800,#3801,#3802,#3803,#3804,#3805,#3806,#3807,#3808,
#3809),#4375,.F.);
#4510=ADVANCED_FACE('',(#3810,#3811,#3812,#3813,#3814,#3815,#3816,#3817,
#3818,#3819,#3820,#3821,#3822,#3823,#3824,#3825,#3826,#3827,#3828,#3829,
#3830),#4376,.T.);
#4511=ADVANCED_FACE('',(#3831),#4377,.F.);
#4512=ADVANCED_FACE('',(#3832),#4378,.T.);
#4513=ADVANCED_FACE('',(#3833),#4379,.T.);
#4514=ADVANCED_FACE('',(#3834),#4380,.F.);
#4515=ADVANCED_FACE('',(#3835,#3836),#35,.F.);
#4516=ADVANCED_FACE('',(#3837,#3838),#36,.F.);
#4517=ADVANCED_FACE('',(#3839,#3840),#37,.F.);
#4518=ADVANCED_FACE('',(#3841,#3842),#38,.F.);
#4519=ADVANCED_FACE('',(#3843,#3844),#39,.F.);
#4520=ADVANCED_FACE('',(#3845,#3846),#40,.F.);
#4521=ADVANCED_FACE('',(#3847,#3848),#41,.F.);
#4522=ADVANCED_FACE('',(#3849,#3850),#42,.F.);
#4523=ADVANCED_FACE('',(#3851,#3852),#43,.F.);
#4524=ADVANCED_FACE('',(#3853,#3854),#44,.F.);
#4525=ADVANCED_FACE('',(#3855,#3856),#45,.F.);
#4526=ADVANCED_FACE('',(#3857,#3858),#46,.F.);
#4527=ADVANCED_FACE('',(#3859,#3860),#47,.F.);
#4528=ADVANCED_FACE('',(#3861,#3862),#48,.F.);
#4529=ADVANCED_FACE('',(#3863,#3864),#49,.F.);
#4530=ADVANCED_FACE('',(#3865,#3866),#50,.F.);
#4531=ADVANCED_FACE('',(#3867,#3868),#51,.F.);
#4532=ADVANCED_FACE('',(#3869,#3870),#52,.F.);
#4533=ADVANCED_FACE('',(#3871,#3872),#53,.F.);
#4534=ADVANCED_FACE('',(#3873,#3874),#54,.F.);
#4535=ADVANCED_FACE('',(#3875),#55,.T.);
#4536=ADVANCED_FACE('',(#3876),#56,.T.);
#4537=ADVANCED_FACE('',(#3877),#57,.T.);
#4538=ADVANCED_FACE('',(#3878),#58,.T.);
#4539=ADVANCED_FACE('',(#3879),#4381,.T.);
#4540=ADVANCED_FACE('',(#3880),#4382,.T.);
#4541=ADVANCED_FACE('',(#3881),#4383,.T.);
#4542=ADVANCED_FACE('',(#3882),#4384,.T.);
#4543=ADVANCED_FACE('',(#3883,#3884),#59,.F.);
#4544=ADVANCED_FACE('',(#3885,#3886),#60,.F.);
#4545=ADVANCED_FACE('',(#3887,#3888),#61,.F.);
#4546=ADVANCED_FACE('',(#3889,#3890),#62,.F.);
#4547=ADVANCED_FACE('',(#3891,#3892),#63,.F.);
#4548=ADVANCED_FACE('',(#3893),#4385,.T.);
#4549=ADVANCED_FACE('',(#3894),#4386,.T.);
#4550=ADVANCED_FACE('',(#3895),#64,.T.);
#4551=ADVANCED_FACE('',(#3896),#4387,.T.);
#4552=ADVANCED_FACE('',(#3897),#4388,.T.);
#4553=ADVANCED_FACE('',(#3898),#4389,.T.);
#4554=ADVANCED_FACE('',(#3899,#3900),#4390,.T.);
#4555=ADVANCED_FACE('',(#3901,#3902,#3903,#3904,#3905,#3906),#4391,.F.);
#4556=ADVANCED_FACE('',(#3907),#4392,.F.);
#4557=ADVANCED_FACE('',(#3908,#3909,#3910,#3911,#3912,#3913),#4393,.F.);
#4558=ADVANCED_FACE('',(#3914,#3915),#4394,.T.);
#4559=ADVANCED_FACE('',(#3916),#4395,.T.);
#4560=ADVANCED_FACE('',(#3917),#4396,.T.);
#4561=ADVANCED_FACE('',(#3918),#4397,.T.);
#4562=ADVANCED_FACE('',(#3919),#4398,.F.);
#4563=ADVANCED_FACE('',(#3920),#65,.T.);
#4564=ADVANCED_FACE('',(#3921,#3922),#66,.F.);
#4565=ADVANCED_FACE('',(#3923,#3924),#67,.F.);
#4566=ADVANCED_FACE('',(#3925),#4399,.T.);
#4567=ADVANCED_FACE('',(#3926,#3927),#68,.F.);
#4568=ADVANCED_FACE('',(#3928),#4400,.T.);
#4569=ADVANCED_FACE('',(#3929,#3930),#69,.F.);
#4570=ADVANCED_FACE('',(#3931),#4401,.T.);
#4571=ADVANCED_FACE('',(#3932,#3933),#70,.F.);
#4572=ADVANCED_FACE('',(#3934),#4402,.T.);
#4573=ADVANCED_FACE('',(#3935),#4403,.T.);
#4574=ADVANCED_FACE('',(#3936),#4404,.T.);
#4575=ADVANCED_FACE('',(#3937),#4405,.T.);
#4576=ADVANCED_FACE('',(#3938),#4406,.T.);
#4577=ADVANCED_FACE('',(#3939,#3940),#4407,.T.);
#4578=ADVANCED_FACE('',(#3941,#3942,#3943,#3944,#3945,#3946),#4408,.F.);
#4579=ADVANCED_FACE('',(#3947),#4409,.T.);
#4580=ADVANCED_FACE('',(#3948),#4410,.T.);
#4581=ADVANCED_FACE('',(#3949),#4411,.T.);
#4582=ADVANCED_FACE('',(#3950),#4412,.T.);
#4583=ADVANCED_FACE('',(#3951,#3952),#71,.F.);
#4584=ADVANCED_FACE('',(#3953,#3954),#72,.F.);
#4585=ADVANCED_FACE('',(#3955,#3956),#73,.F.);
#4586=ADVANCED_FACE('',(#3957,#3958),#74,.F.);
#4587=ADVANCED_FACE('',(#3959,#3960),#75,.F.);
#4588=ADVANCED_FACE('',(#3961),#76,.T.);
#4589=ADVANCED_FACE('',(#3962),#4413,.F.);
#4590=ADVANCED_FACE('',(#3963),#4414,.T.);
#4591=ADVANCED_FACE('',(#3964),#4415,.F.);
#4592=ADVANCED_FACE('',(#3965),#4416,.T.);
#4593=ADVANCED_FACE('',(#3966),#4417,.T.);
#4594=ADVANCED_FACE('',(#3967),#4418,.T.);
#4595=ADVANCED_FACE('',(#3968),#4419,.T.);
#4596=ADVANCED_FACE('',(#3969),#4420,.T.);
#4597=ADVANCED_FACE('',(#3970),#4421,.T.);
#4598=ADVANCED_FACE('',(#3971),#4422,.F.);
#4599=ADVANCED_FACE('',(#3972),#4423,.T.);
#4600=ADVANCED_FACE('',(#3973),#77,.T.);
#4601=ADVANCED_FACE('',(#3974,#3975),#78,.F.);
#4602=ADVANCED_FACE('',(#3976,#3977),#79,.F.);
#4603=ADVANCED_FACE('',(#3978,#3979),#80,.F.);
#4604=ADVANCED_FACE('',(#3980,#3981),#81,.F.);
#4605=ADVANCED_FACE('',(#3982,#3983),#82,.F.);
#4606=ADVANCED_FACE('',(#3984,#3985),#4424,.T.);
#4607=ADVANCED_FACE('',(#3986,#3987,#3988,#3989,#3990,#3991),#4425,.F.);
#4608=ADVANCED_FACE('',(#3992),#4426,.T.);
#4609=ADVANCED_FACE('',(#3993),#4427,.T.);
#4610=ADVANCED_FACE('',(#3994),#4428,.F.);
#4611=ADVANCED_FACE('',(#3995,#3996),#83,.F.);
#4612=ADVANCED_FACE('',(#3997,#3998),#84,.F.);
#4613=ADVANCED_FACE('',(#3999,#4000),#85,.F.);
#4614=ADVANCED_FACE('',(#4001,#4002),#86,.F.);
#4615=ADVANCED_FACE('',(#4003),#87,.T.);
#4616=ADVANCED_FACE('',(#4004),#88,.T.);
#4617=ADVANCED_FACE('',(#4005),#89,.T.);
#4618=ADVANCED_FACE('',(#4006),#90,.T.);
#4619=ADVANCED_FACE('',(#4007),#4429,.T.);
#4620=ADVANCED_FACE('',(#4008),#4430,.T.);
#4621=ADVANCED_FACE('',(#4009),#4431,.T.);
#4622=ADVANCED_FACE('',(#4010),#4432,.T.);
#4623=ADVANCED_FACE('',(#4011,#4012,#4013,#4014,#4015,#4016),#4433,.F.);
#4624=ADVANCED_FACE('',(#4017),#4434,.T.);
#4625=ADVANCED_FACE('',(#4018),#4435,.F.);
#4626=ADVANCED_FACE('',(#4019),#4436,.F.);
#4627=ADVANCED_FACE('',(#4020),#4437,.F.);
#4628=ADVANCED_FACE('',(#4021),#4438,.T.);
#4629=ADVANCED_FACE('',(#4022,#4023,#4024,#4025,#4026),#4439,.T.);
#4630=ADVANCED_FACE('',(#4027,#4028),#91,.F.);
#4631=ADVANCED_FACE('',(#4029,#4030),#4440,.F.);
#4632=ADVANCED_FACE('',(#4031,#4032),#92,.F.);
#4633=ADVANCED_FACE('',(#4033,#4034),#4441,.F.);
#4634=ADVANCED_FACE('',(#4035,#4036),#93,.F.);
#4635=ADVANCED_FACE('',(#4037,#4038),#4442,.F.);
#4636=ADVANCED_FACE('',(#4039,#4040),#94,.F.);
#4637=ADVANCED_FACE('',(#4041,#4042),#4443,.F.);
#4638=ADVANCED_FACE('',(#4043),#4444,.T.);
#4639=ADVANCED_FACE('',(#4044,#4045),#95,.F.);
#4640=ADVANCED_FACE('',(#4046,#4047),#96,.F.);
#4641=ADVANCED_FACE('',(#4048),#4445,.F.);
#4642=ADVANCED_FACE('',(#4049),#4446,.T.);
#4643=ADVANCED_FACE('',(#4050,#4051,#4052,#4053,#4054,#4055),#4447,.T.);
#4644=ADVANCED_FACE('',(#4056,#4057,#4058,#4059,#4060,#4061),#4448,.F.);
#4645=ADVANCED_FACE('',(#4062,#4063),#97,.F.);
#4646=ADVANCED_FACE('',(#4064,#4065),#98,.F.);
#4647=ADVANCED_FACE('',(#4066,#4067),#99,.F.);
#4648=ADVANCED_FACE('',(#4068),#4449,.T.);
#4649=ADVANCED_FACE('',(#4069),#4450,.F.);
#4650=ADVANCED_FACE('',(#4070),#4451,.F.);
#4651=ADVANCED_FACE('',(#4071),#100,.T.);
#4652=ADVANCED_FACE('',(#4072,#4073,#4074,#4075,#4076,#4077),#4452,.F.);
#4653=ADVANCED_FACE('',(#4078,#4079,#4080,#4081,#4082,#4083),#4453,.T.);
#4654=ADVANCED_FACE('',(#4084,#4085),#101,.F.);
#4655=ADVANCED_FACE('',(#4086,#4087),#102,.F.);
#4656=ADVANCED_FACE('',(#4088),#4454,.F.);
#4657=ADVANCED_FACE('',(#4089),#4455,.T.);
#4658=ADVANCED_FACE('',(#4090),#4456,.F.);
#4659=ADVANCED_FACE('',(#4091),#4457,.F.);
#4660=ADVANCED_FACE('',(#4092),#4458,.T.);
#4661=ADVANCED_FACE('',(#4093,#4094),#103,.F.);
#4662=ADVANCED_FACE('',(#4095,#4096),#104,.F.);
#4663=ADVANCED_FACE('',(#4097,#4098),#105,.F.);
#4664=ADVANCED_FACE('',(#4099),#4459,.T.);
#4665=ADVANCED_FACE('',(#4100),#106,.T.);
#4666=ADVANCED_FACE('',(#4101),#4460,.F.);
#4667=ADVANCED_FACE('',(#4102),#4461,.T.);
#4668=ADVANCED_FACE('',(#4103,#4104),#107,.F.);
#4669=ADVANCED_FACE('',(#4105,#4106),#108,.F.);
#4670=ADVANCED_FACE('',(#4107,#4108),#109,.F.);
#4671=ADVANCED_FACE('',(#4109,#4110,#4111,#4112,#4113,#4114),#4462,.F.);
#4672=ADVANCED_FACE('',(#4115,#4116,#4117,#4118,#4119,#4120),#4463,.T.);
#4673=ADVANCED_FACE('',(#4121),#4464,.T.);
#4674=ADVANCED_FACE('',(#4122),#4465,.F.);
#4675=ADVANCED_FACE('',(#4123,#4124),#110,.F.);
#4676=ADVANCED_FACE('',(#4125,#4126),#111,.F.);
#4677=ADVANCED_FACE('',(#4127),#4466,.F.);
#4678=ADVANCED_FACE('',(#4128),#4467,.F.);
#4679=ADVANCED_FACE('',(#4129),#112,.T.);
#4680=ADVANCED_FACE('',(#4130,#4131,#4132,#4133,#4134,#4135),#4468,.T.);
#4681=ADVANCED_FACE('',(#4136,#4137,#4138,#4139,#4140,#4141),#4469,.F.);
#4682=ADVANCED_FACE('',(#4142),#4470,.T.);
#4683=ADVANCED_FACE('',(#4143),#4471,.F.);
#4684=ADVANCED_FACE('',(#4144),#4472,.F.);
#4685=ADVANCED_FACE('',(#4145,#4146),#113,.F.);
#4686=ADVANCED_FACE('',(#4147,#4148),#114,.F.);
#4687=ADVANCED_FACE('',(#4149,#4150),#115,.F.);
#4688=ADVANCED_FACE('',(#4151),#4473,.T.);
#4689=ADVANCED_FACE('',(#4152),#4474,.T.);
#4690=ADVANCED_FACE('',(#4153,#4154),#116,.F.);
#4691=ADVANCED_FACE('',(#4155,#4156),#117,.F.);
#4692=ADVANCED_FACE('',(#4157),#4475,.T.);
#4693=ADVANCED_FACE('',(#4158),#118,.T.);
#4694=ADVANCED_FACE('',(#4159,#4160,#4161,#4162,#4163,#4164,#4165,#4166,
#4167,#4168,#4169,#4170,#4171,#4172,#4173,#4174,#4175,#4176,#4177,#4178,
#4179,#4180,#4181,#4182,#4183,#4184,#4185,#4186,#4187,#4188,#4189,#4190,
#4191,#4192,#4193,#4194,#4195,#4196,#4197),#4476,.F.);
#4695=ADVANCED_FACE('',(#4198,#4199,#4200,#4201,#4202,#4203,#4204,#4205,
#4206,#4207,#4208,#4209,#4210,#4211,#4212,#4213,#4214,#4215,#4216,#4217,
#4218,#4219,#4220,#4221,#4222,#4223,#4224,#4225,#4226,#4227),#4477,.T.);
#4696=ADVANCED_FACE('',(#4228),#4478,.T.);
#4697=ADVANCED_FACE('',(#4229),#4479,.F.);
#4698=ADVANCED_FACE('',(#4230),#4480,.F.);
#4699=ADVANCED_FACE('',(#4231),#4481,.T.);
#4700=ADVANCED_FACE('',(#4232,#4233),#119,.F.);
#4701=ADVANCED_FACE('',(#4234,#4235,#4236),#4482,.T.);
#4702=ADVANCED_FACE('',(#4237,#4238),#120,.F.);
#4703=ADVANCED_FACE('',(#4239,#4240,#4241),#4483,.T.);
#4704=ADVANCED_FACE('',(#4242,#4243),#121,.F.);
#4705=ADVANCED_FACE('',(#4244,#4245,#4246),#4484,.T.);
#4706=ADVANCED_FACE('',(#4247,#4248),#122,.F.);
#4707=ADVANCED_FACE('',(#4249,#4250,#4251),#4485,.T.);
#4708=ADVANCED_FACE('',(#4252,#4253),#123,.F.);
#4709=ADVANCED_FACE('',(#4254,#4255,#4256),#4486,.T.);
#4710=ADVANCED_FACE('',(#4257,#4258),#124,.F.);
#4711=ADVANCED_FACE('',(#4259,#4260,#4261),#4487,.T.);
#4712=ADVANCED_FACE('',(#4262,#4263),#125,.F.);
#4713=ADVANCED_FACE('',(#4264,#4265,#4266),#4488,.T.);
#4714=ADVANCED_FACE('',(#4267,#4268),#126,.F.);
#4715=ADVANCED_FACE('',(#4269,#4270,#4271),#4489,.T.);
#4716=ADVANCED_FACE('',(#4272,#4273),#127,.F.);
#4717=ADVANCED_FACE('',(#4274,#4275,#4276),#4490,.T.);
#4718=ADVANCED_FACE('',(#4277),#128,.F.);
#4719=ADVANCED_FACE('',(#4278),#4491,.T.);
#4720=ADVANCED_FACE('',(#4279),#129,.F.);
#4721=ADVANCED_FACE('',(#4280),#4492,.T.);
#4722=ADVANCED_FACE('',(#4281,#4282),#130,.F.);
#4723=ADVANCED_FACE('',(#4283),#4493,.T.);
#4724=ADVANCED_FACE('',(#4284),#131,.F.);
#4725=ADVANCED_FACE('',(#4285),#4494,.F.);
#4726=ADVANCED_FACE('',(#4286),#132,.F.);
#4727=ADVANCED_FACE('',(#4287,#4288),#133,.F.);
#4728=ADVANCED_FACE('',(#4289,#4290),#134,.F.);
#4729=ADVANCED_FACE('',(#4291),#135,.F.);
#4730=ADVANCED_FACE('',(#4292),#4495,.F.);
#4731=ADVANCED_FACE('',(#4293),#136,.F.);
#4732=ADVANCED_FACE('',(#4294),#4496,.T.);
#4733=ADVANCED_FACE('',(#4295,#4296),#137,.F.);
#4734=ADVANCED_FACE('',(#4297),#138,.F.);
#4735=ADVANCED_FACE('',(#4298),#4497,.F.);
#4736=ADVANCED_FACE('',(#4299),#139,.F.);
#4737=ADVANCED_FACE('',(#4300),#4498,.T.);
#4738=ADVANCED_FACE('',(#4301),#140,.F.);
#4739=ADVANCED_FACE('',(#4302),#4499,.T.);
#4740=ADVANCED_FACE('',(#4303),#141,.F.);
#4741=ADVANCED_FACE('',(#4304),#4500,.T.);
#4742=ADVANCED_FACE('',(#4305,#4306),#142,.F.);
#4743=ADVANCED_FACE('',(#4307),#143,.F.);
#4744=ADVANCED_FACE('',(#4308),#4501,.T.);
#4745=ADVANCED_FACE('',(#4309),#144,.F.);
#4746=ADVANCED_FACE('',(#4310),#4502,.T.);
#4747=ADVANCED_FACE('',(#4311,#4312),#145,.F.);
#4748=ADVANCED_FACE('',(#4313),#4503,.T.);
#4749=ADVANCED_FACE('',(#4314),#146,.F.);
#4750=ADVANCED_FACE('',(#4315),#4504,.T.);
#4751=ADVANCED_FACE('',(#4316),#147,.F.);
#4752=ADVANCED_FACE('',(#4317,#4318),#148,.F.);
#4753=ADVANCED_FACE('',(#4319,#4320),#149,.F.);
#4754=ADVANCED_FACE('',(#4321),#4505,.T.);
#4755=ADVANCED_FACE('',(#4322),#150,.F.);
#4756=ADVANCED_FACE('',(#4323),#4506,.T.);
#4757=ADVANCED_FACE('',(#4324),#151,.F.);
#4758=ADVANCED_FACE('',(#4325,#4326),#152,.F.);
#4759=ADVANCED_FACE('',(#4327),#4507,.T.);
#4760=ADVANCED_FACE('',(#4328),#153,.F.);
#4761=ADVANCED_FACE('',(#4329),#4508,.T.);
#4762=ADVANCED_FACE('',(#4330),#154,.F.);
#4763=ADVANCED_FACE('',(#4331,#4332),#155,.F.);
#4764=ADVANCED_FACE('',(#4333,#4334),#156,.F.);
#4765=ADVANCED_FACE('',(#4335,#4336),#157,.F.);
#4766=ADVANCED_FACE('',(#4337,#4338),#158,.F.);
#4767=ADVANCED_FACE('',(#4339,#4340),#159,.F.);
#4768=ADVANCED_FACE('',(#4341,#4342),#160,.F.);
#4769=ADVANCED_FACE('',(#4343,#4344),#161,.F.);
#4770=ADVANCED_FACE('',(#4345,#4346),#162,.F.);
#4771=ADVANCED_FACE('',(#4347,#4348),#163,.F.);
#4772=ADVANCED_FACE('',(#4349,#4350),#164,.F.);
#4773=ADVANCED_FACE('',(#4351,#4352),#165,.F.);
#4774=ADVANCED_FACE('',(#4353,#4354),#166,.F.);
#4775=ADVANCED_FACE('',(#4355,#4356),#167,.F.);
#4776=ADVANCED_FACE('',(#4357,#4358),#168,.F.);
#4777=ADVANCED_FACE('',(#4359,#4360),#169,.F.);
#4778=ADVANCED_FACE('',(#4361,#4362),#170,.F.);
#4779=ADVANCED_FACE('',(#4363,#4364),#171,.F.);
#4780=ADVANCED_FACE('',(#4365,#4366),#172,.F.);
#4781=ADVANCED_FACE('',(#4367,#4368),#173,.F.);
#4782=ADVANCED_FACE('',(#4369,#4370),#174,.F.);
#4783=ADVANCED_FACE('',(#4371),#175,.T.);
#4784=ADVANCED_FACE('',(#4372),#176,.T.);
#4785=ADVANCED_FACE('',(#4373),#177,.T.);
#4786=ADVANCED_FACE('',(#4374),#178,.T.);
#4787=CLOSED_SHELL('',(#4509,#4510,#4511,#4512,#4513,#4514,#4515,#4516,
#4517,#4518,#4519,#4520,#4521,#4522,#4523,#4524,#4525,#4526,#4527,#4528,
#4529,#4530,#4531,#4532,#4533,#4534,#4535,#4536,#4537,#4538));
#4788=CLOSED_SHELL('',(#4539,#4540,#4541,#4542,#4543,#4544,#4545,#4546,
#4547,#4548,#4549,#4550,#4551,#4552,#4553,#4554,#4555,#4556));
#4789=CLOSED_SHELL('',(#4557,#4558,#4559,#4560,#4561,#4562,#4563,#4564,
#4565,#4566,#4567,#4568,#4569,#4570,#4571,#4572,#4573,#4574));
#4790=CLOSED_SHELL('',(#4575,#4576,#4577,#4578,#4579,#4580,#4581,#4582,
#4583,#4584,#4585,#4586,#4587,#4588,#4589,#4590,#4591,#4592));
#4791=CLOSED_SHELL('',(#4593,#4594,#4595,#4596,#4597,#4598,#4599,#4600,
#4601,#4602,#4603,#4604,#4605,#4606,#4607,#4608,#4609,#4610));
#4792=CLOSED_SHELL('',(#4611,#4612,#4613,#4614,#4615,#4616,#4617,#4618,
#4619,#4620,#4621,#4622,#4623,#4624,#4625,#4626,#4627,#4628,#4629,#4630,
#4631,#4632,#4633,#4634,#4635,#4636,#4637));
#4793=CLOSED_SHELL('',(#4638,#4639,#4640,#4641,#4642,#4643,#4644,#4645,
#4646,#4647,#4648,#4649,#4650,#4651));
#4794=CLOSED_SHELL('',(#4652,#4653,#4654,#4655,#4656,#4657,#4658,#4659,
#4660,#4661,#4662,#4663,#4664,#4665));
#4795=CLOSED_SHELL('',(#4666,#4667,#4668,#4669,#4670,#4671,#4672,#4673,
#4674,#4675,#4676,#4677,#4678,#4679));
#4796=CLOSED_SHELL('',(#4680,#4681,#4682,#4683,#4684,#4685,#4686,#4687,
#4688,#4689,#4690,#4691,#4692,#4693));
#4797=CLOSED_SHELL('',(#4694,#4695,#4696,#4697,#4698,#4699,#4700,#4701,
#4702,#4703,#4704,#4705,#4706,#4707,#4708,#4709,#4710,#4711,#4712,#4713,
#4714,#4715,#4716,#4717,#4718,#4719,#4720,#4721,#4722,#4723,#4724,#4725,
#4726,#4727,#4728,#4729,#4730,#4731,#4732,#4733,#4734,#4735,#4736,#4737,
#4738,#4739,#4740,#4741,#4742,#4743,#4744,#4745,#4746,#4747,#4748,#4749,
#4750,#4751,#4752,#4753,#4754,#4755,#4756,#4757,#4758,#4759,#4760,#4761,
#4762,#4763,#4764,#4765,#4766,#4767,#4768,#4769,#4770,#4771,#4772,#4773,
#4774,#4775,#4776,#4777,#4778,#4779,#4780,#4781,#4782,#4783,#4784,#4785,
#4786));
#4798=STYLED_ITEM('',(#4809),#4879);
#4799=STYLED_ITEM('',(#4810),#4880);
#4800=STYLED_ITEM('',(#4811),#4881);
#4801=STYLED_ITEM('',(#4812),#4882);
#4802=STYLED_ITEM('',(#4813),#4883);
#4803=STYLED_ITEM('',(#4814),#4884);
#4804=STYLED_ITEM('',(#4815),#4885);
#4805=STYLED_ITEM('',(#4816),#4886);
#4806=STYLED_ITEM('',(#4817),#4887);
#4807=STYLED_ITEM('',(#4818),#4888);
#4808=STYLED_ITEM('',(#4819),#4889);
#4809=PRESENTATION_STYLE_ASSIGNMENT((#4820));
#4810=PRESENTATION_STYLE_ASSIGNMENT((#4821));
#4811=PRESENTATION_STYLE_ASSIGNMENT((#4822));
#4812=PRESENTATION_STYLE_ASSIGNMENT((#4823));
#4813=PRESENTATION_STYLE_ASSIGNMENT((#4824));
#4814=PRESENTATION_STYLE_ASSIGNMENT((#4825));
#4815=PRESENTATION_STYLE_ASSIGNMENT((#4826));
#4816=PRESENTATION_STYLE_ASSIGNMENT((#4827));
#4817=PRESENTATION_STYLE_ASSIGNMENT((#4828));
#4818=PRESENTATION_STYLE_ASSIGNMENT((#4829));
#4819=PRESENTATION_STYLE_ASSIGNMENT((#4830));
#4820=SURFACE_STYLE_USAGE(.BOTH.,#4831);
#4821=SURFACE_STYLE_USAGE(.BOTH.,#4832);
#4822=SURFACE_STYLE_USAGE(.BOTH.,#4833);
#4823=SURFACE_STYLE_USAGE(.BOTH.,#4834);
#4824=SURFACE_STYLE_USAGE(.BOTH.,#4835);
#4825=SURFACE_STYLE_USAGE(.BOTH.,#4836);
#4826=SURFACE_STYLE_USAGE(.BOTH.,#4837);
#4827=SURFACE_STYLE_USAGE(.BOTH.,#4838);
#4828=SURFACE_STYLE_USAGE(.BOTH.,#4839);
#4829=SURFACE_STYLE_USAGE(.BOTH.,#4840);
#4830=SURFACE_STYLE_USAGE(.BOTH.,#4841);
#4831=SURFACE_SIDE_STYLE('',(#4842));
#4832=SURFACE_SIDE_STYLE('',(#4843));
#4833=SURFACE_SIDE_STYLE('',(#4844));
#4834=SURFACE_SIDE_STYLE('',(#4845));
#4835=SURFACE_SIDE_STYLE('',(#4846));
#4836=SURFACE_SIDE_STYLE('',(#4847));
#4837=SURFACE_SIDE_STYLE('',(#4848));
#4838=SURFACE_SIDE_STYLE('',(#4849));
#4839=SURFACE_SIDE_STYLE('',(#4850));
#4840=SURFACE_SIDE_STYLE('',(#4851));
#4841=SURFACE_SIDE_STYLE('',(#4852,#10));
#4842=SURFACE_STYLE_FILL_AREA(#4853);
#4843=SURFACE_STYLE_FILL_AREA(#4854);
#4844=SURFACE_STYLE_FILL_AREA(#4855);
#4845=SURFACE_STYLE_FILL_AREA(#4856);
#4846=SURFACE_STYLE_FILL_AREA(#4857);
#4847=SURFACE_STYLE_FILL_AREA(#4858);
#4848=SURFACE_STYLE_FILL_AREA(#4859);
#4849=SURFACE_STYLE_FILL_AREA(#4860);
#4850=SURFACE_STYLE_FILL_AREA(#4861);
#4851=SURFACE_STYLE_FILL_AREA(#4862);
#4852=SURFACE_STYLE_FILL_AREA(#4863);
#4853=FILL_AREA_STYLE('',(#4864));
#4854=FILL_AREA_STYLE('',(#4865));
#4855=FILL_AREA_STYLE('',(#4866));
#4856=FILL_AREA_STYLE('',(#4867));
#4857=FILL_AREA_STYLE('',(#4868));
#4858=FILL_AREA_STYLE('',(#4869));
#4859=FILL_AREA_STYLE('',(#4870));
#4860=FILL_AREA_STYLE('',(#4871));
#4861=FILL_AREA_STYLE('',(#4872));
#4862=FILL_AREA_STYLE('',(#4873));
#4863=FILL_AREA_STYLE('',(#4874));
#4864=FILL_AREA_STYLE_COLOUR('',#4875);
#4865=FILL_AREA_STYLE_COLOUR('',#12);
#4866=FILL_AREA_STYLE_COLOUR('',#12);
#4867=FILL_AREA_STYLE_COLOUR('',#12);
#4868=FILL_AREA_STYLE_COLOUR('',#12);
#4869=FILL_AREA_STYLE_COLOUR('',#4876);
#4870=FILL_AREA_STYLE_COLOUR('',#4877);
#4871=FILL_AREA_STYLE_COLOUR('',#4877);
#4872=FILL_AREA_STYLE_COLOUR('',#4877);
#4873=FILL_AREA_STYLE_COLOUR('',#4877);
#4874=FILL_AREA_STYLE_COLOUR('',#4878);
#4875=COLOUR_RGB('',0.972549019607843,0.815686274509804,0.47843137254902);
#4876=COLOUR_RGB('',0.917647058823529,0.917647058823529,0.917647058823529);
#4877=COLOUR_RGB('',0.501960784313726,0.501960784313726,0.501960784313726);
#4878=COLOUR_RGB('',0.901960784313726,0.901960784313726,0.901960784313726);
#4879=MANIFOLD_SOLID_BREP('wood bottom',#4787);
#4880=MANIFOLD_SOLID_BREP('TPU',#4788);
#4881=MANIFOLD_SOLID_BREP('TPU',#4789);
#4882=MANIFOLD_SOLID_BREP('TPU',#4790);
#4883=MANIFOLD_SOLID_BREP('TPU',#4791);
#4884=MANIFOLD_SOLID_BREP('top',#4792);
#4885=MANIFOLD_SOLID_BREP('bottom stop',#4793);
#4886=MANIFOLD_SOLID_BREP('bottom stop',#4794);
#4887=MANIFOLD_SOLID_BREP('bottom stop',#4795);
#4888=MANIFOLD_SOLID_BREP('bottom stop',#4796);
#4889=MANIFOLD_SOLID_BREP('flexplate',#4797);
#4890=SHAPE_DEFINITION_REPRESENTATION(#8306,#4901);
#4891=SHAPE_DEFINITION_REPRESENTATION(#8307,#4902);
#4892=SHAPE_DEFINITION_REPRESENTATION(#8308,#4903);
#4893=SHAPE_DEFINITION_REPRESENTATION(#8309,#4904);
#4894=SHAPE_DEFINITION_REPRESENTATION(#8310,#4905);
#4895=SHAPE_DEFINITION_REPRESENTATION(#8311,#4906);
#4896=SHAPE_DEFINITION_REPRESENTATION(#8312,#4907);
#4897=SHAPE_DEFINITION_REPRESENTATION(#8313,#4908);
#4898=SHAPE_DEFINITION_REPRESENTATION(#8314,#4909);
#4899=SHAPE_DEFINITION_REPRESENTATION(#8315,#4910);
#4900=SHAPE_DEFINITION_REPRESENTATION(#8316,#4911);
#4901=SHAPE_REPRESENTATION('wood bottom',(#4912),#8251);
#4902=SHAPE_REPRESENTATION('TPU',(#4991),#8252);
#4903=SHAPE_REPRESENTATION('TPU',(#5022),#8253);
#4904=SHAPE_REPRESENTATION('TPU',(#5053),#8254);
#4905=SHAPE_REPRESENTATION('TPU',(#5084),#8255);
#4906=SHAPE_REPRESENTATION('top',(#5115),#8256);
#4907=SHAPE_REPRESENTATION('bottom stop',(#5167),#8257);
#4908=SHAPE_REPRESENTATION('bottom stop',(#5194),#8258);
#4909=SHAPE_REPRESENTATION('bottom stop',(#5221),#8259);
#4910=SHAPE_REPRESENTATION('bottom stop',(#5248),#8260);
#4911=SHAPE_REPRESENTATION('flexplate',(#5275),#8261);
#4912=AXIS2_PLACEMENT_3D('',#6927,#5489,#5490);
#4913=AXIS2_PLACEMENT_3D('',#6928,#5491,#5492);
#4914=AXIS2_PLACEMENT_3D('',#6929,#5493,#5494);
#4915=AXIS2_PLACEMENT_3D('',#6931,#5495,#5496);
#4916=AXIS2_PLACEMENT_3D('',#6933,#5497,#5498);
#4917=AXIS2_PLACEMENT_3D('',#6935,#5499,#5500);
#4918=AXIS2_PLACEMENT_3D('',#6937,#5501,#5502);
#4919=AXIS2_PLACEMENT_3D('',#6939,#5503,#5504);
#4920=AXIS2_PLACEMENT_3D('',#6941,#5505,#5506);
#4921=AXIS2_PLACEMENT_3D('',#6943,#5507,#5508);
#4922=AXIS2_PLACEMENT_3D('',#6945,#5509,#5510);
#4923=AXIS2_PLACEMENT_3D('',#6947,#5511,#5512);
#4924=AXIS2_PLACEMENT_3D('',#6952,#5514,#5515);
#4925=AXIS2_PLACEMENT_3D('',#6956,#5517,#5518);
#4926=AXIS2_PLACEMENT_3D('',#6960,#5520,#5521);
#4927=AXIS2_PLACEMENT_3D('',#6964,#5523,#5524);
#4928=AXIS2_PLACEMENT_3D('',#6965,#5525,#5526);
#4929=AXIS2_PLACEMENT_3D('',#6967,#5527,#5528);
#4930=AXIS2_PLACEMENT_3D('',#6969,#5529,#5530);
#4931=AXIS2_PLACEMENT_3D('',#6971,#5531,#5532);
#4932=AXIS2_PLACEMENT_3D('',#6973,#5533,#5534);
#4933=AXIS2_PLACEMENT_3D('',#6975,#5535,#5536);
#4934=AXIS2_PLACEMENT_3D('',#6977,#5537,#5538);
#4935=AXIS2_PLACEMENT_3D('',#6979,#5539,#5540);
#4936=AXIS2_PLACEMENT_3D('',#6981,#5541,#5542);
#4937=AXIS2_PLACEMENT_3D('',#6983,#5543,#5544);
#4938=AXIS2_PLACEMENT_3D('',#6985,#5545,#5546);
#4939=AXIS2_PLACEMENT_3D('',#6986,#5547,#5548);
#4940=AXIS2_PLACEMENT_3D('',#6988,#5549,#5550);
#4941=AXIS2_PLACEMENT_3D('',#6990,#5551,#5552);
#4942=AXIS2_PLACEMENT_3D('',#6992,#5553,#5554);
#4943=AXIS2_PLACEMENT_3D('',#6994,#5555,#5556);
#4944=AXIS2_PLACEMENT_3D('',#6996,#5557,#5558);
#4945=AXIS2_PLACEMENT_3D('',#6998,#5559,#5560);
#4946=AXIS2_PLACEMENT_3D('',#7000,#5561,#5562);
#4947=AXIS2_PLACEMENT_3D('',#7002,#5563,#5564);
#4948=AXIS2_PLACEMENT_3D('',#7004,#5565,#5566);
#4949=AXIS2_PLACEMENT_3D('',#7009,#5568,#5569);
#4950=AXIS2_PLACEMENT_3D('',#7013,#5571,#5572);
#4951=AXIS2_PLACEMENT_3D('',#7017,#5574,#5575);
#4952=AXIS2_PLACEMENT_3D('',#7021,#5577,#5578);
#4953=AXIS2_PLACEMENT_3D('',#7022,#5579,#5580);
#4954=AXIS2_PLACEMENT_3D('',#7024,#5581,#5582);
#4955=AXIS2_PLACEMENT_3D('',#7026,#5583,#5584);
#4956=AXIS2_PLACEMENT_3D('',#7028,#5585,#5586);
#4957=AXIS2_PLACEMENT_3D('',#7030,#5587,#5588);
#4958=AXIS2_PLACEMENT_3D('',#7032,#5589,#5590);
#4959=AXIS2_PLACEMENT_3D('',#7034,#5591,#5592);
#4960=AXIS2_PLACEMENT_3D('',#7036,#5593,#5594);
#4961=AXIS2_PLACEMENT_3D('',#7038,#5595,#5596);
#4962=AXIS2_PLACEMENT_3D('',#7040,#5597,#5598);
#4963=AXIS2_PLACEMENT_3D('',#7042,#5599,#5600);
#4964=AXIS2_PLACEMENT_3D('',#7045,#5603,#5604);
#4965=AXIS2_PLACEMENT_3D('',#7048,#5607,#5608);
#4966=AXIS2_PLACEMENT_3D('',#7051,#5611,#5612);
#4967=AXIS2_PLACEMENT_3D('',#7054,#5615,#5616);
#4968=AXIS2_PLACEMENT_3D('',#7055,#5617,#5618);
#4969=AXIS2_PLACEMENT_3D('',#7056,#5619,#5620);
#4970=AXIS2_PLACEMENT_3D('',#7057,#5621,#5622);
#4971=AXIS2_PLACEMENT_3D('',#7058,#5623,#5624);
#4972=AXIS2_PLACEMENT_3D('',#7059,#5625,#5626);
#4973=AXIS2_PLACEMENT_3D('',#7060,#5627,#5628);
#4974=AXIS2_PLACEMENT_3D('',#7061,#5629,#5630);
#4975=AXIS2_PLACEMENT_3D('',#7062,#5631,#5632);
#4976=AXIS2_PLACEMENT_3D('',#7063,#5633,#5634);
#4977=AXIS2_PLACEMENT_3D('',#7064,#5635,#5636);
#4978=AXIS2_PLACEMENT_3D('',#7065,#5637,#5638);
#4979=AXIS2_PLACEMENT_3D('',#7066,#5639,#5640);
#4980=AXIS2_PLACEMENT_3D('',#7067,#5641,#5642);
#4981=AXIS2_PLACEMENT_3D('',#7068,#5643,#5644);
#4982=AXIS2_PLACEMENT_3D('',#7069,#5645,#5646);
#4983=AXIS2_PLACEMENT_3D('',#7070,#5647,#5648);
#4984=AXIS2_PLACEMENT_3D('',#7071,#5649,#5650);
#4985=AXIS2_PLACEMENT_3D('',#7072,#5651,#5652);
#4986=AXIS2_PLACEMENT_3D('',#7073,#5653,#5654);
#4987=AXIS2_PLACEMENT_3D('',#7074,#5655,#5656);
#4988=AXIS2_PLACEMENT_3D('',#7075,#5657,#5658);
#4989=AXIS2_PLACEMENT_3D('',#7076,#5659,#5660);
#4990=AXIS2_PLACEMENT_3D('',#7077,#5661,#5662);
#4991=AXIS2_PLACEMENT_3D('',#7078,#5663,#5664);
#4992=AXIS2_PLACEMENT_3D('',#7079,#5665,#5666);
#4993=AXIS2_PLACEMENT_3D('',#7080,#5667,#5668);
#4994=AXIS2_PLACEMENT_3D('',#7082,#5669,#5670);
#4995=AXIS2_PLACEMENT_3D('',#7083,#5671,#5672);
#4996=AXIS2_PLACEMENT_3D('',#7085,#5673,#5674);
#4997=AXIS2_PLACEMENT_3D('',#7086,#5675,#5676);
#4998=AXIS2_PLACEMENT_3D('',#7088,#5677,#5678);
#4999=AXIS2_PLACEMENT_3D('',#7089,#5679,#5680);
#5000=AXIS2_PLACEMENT_3D('',#7091,#5681,#5682);
#5001=AXIS2_PLACEMENT_3D('',#7092,#5683,#5684);
#5002=AXIS2_PLACEMENT_3D('',#7094,#5685,#5686);
#5003=AXIS2_PLACEMENT_3D('',#7095,#5687,#5688);
#5004=AXIS2_PLACEMENT_3D('',#7097,#5689,#5690);
#5005=AXIS2_PLACEMENT_3D('',#7098,#5691,#5692);
#5006=AXIS2_PLACEMENT_3D('',#7100,#5693,#5694);
#5007=AXIS2_PLACEMENT_3D('',#7101,#5695,#5696);
#5008=AXIS2_PLACEMENT_3D('',#7103,#5697,#5698);
#5009=AXIS2_PLACEMENT_3D('',#7104,#5699,#5700);
#5010=AXIS2_PLACEMENT_3D('',#7106,#5701,#5702);
#5011=AXIS2_PLACEMENT_3D('',#7108,#5703,#5704);
#5012=AXIS2_PLACEMENT_3D('',#7117,#5709,#5710);
#5013=AXIS2_PLACEMENT_3D('',#7123,#5714,#5715);
#5014=AXIS2_PLACEMENT_3D('',#7124,#5716,#5717);
#5015=AXIS2_PLACEMENT_3D('',#7128,#5719,#5720);
#5016=AXIS2_PLACEMENT_3D('',#7129,#5721,#5722);
#5017=AXIS2_PLACEMENT_3D('',#7135,#5726,#5727);
#5018=AXIS2_PLACEMENT_3D('',#7141,#5731,#5732);
#5019=AXIS2_PLACEMENT_3D('',#7147,#5736,#5737);
#5020=AXIS2_PLACEMENT_3D('',#7149,#5739,#5740);
#5021=AXIS2_PLACEMENT_3D('',#7151,#5742,#5743);
#5022=AXIS2_PLACEMENT_3D('',#7152,#5744,#5745);
#5023=AXIS2_PLACEMENT_3D('',#7153,#5746,#5747);
#5024=AXIS2_PLACEMENT_3D('',#7154,#5748,#5749);
#5025=AXIS2_PLACEMENT_3D('',#7156,#5750,#5751);
#5026=AXIS2_PLACEMENT_3D('',#7158,#5752,#5753);
#5027=AXIS2_PLACEMENT_3D('',#7160,#5754,#5755);
#5028=AXIS2_PLACEMENT_3D('',#7162,#5756,#5757);
#5029=AXIS2_PLACEMENT_3D('',#7169,#5760,#5761);
#5030=AXIS2_PLACEMENT_3D('',#7178,#5766,#5767);
#5031=AXIS2_PLACEMENT_3D('',#7179,#5768,#5769);
#5032=AXIS2_PLACEMENT_3D('',#7194,#5776,#5777);
#5033=AXIS2_PLACEMENT_3D('',#7195,#5778,#5779);
#5034=AXIS2_PLACEMENT_3D('',#7198,#5782,#5783);
#5035=AXIS2_PLACEMENT_3D('',#7201,#5786,#5787);
#5036=AXIS2_PLACEMENT_3D('',#7204,#5790,#5791);
#5037=AXIS2_PLACEMENT_3D('',#7206,#5793,#5794);
#5038=AXIS2_PLACEMENT_3D('',#7207,#5795,#5796);
#5039=AXIS2_PLACEMENT_3D('',#7208,#5797,#5798);
#5040=AXIS2_PLACEMENT_3D('',#7209,#5799,#5800);
#5041=AXIS2_PLACEMENT_3D('',#7211,#5801,#5802);
#5042=AXIS2_PLACEMENT_3D('',#7212,#5803,#5804);
#5043=AXIS2_PLACEMENT_3D('',#7213,#5805,#5806);
#5044=AXIS2_PLACEMENT_3D('',#7215,#5807,#5808);
#5045=AXIS2_PLACEMENT_3D('',#7216,#5809,#5810);
#5046=AXIS2_PLACEMENT_3D('',#7217,#5811,#5812);
#5047=AXIS2_PLACEMENT_3D('',#7219,#5813,#5814);
#5048=AXIS2_PLACEMENT_3D('',#7220,#5815,#5816);
#5049=AXIS2_PLACEMENT_3D('',#7221,#5817,#5818);
#5050=AXIS2_PLACEMENT_3D('',#7223,#5819,#5820);
#5051=AXIS2_PLACEMENT_3D('',#7224,#5821,#5822);
#5052=AXIS2_PLACEMENT_3D('',#7225,#5823,#5824);
#5053=AXIS2_PLACEMENT_3D('',#7226,#5825,#5826);
#5054=AXIS2_PLACEMENT_3D('',#7227,#5827,#5828);
#5055=AXIS2_PLACEMENT_3D('',#7236,#5833,#5834);
#5056=AXIS2_PLACEMENT_3D('',#7245,#5839,#5840);
#5057=AXIS2_PLACEMENT_3D('',#7246,#5841,#5842);
#5058=AXIS2_PLACEMENT_3D('',#7249,#5844,#5845);
#5059=AXIS2_PLACEMENT_3D('',#7256,#5849,#5850);
#5060=AXIS2_PLACEMENT_3D('',#7257,#5851,#5852);
#5061=AXIS2_PLACEMENT_3D('',#7259,#5853,#5854);
#5062=AXIS2_PLACEMENT_3D('',#7261,#5855,#5856);
#5063=AXIS2_PLACEMENT_3D('',#7263,#5857,#5858);
#5064=AXIS2_PLACEMENT_3D('',#7265,#5859,#5860);
#5065=AXIS2_PLACEMENT_3D('',#7274,#5865,#5866);
#5066=AXIS2_PLACEMENT_3D('',#7275,#5867,#5868);
#5067=AXIS2_PLACEMENT_3D('',#7276,#5869,#5870);
#5068=AXIS2_PLACEMENT_3D('',#7278,#5871,#5872);
#5069=AXIS2_PLACEMENT_3D('',#7279,#5873,#5874);
#5070=AXIS2_PLACEMENT_3D('',#7281,#5875,#5876);
#5071=AXIS2_PLACEMENT_3D('',#7282,#5877,#5878);
#5072=AXIS2_PLACEMENT_3D('',#7284,#5879,#5880);
#5073=AXIS2_PLACEMENT_3D('',#7285,#5881,#5882);
#5074=AXIS2_PLACEMENT_3D('',#7287,#5883,#5884);
#5075=AXIS2_PLACEMENT_3D('',#7288,#5885,#5886);
#5076=AXIS2_PLACEMENT_3D('',#7289,#5887,#5888);
#5077=AXIS2_PLACEMENT_3D('',#7290,#5889,#5890);
#5078=AXIS2_PLACEMENT_3D('',#7291,#5891,#5892);
#5079=AXIS2_PLACEMENT_3D('',#7292,#5893,#5894);
#5080=AXIS2_PLACEMENT_3D('',#7294,#5896,#5897);
#5081=AXIS2_PLACEMENT_3D('',#7296,#5899,#5900);
#5082=AXIS2_PLACEMENT_3D('',#7298,#5902,#5903);
#5083=AXIS2_PLACEMENT_3D('',#7299,#5904,#5905);
#5084=AXIS2_PLACEMENT_3D('',#7300,#5906,#5907);
#5085=AXIS2_PLACEMENT_3D('',#7301,#5908,#5909);
#5086=AXIS2_PLACEMENT_3D('',#7302,#5910,#5911);
#5087=AXIS2_PLACEMENT_3D('',#7304,#5912,#5913);
#5088=AXIS2_PLACEMENT_3D('',#7305,#5914,#5915);
#5089=AXIS2_PLACEMENT_3D('',#7307,#5916,#5917);
#5090=AXIS2_PLACEMENT_3D('',#7308,#5918,#5919);
#5091=AXIS2_PLACEMENT_3D('',#7310,#5920,#5921);
#5092=AXIS2_PLACEMENT_3D('',#7311,#5922,#5923);
#5093=AXIS2_PLACEMENT_3D('',#7313,#5924,#5925);
#5094=AXIS2_PLACEMENT_3D('',#7322,#5930,#5931);
#5095=AXIS2_PLACEMENT_3D('',#7328,#5935,#5936);
#5096=AXIS2_PLACEMENT_3D('',#7334,#5940,#5941);
#5097=AXIS2_PLACEMENT_3D('',#7338,#5943,#5944);
#5098=AXIS2_PLACEMENT_3D('',#7339,#5945,#5946);
#5099=AXIS2_PLACEMENT_3D('',#7340,#5947,#5948);
#5100=AXIS2_PLACEMENT_3D('',#7341,#5949,#5950);
#5101=AXIS2_PLACEMENT_3D('',#7343,#5951,#5952);
#5102=AXIS2_PLACEMENT_3D('',#7344,#5953,#5954);
#5103=AXIS2_PLACEMENT_3D('',#7346,#5955,#5956);
#5104=AXIS2_PLACEMENT_3D('',#7347,#5957,#5958);
#5105=AXIS2_PLACEMENT_3D('',#7349,#5959,#5960);
#5106=AXIS2_PLACEMENT_3D('',#7350,#5961,#5962);
#5107=AXIS2_PLACEMENT_3D('',#7352,#5963,#5964);
#5108=AXIS2_PLACEMENT_3D('',#7353,#5965,#5966);
#5109=AXIS2_PLACEMENT_3D('',#7355,#5967,#5968);
#5110=AXIS2_PLACEMENT_3D('',#7357,#5969,#5970);
#5111=AXIS2_PLACEMENT_3D('',#7363,#5974,#5975);
#5112=AXIS2_PLACEMENT_3D('',#7369,#5979,#5980);
#5113=AXIS2_PLACEMENT_3D('',#7371,#5982,#5983);
#5114=AXIS2_PLACEMENT_3D('',#7373,#5985,#5986);
#5115=AXIS2_PLACEMENT_3D('',#7374,#5987,#5988);
#5116=AXIS2_PLACEMENT_3D('',#7375,#5989,#5990);
#5117=AXIS2_PLACEMENT_3D('',#7376,#5991,#5992);
#5118=AXIS2_PLACEMENT_3D('',#7378,#5993,#5994);
#5119=AXIS2_PLACEMENT_3D('',#7380,#5995,#5996);
#5120=AXIS2_PLACEMENT_3D('',#7381,#5997,#5998);
#5121=AXIS2_PLACEMENT_3D('',#7383,#5999,#6000);
#5122=AXIS2_PLACEMENT_3D('',#7385,#6001,#6002);
#5123=AXIS2_PLACEMENT_3D('',#7386,#6003,#6004);
#5124=AXIS2_PLACEMENT_3D('',#7388,#6005,#6006);
#5125=AXIS2_PLACEMENT_3D('',#7390,#6007,#6008);
#5126=AXIS2_PLACEMENT_3D('',#7391,#6009,#6010);
#5127=AXIS2_PLACEMENT_3D('',#7393,#6011,#6012);
#5128=AXIS2_PLACEMENT_3D('',#7395,#6013,#6014);
#5129=AXIS2_PLACEMENT_3D('',#7396,#6015,#6016);
#5130=AXIS2_PLACEMENT_3D('',#7401,#6018,#6019);
#5131=AXIS2_PLACEMENT_3D('',#7404,#6021,#6022);
#5132=AXIS2_PLACEMENT_3D('',#7405,#6023,#6024);
#5133=AXIS2_PLACEMENT_3D('',#7410,#6026,#6027);
#5134=AXIS2_PLACEMENT_3D('',#7413,#6029,#6030);
#5135=AXIS2_PLACEMENT_3D('',#7414,#6031,#6032);
#5136=AXIS2_PLACEMENT_3D('',#7419,#6034,#6035);
#5137=AXIS2_PLACEMENT_3D('',#7422,#6037,#6038);
#5138=AXIS2_PLACEMENT_3D('',#7423,#6039,#6040);
#5139=AXIS2_PLACEMENT_3D('',#7428,#6042,#6043);
#5140=AXIS2_PLACEMENT_3D('',#7431,#6045,#6046);
#5141=AXIS2_PLACEMENT_3D('',#7434,#6049,#6050);
#5142=AXIS2_PLACEMENT_3D('',#7437,#6053,#6054);
#5143=AXIS2_PLACEMENT_3D('',#7440,#6057,#6058);
#5144=AXIS2_PLACEMENT_3D('',#7443,#6061,#6062);
#5145=AXIS2_PLACEMENT_3D('',#7452,#6067,#6068);
#5146=AXIS2_PLACEMENT_3D('',#7454,#6069,#6070);
#5147=AXIS2_PLACEMENT_3D('',#7456,#6071,#6072);
#5148=AXIS2_PLACEMENT_3D('',#7458,#6073,#6074);
#5149=AXIS2_PLACEMENT_3D('',#7460,#6075,#6076);
#5150=AXIS2_PLACEMENT_3D('',#7466,#6080,#6081);
#5151=AXIS2_PLACEMENT_3D('',#7470,#6084,#6085);
#5152=AXIS2_PLACEMENT_3D('',#7474,#6088,#6089);
#5153=AXIS2_PLACEMENT_3D('',#7476,#6091,#6092);
#5154=AXIS2_PLACEMENT_3D('',#7477,#6093,#6094);
#5155=AXIS2_PLACEMENT_3D('',#7478,#6095,#6096);
#5156=AXIS2_PLACEMENT_3D('',#7479,#6097,#6098);
#5157=AXIS2_PLACEMENT_3D('',#7481,#6099,#6100);
#5158=AXIS2_PLACEMENT_3D('',#7482,#6101,#6102);
#5159=AXIS2_PLACEMENT_3D('',#7483,#6103,#6104);
#5160=AXIS2_PLACEMENT_3D('',#7485,#6105,#6106);
#5161=AXIS2_PLACEMENT_3D('',#7486,#6107,#6108);
#5162=AXIS2_PLACEMENT_3D('',#7487,#6109,#6110);
#5163=AXIS2_PLACEMENT_3D('',#7489,#6111,#6112);
#5164=AXIS2_PLACEMENT_3D('',#7490,#6113,#6114);
#5165=AXIS2_PLACEMENT_3D('',#7491,#6115,#6116);
#5166=AXIS2_PLACEMENT_3D('',#7493,#6117,#6118);
#5167=AXIS2_PLACEMENT_3D('',#7494,#6119,#6120);
#5168=AXIS2_PLACEMENT_3D('',#7495,#6121,#6122);
#5169=AXIS2_PLACEMENT_3D('',#7504,#6127,#6128);
#5170=AXIS2_PLACEMENT_3D('',#7505,#6129,#6130);
#5171=AXIS2_PLACEMENT_3D('',#7507,#6131,#6132);
#5172=AXIS2_PLACEMENT_3D('',#7509,#6133,#6134);
#5173=AXIS2_PLACEMENT_3D('',#7510,#6135,#6136);
#5174=AXIS2_PLACEMENT_3D('',#7512,#6137,#6138);
#5175=AXIS2_PLACEMENT_3D('',#7514,#6139,#6140);
#5176=AXIS2_PLACEMENT_3D('',#7520,#6144,#6145);
#5177=AXIS2_PLACEMENT_3D('',#7526,#6149,#6150);
#5178=AXIS2_PLACEMENT_3D('',#7530,#6152,#6153);
#5179=AXIS2_PLACEMENT_3D('',#7534,#6156,#6157);
#5180=AXIS2_PLACEMENT_3D('',#7536,#6158,#6159);
#5181=AXIS2_PLACEMENT_3D('',#7538,#6160,#6161);
#5182=AXIS2_PLACEMENT_3D('',#7540,#6162,#6163);
#5183=AXIS2_PLACEMENT_3D('',#7541,#6164,#6165);
#5184=AXIS2_PLACEMENT_3D('',#7548,#6169,#6170);
#5185=AXIS2_PLACEMENT_3D('',#7550,#6171,#6172);
#5186=AXIS2_PLACEMENT_3D('',#7552,#6173,#6174);
#5187=AXIS2_PLACEMENT_3D('',#7554,#6175,#6176);
#5188=AXIS2_PLACEMENT_3D('',#7555,#6177,#6178);
#5189=AXIS2_PLACEMENT_3D('',#7556,#6179,#6180);
#5190=AXIS2_PLACEMENT_3D('',#7557,#6181,#6182);
#5191=AXIS2_PLACEMENT_3D('',#7559,#6184,#6185);
#5192=AXIS2_PLACEMENT_3D('',#7562,#6188,#6189);
#5193=AXIS2_PLACEMENT_3D('',#7563,#6190,#6191);
#5194=AXIS2_PLACEMENT_3D('',#7564,#6192,#6193);
#5195=AXIS2_PLACEMENT_3D('',#7565,#6194,#6195);
#5196=AXIS2_PLACEMENT_3D('',#7566,#6196,#6197);
#5197=AXIS2_PLACEMENT_3D('',#7568,#6198,#6199);
#5198=AXIS2_PLACEMENT_3D('',#7573,#6201,#6202);
#5199=AXIS2_PLACEMENT_3D('',#7584,#6208,#6209);
#5200=AXIS2_PLACEMENT_3D('',#7586,#6210,#6211);
#5201=AXIS2_PLACEMENT_3D('',#7588,#6212,#6213);
#5202=AXIS2_PLACEMENT_3D('',#7590,#6214,#6215);
#5203=AXIS2_PLACEMENT_3D('',#7594,#6217,#6218);
#5204=AXIS2_PLACEMENT_3D('',#7605,#6224,#6225);
#5205=AXIS2_PLACEMENT_3D('',#7607,#6226,#6227);
#5206=AXIS2_PLACEMENT_3D('',#7609,#6228,#6229);
#5207=AXIS2_PLACEMENT_3D('',#7611,#6230,#6231);
#5208=AXIS2_PLACEMENT_3D('',#7613,#6232,#6233);
#5209=AXIS2_PLACEMENT_3D('',#7615,#6234,#6235);
#5210=AXIS2_PLACEMENT_3D('',#7616,#6236,#6237);
#5211=AXIS2_PLACEMENT_3D('',#7617,#6238,#6239);
#5212=AXIS2_PLACEMENT_3D('',#7620,#6242,#6243);
#5213=AXIS2_PLACEMENT_3D('',#7623,#6246,#6247);
#5214=AXIS2_PLACEMENT_3D('',#7624,#6248,#6249);
#5215=AXIS2_PLACEMENT_3D('',#7626,#6251,#6252);
#5216=AXIS2_PLACEMENT_3D('',#7628,#6254,#6255);
#5217=AXIS2_PLACEMENT_3D('',#7629,#6256,#6257);
#5218=AXIS2_PLACEMENT_3D('',#7630,#6258,#6259);
#5219=AXIS2_PLACEMENT_3D('',#7631,#6260,#6261);
#5220=AXIS2_PLACEMENT_3D('',#7633,#6263,#6264);
#5221=AXIS2_PLACEMENT_3D('',#7634,#6265,#6266);
#5222=AXIS2_PLACEMENT_3D('',#7635,#6267,#6268);
#5223=AXIS2_PLACEMENT_3D('',#7644,#6273,#6274);
#5224=AXIS2_PLACEMENT_3D('',#7653,#6279,#6280);
#5225=AXIS2_PLACEMENT_3D('',#7654,#6281,#6282);
#5226=AXIS2_PLACEMENT_3D('',#7656,#6283,#6284);
#5227=AXIS2_PLACEMENT_3D('',#7658,#6285,#6286);
#5228=AXIS2_PLACEMENT_3D('',#7659,#6287,#6288);
#5229=AXIS2_PLACEMENT_3D('',#7661,#6289,#6290);
#5230=AXIS2_PLACEMENT_3D('',#7663,#6291,#6292);
#5231=AXIS2_PLACEMENT_3D('',#7664,#6293,#6294);
#5232=AXIS2_PLACEMENT_3D('',#7666,#6295,#6296);
#5233=AXIS2_PLACEMENT_3D('',#7668,#6297,#6298);
#5234=AXIS2_PLACEMENT_3D('',#7669,#6299,#6300);
#5235=AXIS2_PLACEMENT_3D('',#7677,#6305,#6306);
#5236=AXIS2_PLACEMENT_3D('',#7679,#6307,#6308);
#5237=AXIS2_PLACEMENT_3D('',#7681,#6309,#6310);
#5238=AXIS2_PLACEMENT_3D('',#7685,#6312,#6313);
#5239=AXIS2_PLACEMENT_3D('',#7690,#6317,#6318);
#5240=AXIS2_PLACEMENT_3D('',#7692,#6319,#6320);
#5241=AXIS2_PLACEMENT_3D('',#7694,#6321,#6322);
#5242=AXIS2_PLACEMENT_3D('',#7697,#6325,#6326);
#5243=AXIS2_PLACEMENT_3D('',#7698,#6327,#6328);
#5244=AXIS2_PLACEMENT_3D('',#7699,#6329,#6330);
#5245=AXIS2_PLACEMENT_3D('',#7700,#6331,#6332);
#5246=AXIS2_PLACEMENT_3D('',#7702,#6334,#6335);
#5247=AXIS2_PLACEMENT_3D('',#7703,#6336,#6337);
#5248=AXIS2_PLACEMENT_3D('',#7704,#6338,#6339);
#5249=AXIS2_PLACEMENT_3D('',#7705,#6340,#6341);
#5250=AXIS2_PLACEMENT_3D('',#7706,#6342,#6343);
#5251=AXIS2_PLACEMENT_3D('',#7708,#6344,#6345);
#5252=AXIS2_PLACEMENT_3D('',#7710,#6346,#6347);
#5253=AXIS2_PLACEMENT_3D('',#7715,#6349,#6350);
#5254=AXIS2_PLACEMENT_3D('',#7726,#6356,#6357);
#5255=AXIS2_PLACEMENT_3D('',#7728,#6358,#6359);
#5256=AXIS2_PLACEMENT_3D('',#7730,#6360,#6361);
#5257=AXIS2_PLACEMENT_3D('',#7731,#6362,#6363);
#5258=AXIS2_PLACEMENT_3D('',#7733,#6364,#6365);
#5259=AXIS2_PLACEMENT_3D('',#7735,#6366,#6367);
#5260=AXIS2_PLACEMENT_3D('',#7740,#6369,#6370);
#5261=AXIS2_PLACEMENT_3D('',#7751,#6376,#6377);
#5262=AXIS2_PLACEMENT_3D('',#7753,#6378,#6379);
#5263=AXIS2_PLACEMENT_3D('',#7755,#6380,#6381);
#5264=AXIS2_PLACEMENT_3D('',#7758,#6384,#6385);
#5265=AXIS2_PLACEMENT_3D('',#7761,#6388,#6389);
#5266=AXIS2_PLACEMENT_3D('',#7764,#6392,#6393);
#5267=AXIS2_PLACEMENT_3D('',#7765,#6394,#6395);
#5268=AXIS2_PLACEMENT_3D('',#7766,#6396,#6397);
#5269=AXIS2_PLACEMENT_3D('',#7767,#6398,#6399);
#5270=AXIS2_PLACEMENT_3D('',#7768,#6400,#6401);
#5271=AXIS2_PLACEMENT_3D('',#7770,#6403,#6404);
#5272=AXIS2_PLACEMENT_3D('',#7771,#6405,#6406);
#5273=AXIS2_PLACEMENT_3D('',#7772,#6407,#6408);
#5274=AXIS2_PLACEMENT_3D('',#7773,#6409,#6410);
#5275=AXIS2_PLACEMENT_3D('',#7774,#6411,#6412);
#5276=AXIS2_PLACEMENT_3D('',#7775,#6413,#6414);
#5277=AXIS2_PLACEMENT_3D('',#7776,#6415,#6416);
#5278=AXIS2_PLACEMENT_3D('',#7778,#6417,#6418);
#5279=AXIS2_PLACEMENT_3D('',#7780,#6419,#6420);
#5280=AXIS2_PLACEMENT_3D('',#7782,#6421,#6422);
#5281=AXIS2_PLACEMENT_3D('',#7784,#6423,#6424);
#5282=AXIS2_PLACEMENT_3D('',#7786,#6425,#6426);
#5283=AXIS2_PLACEMENT_3D('',#7788,#6427,#6428);
#5284=AXIS2_PLACEMENT_3D('',#7790,#6429,#6430);
#5285=AXIS2_PLACEMENT_3D('',#7792,#6431,#6432);
#5286=AXIS2_PLACEMENT_3D('',#7794,#6433,#6434);
#5287=AXIS2_PLACEMENT_3D('',#7799,#6436,#6437);
#5288=AXIS2_PLACEMENT_3D('',#7803,#6439,#6440);
#5289=AXIS2_PLACEMENT_3D('',#7804,#6441,#6442);
#5290=AXIS2_PLACEMENT_3D('',#7809,#6444,#6445);
#5291=AXIS2_PLACEMENT_3D('',#7813,#6447,#6448);
#5292=AXIS2_PLACEMENT_3D('',#7814,#6449,#6450);
#5293=AXIS2_PLACEMENT_3D('',#7819,#6452,#6453);
#5294=AXIS2_PLACEMENT_3D('',#7823,#6455,#6456);
#5295=AXIS2_PLACEMENT_3D('',#7824,#6457,#6458);
#5296=AXIS2_PLACEMENT_3D('',#7829,#6460,#6461);
#5297=AXIS2_PLACEMENT_3D('',#7833,#6463,#6464);
#5298=AXIS2_PLACEMENT_3D('',#7837,#6466,#6467);
#5299=AXIS2_PLACEMENT_3D('',#7841,#6469,#6470);
#5300=AXIS2_PLACEMENT_3D('',#7842,#6471,#6472);
#5301=AXIS2_PLACEMENT_3D('',#7847,#6474,#6475);
#5302=AXIS2_PLACEMENT_3D('',#7851,#6477,#6478);
#5303=AXIS2_PLACEMENT_3D('',#7855,#6480,#6481);
#5304=AXIS2_PLACEMENT_3D('',#7859,#6483,#6484);
#5305=AXIS2_PLACEMENT_3D('',#7860,#6485,#6486);
#5306=AXIS2_PLACEMENT_3D('',#7862,#6487,#6488);
#5307=AXIS2_PLACEMENT_3D('',#7864,#6489,#6490);
#5308=AXIS2_PLACEMENT_3D('',#7869,#6492,#6493);
#5309=AXIS2_PLACEMENT_3D('',#7872,#6495,#6496);
#5310=AXIS2_PLACEMENT_3D('',#7874,#6497,#6498);
#5311=AXIS2_PLACEMENT_3D('',#7879,#6500,#6501);
#5312=AXIS2_PLACEMENT_3D('',#7882,#6503,#6504);
#5313=AXIS2_PLACEMENT_3D('',#7884,#6505,#6506);
#5314=AXIS2_PLACEMENT_3D('',#7889,#6508,#6509);
#5315=AXIS2_PLACEMENT_3D('',#7892,#6511,#6512);
#5316=AXIS2_PLACEMENT_3D('',#7897,#6514,#6515);
#5317=AXIS2_PLACEMENT_3D('',#7901,#6517,#6518);
#5318=AXIS2_PLACEMENT_3D('',#7902,#6519,#6520);
#5319=AXIS2_PLACEMENT_3D('',#7904,#6521,#6522);
#5320=AXIS2_PLACEMENT_3D('',#7906,#6523,#6524);
#5321=AXIS2_PLACEMENT_3D('',#7908,#6525,#6526);
#5322=AXIS2_PLACEMENT_3D('',#7910,#6527,#6528);
#5323=AXIS2_PLACEMENT_3D('',#7912,#6529,#6530);
#5324=AXIS2_PLACEMENT_3D('',#7914,#6531,#6532);
#5325=AXIS2_PLACEMENT_3D('',#7916,#6533,#6534);
#5326=AXIS2_PLACEMENT_3D('',#7918,#6535,#6536);
#5327=AXIS2_PLACEMENT_3D('',#7920,#6537,#6538);
#5328=AXIS2_PLACEMENT_3D('',#7922,#6539,#6540);
#5329=AXIS2_PLACEMENT_3D('',#7923,#6541,#6542);
#5330=AXIS2_PLACEMENT_3D('',#7925,#6543,#6544);
#5331=AXIS2_PLACEMENT_3D('',#7927,#6545,#6546);
#5332=AXIS2_PLACEMENT_3D('',#7929,#6547,#6548);
#5333=AXIS2_PLACEMENT_3D('',#7931,#6549,#6550);
#5334=AXIS2_PLACEMENT_3D('',#7933,#6551,#6552);
#5335=AXIS2_PLACEMENT_3D('',#7935,#6553,#6554);
#5336=AXIS2_PLACEMENT_3D('',#7937,#6555,#6556);
#5337=AXIS2_PLACEMENT_3D('',#7939,#6557,#6558);
#5338=AXIS2_PLACEMENT_3D('',#7941,#6559,#6560);
#5339=AXIS2_PLACEMENT_3D('',#7943,#6561,#6562);
#5340=AXIS2_PLACEMENT_3D('',#7945,#6563,#6564);
#5341=AXIS2_PLACEMENT_3D('',#7947,#6565,#6566);
#5342=AXIS2_PLACEMENT_3D('',#7949,#6567,#6568);
#5343=AXIS2_PLACEMENT_3D('',#7951,#6569,#6570);
#5344=AXIS2_PLACEMENT_3D('',#7953,#6571,#6572);
#5345=AXIS2_PLACEMENT_3D('',#7955,#6573,#6574);
#5346=AXIS2_PLACEMENT_3D('',#7957,#6575,#6576);
#5347=AXIS2_PLACEMENT_3D('',#7959,#6577,#6578);
#5348=AXIS2_PLACEMENT_3D('',#7964,#6580,#6581);
#5349=AXIS2_PLACEMENT_3D('',#7968,#6583,#6584);
#5350=AXIS2_PLACEMENT_3D('',#7972,#6586,#6587);
#5351=AXIS2_PLACEMENT_3D('',#7976,#6589,#6590);
#5352=AXIS2_PLACEMENT_3D('',#7977,#6591,#6592);
#5353=AXIS2_PLACEMENT_3D('',#7979,#6593,#6594);
#5354=AXIS2_PLACEMENT_3D('',#7981,#6595,#6596);
#5355=AXIS2_PLACEMENT_3D('',#7983,#6597,#6598);
#5356=AXIS2_PLACEMENT_3D('',#7985,#6599,#6600);
#5357=AXIS2_PLACEMENT_3D('',#7987,#6601,#6602);
#5358=AXIS2_PLACEMENT_3D('',#7989,#6603,#6604);
#5359=AXIS2_PLACEMENT_3D('',#7991,#6605,#6606);
#5360=AXIS2_PLACEMENT_3D('',#7993,#6607,#6608);
#5361=AXIS2_PLACEMENT_3D('',#7995,#6609,#6610);
#5362=AXIS2_PLACEMENT_3D('',#7997,#6611,#6612);
#5363=AXIS2_PLACEMENT_3D('',#8000,#6615,#6616);
#5364=AXIS2_PLACEMENT_3D('',#8003,#6619,#6620);
#5365=AXIS2_PLACEMENT_3D('',#8006,#6623,#6624);
#5366=AXIS2_PLACEMENT_3D('',#8009,#6627,#6628);
#5367=AXIS2_PLACEMENT_3D('',#8010,#6629,#6630);
#5368=AXIS2_PLACEMENT_3D('',#8012,#6631,#6632);
#5369=AXIS2_PLACEMENT_3D('',#8013,#6633,#6634);
#5370=AXIS2_PLACEMENT_3D('',#8018,#6636,#6637);
#5371=AXIS2_PLACEMENT_3D('',#8021,#6639,#6640);
#5372=AXIS2_PLACEMENT_3D('',#8023,#6641,#6642);
#5373=AXIS2_PLACEMENT_3D('',#8024,#6643,#6644);
#5374=AXIS2_PLACEMENT_3D('',#8026,#6645,#6646);
#5375=AXIS2_PLACEMENT_3D('',#8027,#6647,#6648);
#5376=AXIS2_PLACEMENT_3D('',#8032,#6650,#6651);
#5377=AXIS2_PLACEMENT_3D('',#8035,#6653,#6654);
#5378=AXIS2_PLACEMENT_3D('',#8037,#6655,#6656);
#5379=AXIS2_PLACEMENT_3D('',#8038,#6657,#6658);
#5380=AXIS2_PLACEMENT_3D('',#8040,#6659,#6660);
#5381=AXIS2_PLACEMENT_3D('',#8041,#6661,#6662);
#5382=AXIS2_PLACEMENT_3D('',#8046,#6664,#6665);
#5383=AXIS2_PLACEMENT_3D('',#8049,#6667,#6668);
#5384=AXIS2_PLACEMENT_3D('',#8051,#6669,#6670);
#5385=AXIS2_PLACEMENT_3D('',#8052,#6671,#6672);
#5386=AXIS2_PLACEMENT_3D('',#8054,#6673,#6674);
#5387=AXIS2_PLACEMENT_3D('',#8055,#6675,#6676);
#5388=AXIS2_PLACEMENT_3D('',#8060,#6678,#6679);
#5389=AXIS2_PLACEMENT_3D('',#8063,#6681,#6682);
#5390=AXIS2_PLACEMENT_3D('',#8065,#6683,#6684);
#5391=AXIS2_PLACEMENT_3D('',#8066,#6685,#6686);
#5392=AXIS2_PLACEMENT_3D('',#8068,#6687,#6688);
#5393=AXIS2_PLACEMENT_3D('',#8069,#6689,#6690);
#5394=AXIS2_PLACEMENT_3D('',#8074,#6692,#6693);
#5395=AXIS2_PLACEMENT_3D('',#8077,#6695,#6696);
#5396=AXIS2_PLACEMENT_3D('',#8079,#6697,#6698);
#5397=AXIS2_PLACEMENT_3D('',#8080,#6699,#6700);
#5398=AXIS2_PLACEMENT_3D('',#8082,#6701,#6702);
#5399=AXIS2_PLACEMENT_3D('',#8086,#6704,#6705);
#5400=AXIS2_PLACEMENT_3D('',#8090,#6707,#6708);
#5401=AXIS2_PLACEMENT_3D('',#8091,#6709,#6710);
#5402=AXIS2_PLACEMENT_3D('',#8093,#6711,#6712);
#5403=AXIS2_PLACEMENT_3D('',#8094,#6713,#6714);
#5404=AXIS2_PLACEMENT_3D('',#8096,#6715,#6716);
#5405=AXIS2_PLACEMENT_3D('',#8100,#6718,#6719);
#5406=AXIS2_PLACEMENT_3D('',#8104,#6721,#6722);
#5407=AXIS2_PLACEMENT_3D('',#8105,#6723,#6724);
#5408=AXIS2_PLACEMENT_3D('',#8107,#6725,#6726);
#5409=AXIS2_PLACEMENT_3D('',#8108,#6727,#6728);
#5410=AXIS2_PLACEMENT_3D('',#8110,#6729,#6730);
#5411=AXIS2_PLACEMENT_3D('',#8111,#6731,#6732);
#5412=AXIS2_PLACEMENT_3D('',#8116,#6734,#6735);
#5413=AXIS2_PLACEMENT_3D('',#8119,#6737,#6738);
#5414=AXIS2_PLACEMENT_3D('',#8121,#6739,#6740);
#5415=AXIS2_PLACEMENT_3D('',#8122,#6741,#6742);
#5416=AXIS2_PLACEMENT_3D('',#8124,#6743,#6744);
#5417=AXIS2_PLACEMENT_3D('',#8125,#6745,#6746);
#5418=AXIS2_PLACEMENT_3D('',#8130,#6748,#6749);
#5419=AXIS2_PLACEMENT_3D('',#8133,#6751,#6752);
#5420=AXIS2_PLACEMENT_3D('',#8135,#6753,#6754);
#5421=AXIS2_PLACEMENT_3D('',#8138,#6757,#6758);
#5422=AXIS2_PLACEMENT_3D('',#8140,#6760,#6761);
#5423=AXIS2_PLACEMENT_3D('',#8142,#6763,#6764);
#5424=AXIS2_PLACEMENT_3D('',#8143,#6765,#6766);
#5425=AXIS2_PLACEMENT_3D('',#8144,#6767,#6768);
#5426=AXIS2_PLACEMENT_3D('',#8147,#6771,#6772);
#5427=AXIS2_PLACEMENT_3D('',#8149,#6774,#6775);
#5428=AXIS2_PLACEMENT_3D('',#8151,#6777,#6778);
#5429=AXIS2_PLACEMENT_3D('',#8152,#6779,#6780);
#5430=AXIS2_PLACEMENT_3D('',#8153,#6781,#6782);
#5431=AXIS2_PLACEMENT_3D('',#8154,#6783,#6784);
#5432=AXIS2_PLACEMENT_3D('',#8157,#6787,#6788);
#5433=AXIS2_PLACEMENT_3D('',#8159,#6790,#6791);
#5434=AXIS2_PLACEMENT_3D('',#8161,#6793,#6794);
#5435=AXIS2_PLACEMENT_3D('',#8162,#6795,#6796);
#5436=AXIS2_PLACEMENT_3D('',#8163,#6797,#6798);
#5437=AXIS2_PLACEMENT_3D('',#8166,#6801,#6802);
#5438=AXIS2_PLACEMENT_3D('',#8168,#6804,#6805);
#5439=AXIS2_PLACEMENT_3D('',#8170,#6807,#6808);
#5440=AXIS2_PLACEMENT_3D('',#8171,#6809,#6810);
#5441=AXIS2_PLACEMENT_3D('',#8174,#6813,#6814);
#5442=AXIS2_PLACEMENT_3D('',#8176,#6816,#6817);
#5443=AXIS2_PLACEMENT_3D('',#8178,#6819,#6820);
#5444=AXIS2_PLACEMENT_3D('',#8179,#6821,#6822);
#5445=AXIS2_PLACEMENT_3D('',#8180,#6823,#6824);
#5446=AXIS2_PLACEMENT_3D('',#8183,#6827,#6828);
#5447=AXIS2_PLACEMENT_3D('',#8185,#6830,#6831);
#5448=AXIS2_PLACEMENT_3D('',#8187,#6833,#6834);
#5449=AXIS2_PLACEMENT_3D('',#8188,#6835,#6836);
#5450=AXIS2_PLACEMENT_3D('',#8189,#6837,#6838);
#5451=AXIS2_PLACEMENT_3D('',#8192,#6841,#6842);
#5452=AXIS2_PLACEMENT_3D('',#8194,#6844,#6845);
#5453=AXIS2_PLACEMENT_3D('',#8196,#6847,#6848);
#5454=AXIS2_PLACEMENT_3D('',#8197,#6849,#6850);
#5455=AXIS2_PLACEMENT_3D('',#8198,#6851,#6852);
#5456=AXIS2_PLACEMENT_3D('',#8199,#6853,#6854);
#5457=AXIS2_PLACEMENT_3D('',#8202,#6857,#6858);
#5458=AXIS2_PLACEMENT_3D('',#8204,#6860,#6861);
#5459=AXIS2_PLACEMENT_3D('',#8206,#6863,#6864);
#5460=AXIS2_PLACEMENT_3D('',#8207,#6865,#6866);
#5461=AXIS2_PLACEMENT_3D('',#8208,#6867,#6868);
#5462=AXIS2_PLACEMENT_3D('',#8211,#6871,#6872);
#5463=AXIS2_PLACEMENT_3D('',#8213,#6874,#6875);
#5464=AXIS2_PLACEMENT_3D('',#8215,#6877,#6878);
#5465=AXIS2_PLACEMENT_3D('',#8216,#6879,#6880);
#5466=AXIS2_PLACEMENT_3D('',#8217,#6881,#6882);
#5467=AXIS2_PLACEMENT_3D('',#8218,#6883,#6884);
#5468=AXIS2_PLACEMENT_3D('',#8219,#6885,#6886);
#5469=AXIS2_PLACEMENT_3D('',#8220,#6887,#6888);
#5470=AXIS2_PLACEMENT_3D('',#8221,#6889,#6890);
#5471=AXIS2_PLACEMENT_3D('',#8222,#6891,#6892);
#5472=AXIS2_PLACEMENT_3D('',#8223,#6893,#6894);
#5473=AXIS2_PLACEMENT_3D('',#8224,#6895,#6896);
#5474=AXIS2_PLACEMENT_3D('',#8225,#6897,#6898);
#5475=AXIS2_PLACEMENT_3D('',#8226,#6899,#6900);
#5476=AXIS2_PLACEMENT_3D('',#8227,#6901,#6902);
#5477=AXIS2_PLACEMENT_3D('',#8228,#6903,#6904);
#5478=AXIS2_PLACEMENT_3D('',#8229,#6905,#6906);
#5479=AXIS2_PLACEMENT_3D('',#8230,#6907,#6908);
#5480=AXIS2_PLACEMENT_3D('',#8231,#6909,#6910);
#5481=AXIS2_PLACEMENT_3D('',#8232,#6911,#6912);
#5482=AXIS2_PLACEMENT_3D('',#8233,#6913,#6914);
#5483=AXIS2_PLACEMENT_3D('',#8234,#6915,#6916);
#5484=AXIS2_PLACEMENT_3D('',#8235,#6917,#6918);
#5485=AXIS2_PLACEMENT_3D('',#8236,#6919,#6920);
#5486=AXIS2_PLACEMENT_3D('',#8237,#6921,#6922);
#5487=AXIS2_PLACEMENT_3D('',#8238,#6923,#6924);
#5488=AXIS2_PLACEMENT_3D('',#8239,#6925,#6926);
#5489=DIRECTION('',(0.,0.,1.));
#5490=DIRECTION('',(1.,0.,0.));
#5491=DIRECTION('',(0.,0.,1.));
#5492=DIRECTION('',(1.,0.,0.));
#5493=DIRECTION('',(0.,0.,1.));
#5494=DIRECTION('',(1.,0.,0.));
#5495=DIRECTION('',(0.,0.,1.));
#5496=DIRECTION('',(1.,0.,0.));
#5497=DIRECTION('',(0.,0.,1.));
#5498=DIRECTION('',(1.,0.,0.));
#5499=DIRECTION('',(0.,0.,1.));
#5500=DIRECTION('',(1.,0.,0.));
#5501=DIRECTION('',(0.,0.,1.));
#5502=DIRECTION('',(1.,0.,0.));
#5503=DIRECTION('',(0.,0.,1.));
#5504=DIRECTION('',(1.,0.,0.));
#5505=DIRECTION('',(0.,0.,1.));
#5506=DIRECTION('',(1.,0.,0.));
#5507=DIRECTION('',(0.,0.,1.));
#5508=DIRECTION('',(1.,0.,0.));
#5509=DIRECTION('',(0.,0.,1.));
#5510=DIRECTION('',(1.,0.,0.));
#5511=DIRECTION('',(0.,0.,1.));
#5512=DIRECTION('',(1.,0.,0.));
#5513=DIRECTION('',(-3.64246399155235E-16,-1.,0.));
#5514=DIRECTION('',(0.,0.,1.));
#5515=DIRECTION('',(1.,0.,0.));
#5516=DIRECTION('',(-1.,0.,0.));
#5517=DIRECTION('',(0.,0.,1.));
#5518=DIRECTION('',(1.,0.,0.));
#5519=DIRECTION('',(-3.64246399155235E-16,-1.,0.));
#5520=DIRECTION('',(0.,0.,1.));
#5521=DIRECTION('',(1.,0.,0.));
#5522=DIRECTION('',(-1.,0.,0.));
#5523=DIRECTION('',(0.,0.,1.));
#5524=DIRECTION('',(1.,0.,0.));
#5525=DIRECTION('',(0.,0.,1.));
#5526=DIRECTION('',(1.,0.,0.));
#5527=DIRECTION('',(0.,0.,1.));
#5528=DIRECTION('',(1.,0.,0.));
#5529=DIRECTION('',(0.,0.,1.));
#5530=DIRECTION('',(1.,0.,0.));
#5531=DIRECTION('',(0.,0.,1.));
#5532=DIRECTION('',(1.,0.,0.));
#5533=DIRECTION('',(0.,0.,1.));
#5534=DIRECTION('',(1.,0.,0.));
#5535=DIRECTION('',(0.,0.,1.));
#5536=DIRECTION('',(1.,0.,0.));
#5537=DIRECTION('',(0.,0.,1.));
#5538=DIRECTION('',(1.,0.,0.));
#5539=DIRECTION('',(0.,0.,1.));
#5540=DIRECTION('',(1.,0.,0.));
#5541=DIRECTION('',(0.,0.,1.));
#5542=DIRECTION('',(1.,0.,0.));
#5543=DIRECTION('',(0.,0.,1.));
#5544=DIRECTION('',(1.,0.,0.));
#5545=DIRECTION('',(0.,0.,1.));
#5546=DIRECTION('',(1.,0.,0.));
#5547=DIRECTION('',(0.,0.,1.));
#5548=DIRECTION('',(1.,0.,0.));
#5549=DIRECTION('',(0.,0.,1.));
#5550=DIRECTION('',(1.,0.,0.));
#5551=DIRECTION('',(0.,0.,1.));
#5552=DIRECTION('',(1.,0.,0.));
#5553=DIRECTION('',(0.,0.,1.));
#5554=DIRECTION('',(1.,0.,0.));
#5555=DIRECTION('',(0.,0.,1.));
#5556=DIRECTION('',(1.,0.,0.));
#5557=DIRECTION('',(0.,0.,1.));
#5558=DIRECTION('',(1.,0.,0.));
#5559=DIRECTION('',(0.,0.,1.));
#5560=DIRECTION('',(1.,0.,0.));
#5561=DIRECTION('',(0.,0.,1.));
#5562=DIRECTION('',(1.,0.,0.));
#5563=DIRECTION('',(0.,0.,1.));
#5564=DIRECTION('',(1.,0.,0.));
#5565=DIRECTION('',(0.,0.,1.));
#5566=DIRECTION('',(1.,0.,0.));
#5567=DIRECTION('',(-1.,0.,0.));
#5568=DIRECTION('',(0.,0.,1.));
#5569=DIRECTION('',(1.,0.,0.));
#5570=DIRECTION('',(-3.64246399155235E-16,-1.,0.));
#5571=DIRECTION('',(0.,0.,1.));
#5572=DIRECTION('',(1.,0.,0.));
#5573=DIRECTION('',(-1.,0.,0.));
#5574=DIRECTION('',(0.,0.,1.));
#5575=DIRECTION('',(1.,0.,0.));
#5576=DIRECTION('',(-3.64246399155235E-16,-1.,0.));
#5577=DIRECTION('',(0.,0.,1.));
#5578=DIRECTION('',(1.,0.,0.));
#5579=DIRECTION('',(0.,0.,1.));
#5580=DIRECTION('',(1.,0.,0.));
#5581=DIRECTION('',(0.,0.,1.));
#5582=DIRECTION('',(1.,0.,0.));
#5583=DIRECTION('',(0.,0.,1.));
#5584=DIRECTION('',(1.,0.,0.));
#5585=DIRECTION('',(0.,0.,1.));
#5586=DIRECTION('',(1.,0.,0.));
#5587=DIRECTION('',(0.,0.,1.));
#5588=DIRECTION('',(1.,0.,0.));
#5589=DIRECTION('',(0.,0.,1.));
#5590=DIRECTION('',(1.,0.,0.));
#5591=DIRECTION('',(0.,0.,1.));
#5592=DIRECTION('',(1.,0.,0.));
#5593=DIRECTION('',(0.,0.,1.));
#5594=DIRECTION('',(1.,0.,0.));
#5595=DIRECTION('',(0.,0.,1.));
#5596=DIRECTION('',(1.,0.,0.));
#5597=DIRECTION('',(0.,0.,1.));
#5598=DIRECTION('',(1.,0.,0.));
#5599=DIRECTION('',(-1.,3.64246399155235E-16,0.));
#5600=DIRECTION('',(-3.64246399155235E-16,-1.,0.));
#5601=DIRECTION('',(0.,0.,1.));
#5602=DIRECTION('',(0.,0.,1.));
#5603=DIRECTION('',(0.,1.,0.));
#5604=DIRECTION('',(0.,0.,1.));
#5605=DIRECTION('',(0.,0.,1.));
#5606=DIRECTION('',(0.,0.,1.));
#5607=DIRECTION('',(-1.,3.64246399155235E-16,0.));
#5608=DIRECTION('',(-3.64246399155235E-16,-1.,0.));
#5609=DIRECTION('',(0.,0.,1.));
#5610=DIRECTION('',(0.,0.,1.));
#5611=DIRECTION('',(0.,1.,0.));
#5612=DIRECTION('',(0.,0.,1.));
#5613=DIRECTION('',(0.,0.,1.));
#5614=DIRECTION('',(0.,0.,1.));
#5615=DIRECTION('',(0.,0.,1.));
#5616=DIRECTION('',(1.,0.,0.));
#5617=DIRECTION('',(0.,0.,1.));
#5618=DIRECTION('',(1.,0.,0.));
#5619=DIRECTION('',(0.,0.,1.));
#5620=DIRECTION('',(1.,0.,0.));
#5621=DIRECTION('',(0.,0.,1.));
#5622=DIRECTION('',(1.,0.,0.));
#5623=DIRECTION('',(0.,0.,1.));
#5624=DIRECTION('',(1.,0.,0.));
#5625=DIRECTION('',(0.,0.,1.));
#5626=DIRECTION('',(1.,0.,0.));
#5627=DIRECTION('',(0.,0.,1.));
#5628=DIRECTION('',(1.,0.,0.));
#5629=DIRECTION('',(0.,0.,1.));
#5630=DIRECTION('',(1.,0.,0.));
#5631=DIRECTION('',(0.,0.,1.));
#5632=DIRECTION('',(1.,0.,0.));
#5633=DIRECTION('',(0.,0.,1.));
#5634=DIRECTION('',(1.,0.,0.));
#5635=DIRECTION('',(0.,0.,1.));
#5636=DIRECTION('',(1.,0.,0.));
#5637=DIRECTION('',(0.,0.,1.));
#5638=DIRECTION('',(1.,0.,0.));
#5639=DIRECTION('',(0.,0.,1.));
#5640=DIRECTION('',(1.,0.,0.));
#5641=DIRECTION('',(0.,0.,1.));
#5642=DIRECTION('',(1.,0.,0.));
#5643=DIRECTION('',(0.,0.,1.));
#5644=DIRECTION('',(1.,0.,0.));
#5645=DIRECTION('',(0.,0.,1.));
#5646=DIRECTION('',(1.,0.,0.));
#5647=DIRECTION('',(0.,0.,1.));
#5648=DIRECTION('',(1.,0.,0.));
#5649=DIRECTION('',(0.,0.,1.));
#5650=DIRECTION('',(1.,0.,0.));
#5651=DIRECTION('',(0.,0.,1.));
#5652=DIRECTION('',(1.,0.,0.));
#5653=DIRECTION('',(0.,0.,1.));
#5654=DIRECTION('',(1.,0.,0.));
#5655=DIRECTION('',(0.,0.,1.));
#5656=DIRECTION('',(1.,0.,0.));
#5657=DIRECTION('',(0.,0.,-1.));
#5658=DIRECTION('',(-1.,0.,0.));
#5659=DIRECTION('',(0.,0.,1.));
#5660=DIRECTION('',(1.,0.,0.));
#5661=DIRECTION('',(0.,0.,-1.));
#5662=DIRECTION('',(-1.,0.,0.));
#5663=DIRECTION('',(0.,0.,1.));
#5664=DIRECTION('',(1.,0.,0.));
#5665=DIRECTION('',(0.,0.,-1.));
#5666=DIRECTION('',(1.,0.,0.));
#5667=DIRECTION('',(0.,0.,-1.));
#5668=DIRECTION('',(-1.,0.,0.));
#5669=DIRECTION('',(0.,0.,-1.));
#5670=DIRECTION('',(1.,0.,0.));
#5671=DIRECTION('',(0.,0.,-1.));
#5672=DIRECTION('',(-1.,0.,0.));
#5673=DIRECTION('',(0.,0.,-1.));
#5674=DIRECTION('',(1.,0.,0.));
#5675=DIRECTION('',(0.,0.,-1.));
#5676=DIRECTION('',(-1.,0.,0.));
#5677=DIRECTION('',(0.,0.,-1.));
#5678=DIRECTION('',(1.,0.,0.));
#5679=DIRECTION('',(0.,0.,-1.));
#5680=DIRECTION('',(-1.,0.,0.));
#5681=DIRECTION('',(0.,0.,-1.));
#5682=DIRECTION('',(-1.,0.,0.));
#5683=DIRECTION('',(0.,0.,-1.));
#5684=DIRECTION('',(-1.,0.,0.));
#5685=DIRECTION('',(0.,0.,-1.));
#5686=DIRECTION('',(-1.,0.,0.));
#5687=DIRECTION('',(0.,0.,-1.));
#5688=DIRECTION('',(-1.,0.,0.));
#5689=DIRECTION('',(0.,0.,-1.));
#5690=DIRECTION('',(-1.,0.,0.));
#5691=DIRECTION('',(0.,0.,-1.));
#5692=DIRECTION('',(-1.,0.,0.));
#5693=DIRECTION('',(0.,0.,-1.));
#5694=DIRECTION('',(-1.,0.,0.));
#5695=DIRECTION('',(0.,0.,-1.));
#5696=DIRECTION('',(-1.,0.,0.));
#5697=DIRECTION('',(0.,0.,-1.));
#5698=DIRECTION('',(-1.,0.,0.));
#5699=DIRECTION('',(0.,0.,-1.));
#5700=DIRECTION('',(-1.,0.,0.));
#5701=DIRECTION('',(0.,0.,1.));
#5702=DIRECTION('',(1.,0.,0.));
#5703=DIRECTION('',(1.,-3.64246399155235E-16,0.));
#5704=DIRECTION('',(3.64246399155235E-16,1.,0.));
#5705=DIRECTION('',(0.,0.,1.));
#5706=DIRECTION('',(3.64246399155235E-16,1.,0.));
#5707=DIRECTION('',(0.,0.,-1.));
#5708=DIRECTION('',(3.64246399155235E-16,1.,0.));
#5709=DIRECTION('',(0.,-1.,0.));
#5710=DIRECTION('',(0.,0.,-1.));
#5711=DIRECTION('',(-1.,0.,0.));
#5712=DIRECTION('',(-1.,0.,0.));
#5713=DIRECTION('',(0.,0.,-1.));
#5714=DIRECTION('',(0.,0.,-1.));
#5715=DIRECTION('',(-1.,0.,0.));
#5716=DIRECTION('',(0.,0.,1.));
#5717=DIRECTION('',(1.,0.,0.));
#5718=DIRECTION('',(0.,0.,-1.));
#5719=DIRECTION('',(0.,0.,1.));
#5720=DIRECTION('',(1.,0.,0.));
#5721=DIRECTION('',(0.,1.,0.));
#5722=DIRECTION('',(0.,0.,1.));
#5723=DIRECTION('',(-1.,0.,0.));
#5724=DIRECTION('',(-1.,0.,0.));
#5725=DIRECTION('',(0.,0.,1.));
#5726=DIRECTION('',(1.,-2.09634256915626E-16,0.));
#5727=DIRECTION('',(2.09634256915626E-16,1.,0.));
#5728=DIRECTION('',(0.,0.,-1.));
#5729=DIRECTION('',(2.09634256915626E-16,1.,0.));
#5730=DIRECTION('',(2.09634256915626E-16,1.,0.));
#5731=DIRECTION('',(-1.,3.64246399155235E-16,0.));
#5732=DIRECTION('',(-3.64246399155235E-16,-1.,0.));
#5733=DIRECTION('',(0.,0.,1.));
#5734=DIRECTION('',(3.64246399155235E-16,1.,0.));
#5735=DIRECTION('',(3.64246399155235E-16,1.,0.));
#5736=DIRECTION('',(0.,0.,1.));
#5737=DIRECTION('',(1.,0.,0.));
#5738=DIRECTION('',(1.,0.,0.));
#5739=DIRECTION('',(0.,0.,1.));
#5740=DIRECTION('',(1.,0.,0.));
#5741=DIRECTION('',(1.,0.,0.));
#5742=DIRECTION('',(0.,-1.,0.));
#5743=DIRECTION('',(1.,0.,0.));
#5744=DIRECTION('',(0.,0.,1.));
#5745=DIRECTION('',(1.,0.,0.));
#5746=DIRECTION('',(0.,0.,1.));
#5747=DIRECTION('',(1.,0.,0.));
#5748=DIRECTION('',(0.,0.,-1.));
#5749=DIRECTION('',(-1.,0.,0.));
#5750=DIRECTION('',(0.,0.,-1.));
#5751=DIRECTION('',(-1.,0.,0.));
#5752=DIRECTION('',(0.,0.,-1.));
#5753=DIRECTION('',(-1.,0.,0.));
#5754=DIRECTION('',(0.,0.,-1.));
#5755=DIRECTION('',(-1.,0.,0.));
#5756=DIRECTION('',(0.,0.,-1.));
#5757=DIRECTION('',(-1.,0.,0.));
#5758=DIRECTION('',(1.,0.,0.));
#5759=DIRECTION('',(3.64246399155235E-16,1.,0.));
#5760=DIRECTION('',(0.,0.,1.));
#5761=DIRECTION('',(1.,0.,0.));
#5762=DIRECTION('',(1.,0.,0.));
#5763=DIRECTION('',(3.64246399155235E-16,1.,0.));
#5764=DIRECTION('',(-1.,0.,0.));
#5765=DIRECTION('',(2.09634256915626E-16,1.,0.));
#5766=DIRECTION('',(0.,0.,1.));
#5767=DIRECTION('',(1.,0.,0.));
#5768=DIRECTION('',(0.,0.,1.));
#5769=DIRECTION('',(1.,0.,0.));
#5770=DIRECTION('',(3.64246399155235E-16,1.,0.));
#5771=DIRECTION('',(1.,0.,0.));
#5772=DIRECTION('',(2.09634256915626E-16,1.,0.));
#5773=DIRECTION('',(-1.,0.,0.));
#5774=DIRECTION('',(3.64246399155235E-16,1.,0.));
#5775=DIRECTION('',(1.,0.,0.));
#5776=DIRECTION('',(0.,0.,1.));
#5777=DIRECTION('',(1.,0.,0.));
#5778=DIRECTION('',(-1.,3.64246399155235E-16,0.));
#5779=DIRECTION('',(-3.64246399155235E-16,-1.,0.));
#5780=DIRECTION('',(0.,0.,1.));
#5781=DIRECTION('',(0.,0.,-1.));
#5782=DIRECTION('',(1.,-2.09634256915626E-16,0.));
#5783=DIRECTION('',(2.09634256915626E-16,1.,0.));
#5784=DIRECTION('',(0.,0.,-1.));
#5785=DIRECTION('',(0.,0.,1.));
#5786=DIRECTION('',(0.,1.,0.));
#5787=DIRECTION('',(0.,0.,1.));
#5788=DIRECTION('',(0.,0.,-1.));
#5789=DIRECTION('',(0.,0.,-1.));
#5790=DIRECTION('',(0.,1.,0.));
#5791=DIRECTION('',(0.,0.,1.));
#5792=DIRECTION('',(0.,0.,-1.));
#5793=DIRECTION('',(0.,0.,-1.));
#5794=DIRECTION('',(-1.,0.,0.));
#5795=DIRECTION('',(0.,0.,-1.));
#5796=DIRECTION('',(-1.,0.,0.));
#5797=DIRECTION('',(0.,0.,-1.));
#5798=DIRECTION('',(-1.,0.,0.));
#5799=DIRECTION('',(0.,0.,-1.));
#5800=DIRECTION('',(-1.,0.,0.));
#5801=DIRECTION('',(0.,0.,-1.));
#5802=DIRECTION('',(1.,0.,0.));
#5803=DIRECTION('',(0.,0.,-1.));
#5804=DIRECTION('',(-1.,0.,0.));
#5805=DIRECTION('',(0.,0.,-1.));
#5806=DIRECTION('',(-1.,0.,0.));
#5807=DIRECTION('',(0.,0.,-1.));
#5808=DIRECTION('',(1.,0.,0.));
#5809=DIRECTION('',(0.,0.,-1.));
#5810=DIRECTION('',(-1.,0.,0.));
#5811=DIRECTION('',(0.,0.,-1.));
#5812=DIRECTION('',(-1.,0.,0.));
#5813=DIRECTION('',(0.,0.,-1.));
#5814=DIRECTION('',(1.,0.,0.));
#5815=DIRECTION('',(0.,0.,-1.));
#5816=DIRECTION('',(-1.,0.,0.));
#5817=DIRECTION('',(0.,0.,-1.));
#5818=DIRECTION('',(-1.,0.,0.));
#5819=DIRECTION('',(0.,0.,-1.));
#5820=DIRECTION('',(1.,0.,0.));
#5821=DIRECTION('',(1.,-3.64246399155235E-16,0.));
#5822=DIRECTION('',(3.64246399155235E-16,1.,0.));
#5823=DIRECTION('',(0.,-1.,0.));
#5824=DIRECTION('',(1.,0.,0.));
#5825=DIRECTION('',(0.,0.,1.));
#5826=DIRECTION('',(1.,0.,0.));
#5827=DIRECTION('',(1.,-3.64246399155235E-16,0.));
#5828=DIRECTION('',(3.64246399155235E-16,1.,0.));
#5829=DIRECTION('',(-3.64246399155235E-16,-1.,0.));
#5830=DIRECTION('',(0.,0.,-1.));
#5831=DIRECTION('',(-3.64246399155235E-16,-1.,0.));
#5832=DIRECTION('',(0.,0.,-1.));
#5833=DIRECTION('',(-1.,2.09634256915626E-16,0.));
#5834=DIRECTION('',(-2.09634256915626E-16,-1.,0.));
#5835=DIRECTION('',(-2.09634256915626E-16,-1.,0.));
#5836=DIRECTION('',(0.,0.,1.));
#5837=DIRECTION('',(-2.09634256915626E-16,-1.,0.));
#5838=DIRECTION('',(0.,0.,1.));
#5839=DIRECTION('',(0.,0.,1.));
#5840=DIRECTION('',(1.,0.,0.));
#5841=DIRECTION('',(0.,0.,1.));
#5842=DIRECTION('',(1.,0.,0.));
#5843=DIRECTION('',(1.,0.,0.));
#5844=DIRECTION('',(0.,0.,1.));
#5845=DIRECTION('',(1.,0.,0.));
#5846=DIRECTION('',(1.,0.,0.));
#5847=DIRECTION('',(3.64246399155235E-16,1.,0.));
#5848=DIRECTION('',(-1.,0.,0.));
#5849=DIRECTION('',(0.,0.,1.));
#5850=DIRECTION('',(1.,0.,0.));
#5851=DIRECTION('',(0.,0.,-1.));
#5852=DIRECTION('',(-1.,0.,0.));
#5853=DIRECTION('',(0.,0.,-1.));
#5854=DIRECTION('',(-1.,0.,0.));
#5855=DIRECTION('',(0.,0.,-1.));
#5856=DIRECTION('',(-1.,0.,0.));
#5857=DIRECTION('',(0.,0.,-1.));
#5858=DIRECTION('',(-1.,0.,0.));
#5859=DIRECTION('',(0.,0.,-1.));
#5860=DIRECTION('',(-1.,0.,0.));
#5861=DIRECTION('',(1.,0.,0.));
#5862=DIRECTION('',(-1.,0.,0.));
#5863=DIRECTION('',(3.64246399155235E-16,1.,0.));
#5864=DIRECTION('',(1.,0.,0.));
#5865=DIRECTION('',(0.,0.,1.));
#5866=DIRECTION('',(1.,0.,0.));
#5867=DIRECTION('',(0.,0.,-1.));
#5868=DIRECTION('',(1.,0.,0.));
#5869=DIRECTION('',(0.,0.,-1.));
#5870=DIRECTION('',(-1.,0.,0.));
#5871=DIRECTION('',(0.,0.,-1.));
#5872=DIRECTION('',(1.,0.,0.));
#5873=DIRECTION('',(0.,0.,-1.));
#5874=DIRECTION('',(-1.,0.,0.));
#5875=DIRECTION('',(0.,0.,-1.));
#5876=DIRECTION('',(1.,0.,0.));
#5877=DIRECTION('',(0.,0.,-1.));
#5878=DIRECTION('',(-1.,0.,0.));
#5879=DIRECTION('',(0.,0.,-1.));
#5880=DIRECTION('',(1.,0.,0.));
#5881=DIRECTION('',(0.,0.,-1.));
#5882=DIRECTION('',(-1.,0.,0.));
#5883=DIRECTION('',(0.,0.,-1.));
#5884=DIRECTION('',(-1.,0.,0.));
#5885=DIRECTION('',(0.,0.,-1.));
#5886=DIRECTION('',(-1.,0.,0.));
#5887=DIRECTION('',(0.,0.,-1.));
#5888=DIRECTION('',(-1.,0.,0.));
#5889=DIRECTION('',(0.,0.,-1.));
#5890=DIRECTION('',(-1.,0.,0.));
#5891=DIRECTION('',(0.,0.,-1.));
#5892=DIRECTION('',(-1.,0.,0.));
#5893=DIRECTION('',(0.,0.,-1.));
#5894=DIRECTION('',(-1.,0.,0.));
#5895=DIRECTION('',(0.,0.,-1.));
#5896=DIRECTION('',(0.,1.,0.));
#5897=DIRECTION('',(0.,0.,1.));
#5898=DIRECTION('',(0.,0.,-1.));
#5899=DIRECTION('',(0.,1.,0.));
#5900=DIRECTION('',(0.,0.,1.));
#5901=DIRECTION('',(0.,0.,-1.));
#5902=DIRECTION('',(1.,-3.64246399155235E-16,0.));
#5903=DIRECTION('',(3.64246399155235E-16,1.,0.));
#5904=DIRECTION('',(0.,-1.,0.));
#5905=DIRECTION('',(1.,0.,0.));
#5906=DIRECTION('',(0.,0.,1.));
#5907=DIRECTION('',(1.,0.,0.));
#5908=DIRECTION('',(0.,0.,-1.));
#5909=DIRECTION('',(1.,0.,0.));
#5910=DIRECTION('',(0.,0.,-1.));
#5911=DIRECTION('',(-1.,0.,0.));
#5912=DIRECTION('',(0.,0.,-1.));
#5913=DIRECTION('',(1.,0.,0.));
#5914=DIRECTION('',(0.,0.,-1.));
#5915=DIRECTION('',(-1.,0.,0.));
#5916=DIRECTION('',(0.,0.,-1.));
#5917=DIRECTION('',(1.,0.,0.));
#5918=DIRECTION('',(0.,0.,-1.));
#5919=DIRECTION('',(-1.,0.,0.));
#5920=DIRECTION('',(0.,0.,-1.));
#5921=DIRECTION('',(1.,0.,0.));
#5922=DIRECTION('',(0.,0.,-1.));
#5923=DIRECTION('',(-1.,0.,0.));
#5924=DIRECTION('',(0.,1.,0.));
#5925=DIRECTION('',(0.,0.,1.));
#5926=DIRECTION('',(0.,0.,-1.));
#5927=DIRECTION('',(-1.,0.,0.));
#5928=DIRECTION('',(0.,0.,1.));
#5929=DIRECTION('',(-1.,0.,0.));
#5930=DIRECTION('',(1.,-3.64246399155235E-16,0.));
#5931=DIRECTION('',(3.64246399155235E-16,1.,0.));
#5932=DIRECTION('',(0.,0.,1.));
#5933=DIRECTION('',(3.64246399155235E-16,1.,0.));
#5934=DIRECTION('',(3.64246399155235E-16,1.,0.));
#5935=DIRECTION('',(0.,-1.,0.));
#5936=DIRECTION('',(0.,0.,-1.));
#5937=DIRECTION('',(-1.,0.,0.));
#5938=DIRECTION('',(0.,0.,-1.));
#5939=DIRECTION('',(-1.,0.,0.));
#5940=DIRECTION('',(0.,0.,-1.));
#5941=DIRECTION('',(-1.,0.,0.));
#5942=DIRECTION('',(0.,0.,-1.));
#5943=DIRECTION('',(0.,0.,1.));
#5944=DIRECTION('',(1.,0.,0.));
#5945=DIRECTION('',(0.,0.,1.));
#5946=DIRECTION('',(1.,0.,0.));
#5947=DIRECTION('',(0.,0.,-1.));
#5948=DIRECTION('',(-1.,0.,0.));
#5949=DIRECTION('',(0.,0.,-1.));
#5950=DIRECTION('',(-1.,0.,0.));
#5951=DIRECTION('',(0.,0.,-1.));
#5952=DIRECTION('',(-1.,0.,0.));
#5953=DIRECTION('',(0.,0.,-1.));
#5954=DIRECTION('',(-1.,0.,0.));
#5955=DIRECTION('',(0.,0.,-1.));
#5956=DIRECTION('',(-1.,0.,0.));
#5957=DIRECTION('',(0.,0.,-1.));
#5958=DIRECTION('',(-1.,0.,0.));
#5959=DIRECTION('',(0.,0.,-1.));
#5960=DIRECTION('',(-1.,0.,0.));
#5961=DIRECTION('',(0.,0.,-1.));
#5962=DIRECTION('',(-1.,0.,0.));
#5963=DIRECTION('',(0.,0.,-1.));
#5964=DIRECTION('',(-1.,0.,0.));
#5965=DIRECTION('',(0.,0.,-1.));
#5966=DIRECTION('',(-1.,0.,0.));
#5967=DIRECTION('',(0.,0.,1.));
#5968=DIRECTION('',(1.,0.,0.));
#5969=DIRECTION('',(0.,0.,1.));
#5970=DIRECTION('',(1.,0.,0.));
#5971=DIRECTION('',(1.,0.,0.));
#5972=DIRECTION('',(-2.09634256915626E-16,-1.,0.));
#5973=DIRECTION('',(-3.64246399155235E-16,-1.,0.));
#5974=DIRECTION('',(0.,0.,1.));
#5975=DIRECTION('',(1.,0.,0.));
#5976=DIRECTION('',(-2.09634256915626E-16,-1.,0.));
#5977=DIRECTION('',(1.,0.,0.));
#5978=DIRECTION('',(-3.64246399155235E-16,-1.,0.));
#5979=DIRECTION('',(-1.,2.09634256915626E-16,0.));
#5980=DIRECTION('',(-2.09634256915626E-16,-1.,0.));
#5981=DIRECTION('',(0.,0.,1.));
#5982=DIRECTION('',(1.,-3.64246399155235E-16,0.));
#5983=DIRECTION('',(3.64246399155235E-16,1.,0.));
#5984=DIRECTION('',(0.,0.,-1.));
#5985=DIRECTION('',(0.,-1.,0.));
#5986=DIRECTION('',(1.,0.,0.));
#5987=DIRECTION('',(0.,0.,1.));
#5988=DIRECTION('',(1.,0.,0.));
#5989=DIRECTION('',(0.,0.,1.));
#5990=DIRECTION('',(1.,0.,0.));
#5991=DIRECTION('',(0.,0.,1.));
#5992=DIRECTION('',(1.,0.,0.));
#5993=DIRECTION('',(0.,0.,-1.));
#5994=DIRECTION('',(-1.,0.,0.));
#5995=DIRECTION('',(0.,0.,1.));
#5996=DIRECTION('',(1.,0.,0.));
#5997=DIRECTION('',(0.,0.,1.));
#5998=DIRECTION('',(1.,0.,0.));
#5999=DIRECTION('',(0.,0.,-1.));
#6000=DIRECTION('',(-1.,0.,0.));
#6001=DIRECTION('',(0.,0.,1.));
#6002=DIRECTION('',(1.,0.,0.));
#6003=DIRECTION('',(0.,0.,1.));
#6004=DIRECTION('',(1.,0.,0.));
#6005=DIRECTION('',(0.,0.,-1.));
#6006=DIRECTION('',(-1.,0.,0.));
#6007=DIRECTION('',(0.,0.,1.));
#6008=DIRECTION('',(1.,0.,0.));
#6009=DIRECTION('',(0.,0.,1.));
#6010=DIRECTION('',(1.,0.,0.));
#6011=DIRECTION('',(0.,0.,-1.));
#6012=DIRECTION('',(-1.,0.,0.));
#6013=DIRECTION('',(0.,0.,-1.));
#6014=DIRECTION('',(-1.,0.,0.));
#6015=DIRECTION('',(0.,0.,1.));
#6016=DIRECTION('',(1.,0.,0.));
#6017=DIRECTION('',(0.,0.,-1.));
#6018=DIRECTION('',(0.,0.,1.));
#6019=DIRECTION('',(1.,0.,0.));
#6020=DIRECTION('',(0.,0.,-1.));
#6021=DIRECTION('',(0.,0.,-1.));
#6022=DIRECTION('',(-1.,0.,0.));
#6023=DIRECTION('',(0.,0.,1.));
#6024=DIRECTION('',(1.,0.,0.));
#6025=DIRECTION('',(0.,0.,-1.));
#6026=DIRECTION('',(0.,0.,1.));
#6027=DIRECTION('',(1.,0.,0.));
#6028=DIRECTION('',(0.,0.,-1.));
#6029=DIRECTION('',(0.,0.,-1.));
#6030=DIRECTION('',(-1.,0.,0.));
#6031=DIRECTION('',(0.,0.,1.));
#6032=DIRECTION('',(1.,0.,0.));
#6033=DIRECTION('',(0.,0.,-1.));
#6034=DIRECTION('',(0.,0.,1.));
#6035=DIRECTION('',(1.,0.,0.));
#6036=DIRECTION('',(0.,0.,-1.));
#6037=DIRECTION('',(0.,0.,-1.));
#6038=DIRECTION('',(-1.,0.,0.));
#6039=DIRECTION('',(0.,0.,1.));
#6040=DIRECTION('',(1.,0.,0.));
#6041=DIRECTION('',(0.,0.,-1.));
#6042=DIRECTION('',(0.,0.,1.));
#6043=DIRECTION('',(1.,0.,0.));
#6044=DIRECTION('',(0.,0.,-1.));
#6045=DIRECTION('',(0.,-1.,0.));
#6046=DIRECTION('',(0.,0.,-1.));
#6047=DIRECTION('',(-1.,0.,0.));
#6048=DIRECTION('',(-1.,0.,0.));
#6049=DIRECTION('',(-1.,3.64246399155235E-16,0.));
#6050=DIRECTION('',(-3.64246399155235E-16,-1.,0.));
#6051=DIRECTION('',(3.64246399155235E-16,1.,0.));
#6052=DIRECTION('',(3.64246399155235E-16,1.,0.));
#6053=DIRECTION('',(0.,1.,0.));
#6054=DIRECTION('',(0.,0.,1.));
#6055=DIRECTION('',(1.,0.,0.));
#6056=DIRECTION('',(1.,0.,0.));
#6057=DIRECTION('',(1.,-3.64246399155235E-16,0.));
#6058=DIRECTION('',(3.64246399155235E-16,1.,0.));
#6059=DIRECTION('',(-3.64246399155235E-16,-1.,0.));
#6060=DIRECTION('',(-3.64246399155235E-16,-1.,0.));
#6061=DIRECTION('',(0.,0.,1.));
#6062=DIRECTION('',(1.,0.,0.));
#6063=DIRECTION('',(-2.09634256915626E-16,-1.,0.));
#6064=DIRECTION('',(-1.,0.,0.));
#6065=DIRECTION('',(2.09634256915626E-16,1.,0.));
#6066=DIRECTION('',(-1.,0.,0.));
#6067=DIRECTION('',(0.,0.,-1.));
#6068=DIRECTION('',(-1.,0.,0.));
#6069=DIRECTION('',(0.,0.,-1.));
#6070=DIRECTION('',(-1.,0.,0.));
#6071=DIRECTION('',(0.,0.,-1.));
#6072=DIRECTION('',(-1.,0.,0.));
#6073=DIRECTION('',(0.,0.,-1.));
#6074=DIRECTION('',(-1.,0.,0.));
#6075=DIRECTION('',(0.,1.,0.));
#6076=DIRECTION('',(0.,0.,1.));
#6077=DIRECTION('',(0.,0.,1.));
#6078=DIRECTION('',(-1.,0.,0.));
#6079=DIRECTION('',(0.,0.,1.));
#6080=DIRECTION('',(-1.,2.09634256915626E-16,0.));
#6081=DIRECTION('',(-2.09634256915626E-16,-1.,0.));
#6082=DIRECTION('',(0.,0.,1.));
#6083=DIRECTION('',(-2.09634256915626E-16,-1.,0.));
#6084=DIRECTION('',(0.,1.,0.));
#6085=DIRECTION('',(0.,0.,1.));
#6086=DIRECTION('',(0.,0.,1.));
#6087=DIRECTION('',(-1.,0.,0.));
#6088=DIRECTION('',(1.,-2.09634256915626E-16,0.));
#6089=DIRECTION('',(2.09634256915626E-16,1.,0.));
#6090=DIRECTION('',(2.09634256915626E-16,1.,0.));
#6091=DIRECTION('',(0.,0.,-1.));
#6092=DIRECTION('',(1.,0.,0.));
#6093=DIRECTION('',(0.,0.,1.));
#6094=DIRECTION('',(1.,0.,0.));
#6095=DIRECTION('',(0.,0.,-1.));
#6096=DIRECTION('',(-1.,0.,0.));
#6097=DIRECTION('',(0.,0.,-1.));
#6098=DIRECTION('',(-1.,0.,0.));
#6099=DIRECTION('',(0.,0.,-1.));
#6100=DIRECTION('',(1.,0.,0.));
#6101=DIRECTION('',(0.,0.,-1.));
#6102=DIRECTION('',(-1.,0.,0.));
#6103=DIRECTION('',(0.,0.,-1.));
#6104=DIRECTION('',(-1.,0.,0.));
#6105=DIRECTION('',(0.,0.,-1.));
#6106=DIRECTION('',(1.,0.,0.));
#6107=DIRECTION('',(0.,0.,-1.));
#6108=DIRECTION('',(-1.,0.,0.));
#6109=DIRECTION('',(0.,0.,-1.));
#6110=DIRECTION('',(-1.,0.,0.));
#6111=DIRECTION('',(0.,0.,-1.));
#6112=DIRECTION('',(1.,0.,0.));
#6113=DIRECTION('',(0.,0.,-1.));
#6114=DIRECTION('',(-1.,0.,0.));
#6115=DIRECTION('',(0.,0.,-1.));
#6116=DIRECTION('',(-1.,0.,0.));
#6117=DIRECTION('',(0.,0.,-1.));
#6118=DIRECTION('',(1.,0.,0.));
#6119=DIRECTION('',(0.,0.,1.));
#6120=DIRECTION('',(1.,0.,0.));
#6121=DIRECTION('',(1.,-3.64246399155235E-16,0.));
#6122=DIRECTION('',(3.64246399155235E-16,1.,0.));
#6123=DIRECTION('',(0.,0.,1.));
#6124=DIRECTION('',(3.64246399155235E-16,1.,0.));
#6125=DIRECTION('',(0.,0.,1.));
#6126=DIRECTION('',(3.64246399155235E-16,1.,0.));
#6127=DIRECTION('',(0.,0.,1.));
#6128=DIRECTION('',(1.,0.,0.));
#6129=DIRECTION('',(0.,0.,1.));
#6130=DIRECTION('',(1.,0.,0.));
#6131=DIRECTION('',(0.,0.,1.));
#6132=DIRECTION('',(1.,0.,0.));
#6133=DIRECTION('',(0.,0.,1.));
#6134=DIRECTION('',(1.,0.,0.));
#6135=DIRECTION('',(0.,0.,1.));
#6136=DIRECTION('',(1.,0.,0.));
#6137=DIRECTION('',(0.,0.,1.));
#6138=DIRECTION('',(1.,0.,0.));
#6139=DIRECTION('',(0.,-1.,0.));
#6140=DIRECTION('',(0.,0.,-1.));
#6141=DIRECTION('',(-1.,0.,0.));
#6142=DIRECTION('',(0.,0.,-1.));
#6143=DIRECTION('',(-1.,0.,0.));
#6144=DIRECTION('',(0.,-1.,0.));
#6145=DIRECTION('',(0.,0.,-1.));
#6146=DIRECTION('',(-1.,0.,0.));
#6147=DIRECTION('',(0.,0.,-1.));
#6148=DIRECTION('',(-1.,0.,0.));
#6149=DIRECTION('',(0.,0.,1.));
#6150=DIRECTION('',(1.,0.,0.));
#6151=DIRECTION('',(-3.64246399155235E-16,-1.,0.));
#6152=DIRECTION('',(0.,0.,1.));
#6153=DIRECTION('',(1.,0.,0.));
#6154=DIRECTION('',(2.09634256915626E-16,1.,0.));
#6155=DIRECTION('',(1.,0.,0.));
#6156=DIRECTION('',(0.,0.,1.));
#6157=DIRECTION('',(1.,0.,0.));
#6158=DIRECTION('',(0.,0.,1.));
#6159=DIRECTION('',(1.,0.,0.));
#6160=DIRECTION('',(0.,0.,1.));
#6161=DIRECTION('',(1.,0.,0.));
#6162=DIRECTION('',(0.,0.,1.));
#6163=DIRECTION('',(1.,0.,0.));
#6164=DIRECTION('',(0.,0.,1.));
#6165=DIRECTION('',(1.,0.,0.));
#6166=DIRECTION('',(-3.64246399155235E-16,-1.,0.));
#6167=DIRECTION('',(1.,0.,0.));
#6168=DIRECTION('',(-2.09634256915626E-16,-1.,0.));
#6169=DIRECTION('',(0.,0.,1.));
#6170=DIRECTION('',(1.,0.,0.));
#6171=DIRECTION('',(0.,0.,1.));
#6172=DIRECTION('',(1.,0.,0.));
#6173=DIRECTION('',(0.,0.,1.));
#6174=DIRECTION('',(1.,0.,0.));
#6175=DIRECTION('',(0.,0.,1.));
#6176=DIRECTION('',(1.,0.,0.));
#6177=DIRECTION('',(0.,0.,1.));
#6178=DIRECTION('',(1.,0.,0.));
#6179=DIRECTION('',(0.,0.,1.));
#6180=DIRECTION('',(1.,0.,0.));
#6181=DIRECTION('',(1.,-2.09634256915626E-16,0.));
#6182=DIRECTION('',(2.09634256915626E-16,1.,0.));
#6183=DIRECTION('',(0.,0.,-1.));
#6184=DIRECTION('',(1.,-3.64246399155235E-16,0.));
#6185=DIRECTION('',(3.64246399155235E-16,1.,0.));
#6186=DIRECTION('',(0.,0.,-1.));
#6187=DIRECTION('',(0.,0.,-1.));
#6188=DIRECTION('',(0.,-1.,0.));
#6189=DIRECTION('',(1.,0.,0.));
#6190=DIRECTION('',(0.,0.,1.));
#6191=DIRECTION('',(1.,0.,0.));
#6192=DIRECTION('',(0.,0.,1.));
#6193=DIRECTION('',(1.,0.,0.));
#6194=DIRECTION('',(0.,0.,1.));
#6195=DIRECTION('',(1.,0.,0.));
#6196=DIRECTION('',(0.,0.,1.));
#6197=DIRECTION('',(1.,0.,0.));
#6198=DIRECTION('',(0.,0.,1.));
#6199=DIRECTION('',(1.,0.,0.));
#6200=DIRECTION('',(-1.,0.,0.));
#6201=DIRECTION('',(0.,0.,1.));
#6202=DIRECTION('',(1.,0.,0.));
#6203=DIRECTION('',(-3.64246399155235E-16,-1.,0.));
#6204=DIRECTION('',(1.,0.,0.));
#6205=DIRECTION('',(-2.09634256915626E-16,-1.,0.));
#6206=DIRECTION('',(-1.,0.,0.));
#6207=DIRECTION('',(3.64246399155235E-16,1.,0.));
#6208=DIRECTION('',(0.,0.,1.));
#6209=DIRECTION('',(1.,0.,0.));
#6210=DIRECTION('',(0.,0.,1.));
#6211=DIRECTION('',(1.,0.,0.));
#6212=DIRECTION('',(0.,0.,1.));
#6213=DIRECTION('',(1.,0.,0.));
#6214=DIRECTION('',(0.,0.,1.));
#6215=DIRECTION('',(1.,0.,0.));
#6216=DIRECTION('',(-3.64246399155235E-16,-1.,0.));
#6217=DIRECTION('',(0.,0.,1.));
#6218=DIRECTION('',(1.,0.,0.));
#6219=DIRECTION('',(-1.,0.,0.));
#6220=DIRECTION('',(3.64246399155235E-16,1.,0.));
#6221=DIRECTION('',(-1.,0.,0.));
#6222=DIRECTION('',(-2.09634256915626E-16,-1.,0.));
#6223=DIRECTION('',(1.,0.,0.));
#6224=DIRECTION('',(0.,0.,1.));
#6225=DIRECTION('',(1.,0.,0.));
#6226=DIRECTION('',(0.,0.,1.));
#6227=DIRECTION('',(1.,0.,0.));
#6228=DIRECTION('',(0.,0.,1.));
#6229=DIRECTION('',(1.,0.,0.));
#6230=DIRECTION('',(0.,0.,1.));
#6231=DIRECTION('',(1.,0.,0.));
#6232=DIRECTION('',(0.,0.,1.));
#6233=DIRECTION('',(1.,0.,0.));
#6234=DIRECTION('',(0.,0.,1.));
#6235=DIRECTION('',(1.,0.,0.));
#6236=DIRECTION('',(0.,0.,1.));
#6237=DIRECTION('',(1.,0.,0.));
#6238=DIRECTION('',(0.,-1.,0.));
#6239=DIRECTION('',(0.,0.,-1.));
#6240=DIRECTION('',(0.,0.,-1.));
#6241=DIRECTION('',(0.,0.,1.));
#6242=DIRECTION('',(0.,-1.,0.));
#6243=DIRECTION('',(0.,0.,-1.));
#6244=DIRECTION('',(0.,0.,1.));
#6245=DIRECTION('',(0.,0.,-1.));
#6246=DIRECTION('',(1.,-3.64246399155235E-16,0.));
#6247=DIRECTION('',(3.64246399155235E-16,1.,0.));
#6248=DIRECTION('',(1.,-2.09634256915626E-16,0.));
#6249=DIRECTION('',(2.09634256915626E-16,1.,0.));
#6250=DIRECTION('',(0.,0.,-1.));
#6251=DIRECTION('',(0.,-1.,0.));
#6252=DIRECTION('',(1.,0.,0.));
#6253=DIRECTION('',(0.,0.,-1.));
#6254=DIRECTION('',(0.,0.,1.));
#6255=DIRECTION('',(1.,0.,0.));
#6256=DIRECTION('',(0.,0.,1.));
#6257=DIRECTION('',(1.,0.,0.));
#6258=DIRECTION('',(0.,0.,1.));
#6259=DIRECTION('',(1.,0.,0.));
#6260=DIRECTION('',(1.,-3.64246399155235E-16,0.));
#6261=DIRECTION('',(3.64246399155235E-16,1.,0.));
#6262=DIRECTION('',(0.,0.,-1.));
#6263=DIRECTION('',(0.,0.,1.));
#6264=DIRECTION('',(1.,0.,0.));
#6265=DIRECTION('',(0.,0.,1.));
#6266=DIRECTION('',(1.,0.,0.));
#6267=DIRECTION('',(1.,-2.09634256915626E-16,0.));
#6268=DIRECTION('',(2.09634256915626E-16,1.,0.));
#6269=DIRECTION('',(0.,0.,-1.));
#6270=DIRECTION('',(-2.09634256915626E-16,-1.,0.));
#6271=DIRECTION('',(0.,0.,-1.));
#6272=DIRECTION('',(-2.09634256915626E-16,-1.,0.));
#6273=DIRECTION('',(1.,-3.64246399155235E-16,0.));
#6274=DIRECTION('',(3.64246399155235E-16,1.,0.));
#6275=DIRECTION('',(-3.64246399155235E-16,-1.,0.));
#6276=DIRECTION('',(0.,0.,-1.));
#6277=DIRECTION('',(-3.64246399155235E-16,-1.,0.));
#6278=DIRECTION('',(0.,0.,-1.));
#6279=DIRECTION('',(0.,0.,1.));
#6280=DIRECTION('',(1.,0.,0.));
#6281=DIRECTION('',(0.,0.,1.));
#6282=DIRECTION('',(1.,0.,0.));
#6283=DIRECTION('',(0.,0.,-1.));
#6284=DIRECTION('',(1.,0.,0.));
#6285=DIRECTION('',(0.,0.,1.));
#6286=DIRECTION('',(1.,0.,0.));
#6287=DIRECTION('',(0.,0.,1.));
#6288=DIRECTION('',(1.,0.,0.));
#6289=DIRECTION('',(0.,0.,1.));
#6290=DIRECTION('',(1.,0.,0.));
#6291=DIRECTION('',(0.,0.,1.));
#6292=DIRECTION('',(1.,0.,0.));
#6293=DIRECTION('',(0.,0.,1.));
#6294=DIRECTION('',(1.,0.,0.));
#6295=DIRECTION('',(0.,0.,1.));
#6296=DIRECTION('',(1.,0.,0.));
#6297=DIRECTION('',(0.,0.,1.));
#6298=DIRECTION('',(1.,0.,0.));
#6299=DIRECTION('',(0.,0.,1.));
#6300=DIRECTION('',(1.,0.,0.));
#6301=DIRECTION('',(-1.,0.,0.));
#6302=DIRECTION('',(3.64246399155235E-16,1.,0.));
#6303=DIRECTION('',(-1.,0.,0.));
#6304=DIRECTION('',(1.,0.,0.));
#6305=DIRECTION('',(0.,0.,1.));
#6306=DIRECTION('',(1.,0.,0.));
#6307=DIRECTION('',(0.,0.,1.));
#6308=DIRECTION('',(1.,0.,0.));
#6309=DIRECTION('',(0.,0.,1.));
#6310=DIRECTION('',(1.,0.,0.));
#6311=DIRECTION('',(-1.,0.,0.));
#6312=DIRECTION('',(0.,0.,1.));
#6313=DIRECTION('',(1.,0.,0.));
#6314=DIRECTION('',(1.,0.,0.));
#6315=DIRECTION('',(-1.,0.,0.));
#6316=DIRECTION('',(3.64246399155235E-16,1.,0.));
#6317=DIRECTION('',(0.,0.,1.));
#6318=DIRECTION('',(1.,0.,0.));
#6319=DIRECTION('',(0.,0.,1.));
#6320=DIRECTION('',(1.,0.,0.));
#6321=DIRECTION('',(0.,-1.,0.));
#6322=DIRECTION('',(0.,0.,-1.));
#6323=DIRECTION('',(0.,0.,-1.));
#6324=DIRECTION('',(0.,0.,1.));
#6325=DIRECTION('',(0.,-1.,0.));
#6326=DIRECTION('',(1.,0.,0.));
#6327=DIRECTION('',(0.,0.,1.));
#6328=DIRECTION('',(1.,0.,0.));
#6329=DIRECTION('',(0.,0.,1.));
#6330=DIRECTION('',(1.,0.,0.));
#6331=DIRECTION('',(0.,-1.,0.));
#6332=DIRECTION('',(0.,0.,-1.));
#6333=DIRECTION('',(0.,0.,1.));
#6334=DIRECTION('',(1.,-3.64246399155235E-16,0.));
#6335=DIRECTION('',(3.64246399155235E-16,1.,0.));
#6336=DIRECTION('',(0.,0.,-1.));
#6337=DIRECTION('',(-1.,0.,0.));
#6338=DIRECTION('',(0.,0.,1.));
#6339=DIRECTION('',(1.,0.,0.));
#6340=DIRECTION('',(0.,0.,1.));
#6341=DIRECTION('',(1.,0.,0.));
#6342=DIRECTION('',(0.,0.,-1.));
#6343=DIRECTION('',(1.,0.,0.));
#6344=DIRECTION('',(0.,0.,1.));
#6345=DIRECTION('',(1.,0.,0.));
#6346=DIRECTION('',(0.,0.,1.));
#6347=DIRECTION('',(1.,0.,0.));
#6348=DIRECTION('',(-1.,0.,0.));
#6349=DIRECTION('',(0.,0.,1.));
#6350=DIRECTION('',(1.,0.,0.));
#6351=DIRECTION('',(-3.64246399155235E-16,-1.,0.));
#6352=DIRECTION('',(1.,0.,0.));
#6353=DIRECTION('',(2.09634256915626E-16,1.,0.));
#6354=DIRECTION('',(-1.,0.,0.));
#6355=DIRECTION('',(3.64246399155235E-16,1.,0.));
#6356=DIRECTION('',(0.,0.,1.));
#6357=DIRECTION('',(1.,0.,0.));
#6358=DIRECTION('',(0.,0.,1.));
#6359=DIRECTION('',(1.,0.,0.));
#6360=DIRECTION('',(0.,0.,1.));
#6361=DIRECTION('',(1.,0.,0.));
#6362=DIRECTION('',(0.,0.,1.));
#6363=DIRECTION('',(1.,0.,0.));
#6364=DIRECTION('',(0.,0.,1.));
#6365=DIRECTION('',(1.,0.,0.));
#6366=DIRECTION('',(0.,0.,1.));
#6367=DIRECTION('',(1.,0.,0.));
#6368=DIRECTION('',(-3.64246399155235E-16,-1.,0.));
#6369=DIRECTION('',(0.,0.,1.));
#6370=DIRECTION('',(1.,0.,0.));
#6371=DIRECTION('',(-1.,0.,0.));
#6372=DIRECTION('',(3.64246399155235E-16,1.,0.));
#6373=DIRECTION('',(-1.,0.,0.));
#6374=DIRECTION('',(-2.09634256915626E-16,-1.,0.));
#6375=DIRECTION('',(1.,0.,0.));
#6376=DIRECTION('',(0.,0.,1.));
#6377=DIRECTION('',(1.,0.,0.));
#6378=DIRECTION('',(0.,0.,1.));
#6379=DIRECTION('',(1.,0.,0.));
#6380=DIRECTION('',(1.,-2.09634256915626E-16,0.));
#6381=DIRECTION('',(2.09634256915626E-16,1.,0.));
#6382=DIRECTION('',(0.,0.,-1.));
#6383=DIRECTION('',(0.,0.,-1.));
#6384=DIRECTION('',(1.,-3.64246399155235E-16,0.));
#6385=DIRECTION('',(3.64246399155235E-16,1.,0.));
#6386=DIRECTION('',(0.,0.,-1.));
#6387=DIRECTION('',(0.,0.,-1.));
#6388=DIRECTION('',(0.,-1.,0.));
#6389=DIRECTION('',(0.,0.,-1.));
#6390=DIRECTION('',(0.,0.,-1.));
#6391=DIRECTION('',(0.,0.,1.));
#6392=DIRECTION('',(0.,0.,1.));
#6393=DIRECTION('',(1.,0.,0.));
#6394=DIRECTION('',(0.,0.,1.));
#6395=DIRECTION('',(1.,0.,0.));
#6396=DIRECTION('',(0.,0.,1.));
#6397=DIRECTION('',(1.,0.,0.));
#6398=DIRECTION('',(0.,-1.,0.));
#6399=DIRECTION('',(1.,0.,0.));
#6400=DIRECTION('',(1.,-3.64246399155235E-16,0.));
#6401=DIRECTION('',(3.64246399155235E-16,1.,0.));
#6402=DIRECTION('',(0.,0.,1.));
#6403=DIRECTION('',(0.,0.,1.));
#6404=DIRECTION('',(1.,0.,0.));
#6405=DIRECTION('',(0.,0.,1.));
#6406=DIRECTION('',(1.,0.,0.));
#6407=DIRECTION('',(0.,-1.,0.));
#6408=DIRECTION('',(0.,0.,-1.));
#6409=DIRECTION('',(0.,0.,-1.));
#6410=DIRECTION('',(-1.,0.,0.));
#6411=DIRECTION('',(0.,0.,1.));
#6412=DIRECTION('',(1.,0.,0.));
#6413=DIRECTION('',(0.,0.,1.));
#6414=DIRECTION('',(1.,0.,0.));
#6415=DIRECTION('',(0.,0.,1.));
#6416=DIRECTION('',(1.,0.,0.));
#6417=DIRECTION('',(0.,0.,1.));
#6418=DIRECTION('',(1.,0.,0.));
#6419=DIRECTION('',(0.,0.,1.));
#6420=DIRECTION('',(1.,0.,0.));
#6421=DIRECTION('',(0.,0.,1.));
#6422=DIRECTION('',(1.,0.,0.));
#6423=DIRECTION('',(0.,0.,1.));
#6424=DIRECTION('',(1.,0.,0.));
#6425=DIRECTION('',(0.,0.,1.));
#6426=DIRECTION('',(1.,0.,0.));
#6427=DIRECTION('',(0.,0.,1.));
#6428=DIRECTION('',(1.,0.,0.));
#6429=DIRECTION('',(0.,0.,1.));
#6430=DIRECTION('',(1.,0.,0.));
#6431=DIRECTION('',(0.,0.,1.));
#6432=DIRECTION('',(1.,0.,0.));
#6433=DIRECTION('',(0.,0.,1.));
#6434=DIRECTION('',(1.,0.,0.));
#6435=DIRECTION('',(0.62721319507371,-0.778847615342968,0.));
#6436=DIRECTION('',(0.,0.,1.));
#6437=DIRECTION('',(1.,0.,0.));
#6438=DIRECTION('',(-0.627213195073711,0.778847615342968,0.));
#6439=DIRECTION('',(0.,0.,1.));
#6440=DIRECTION('',(1.,0.,0.));
#6441=DIRECTION('',(0.,0.,1.));
#6442=DIRECTION('',(1.,0.,0.));
#6443=DIRECTION('',(-0.655045357165961,0.755589557931632,0.));
#6444=DIRECTION('',(0.,0.,1.));
#6445=DIRECTION('',(1.,0.,0.));
#6446=DIRECTION('',(-0.655045357165962,0.755589557931631,0.));
#6447=DIRECTION('',(0.,0.,1.));
#6448=DIRECTION('',(1.,0.,0.));
#6449=DIRECTION('',(0.,0.,1.));
#6450=DIRECTION('',(1.,0.,0.));
#6451=DIRECTION('',(0.62721319507371,-0.778847615342968,0.));
#6452=DIRECTION('',(0.,0.,1.));
#6453=DIRECTION('',(1.,0.,0.));
#6454=DIRECTION('',(-0.62721319507371,0.778847615342968,0.));
#6455=DIRECTION('',(0.,0.,1.));
#6456=DIRECTION('',(1.,0.,0.));
#6457=DIRECTION('',(0.,0.,1.));
#6458=DIRECTION('',(1.,0.,0.));
#6459=DIRECTION('',(-0.655045357165959,0.755589557931633,0.));
#6460=DIRECTION('',(0.,0.,1.));
#6461=DIRECTION('',(1.,0.,0.));
#6462=DIRECTION('',(-0.655045357165961,0.755589557931632,0.));
#6463=DIRECTION('',(0.,0.,1.));
#6464=DIRECTION('',(1.,0.,0.));
#6465=DIRECTION('',(-0.655045357165961,0.755589557931632,0.));
#6466=DIRECTION('',(0.,0.,1.));
#6467=DIRECTION('',(1.,0.,0.));
#6468=DIRECTION('',(-0.65504535716596,0.755589557931633,0.));
#6469=DIRECTION('',(0.,0.,1.));
#6470=DIRECTION('',(1.,0.,0.));
#6471=DIRECTION('',(0.,0.,1.));
#6472=DIRECTION('',(1.,0.,0.));
#6473=DIRECTION('',(-3.64246399155235E-16,-1.,0.));
#6474=DIRECTION('',(0.,0.,1.));
#6475=DIRECTION('',(1.,0.,0.));
#6476=DIRECTION('',(-1.,0.,0.));
#6477=DIRECTION('',(0.,0.,1.));
#6478=DIRECTION('',(1.,0.,0.));
#6479=DIRECTION('',(-3.64246399155235E-16,-1.,0.));
#6480=DIRECTION('',(0.,0.,1.));
#6481=DIRECTION('',(1.,0.,0.));
#6482=DIRECTION('',(-1.,0.,0.));
#6483=DIRECTION('',(0.,0.,1.));
#6484=DIRECTION('',(1.,0.,0.));
#6485=DIRECTION('',(0.,0.,1.));
#6486=DIRECTION('',(1.,0.,0.));
#6487=DIRECTION('',(0.,0.,1.));
#6488=DIRECTION('',(1.,0.,0.));
#6489=DIRECTION('',(0.,0.,1.));
#6490=DIRECTION('',(1.,0.,0.));
#6491=DIRECTION('',(-0.655045357165958,0.755589557931634,0.));
#6492=DIRECTION('',(0.,0.,1.));
#6493=DIRECTION('',(1.,0.,0.));
#6494=DIRECTION('',(0.655045357165958,-0.755589557931634,0.));
#6495=DIRECTION('',(0.,0.,1.));
#6496=DIRECTION('',(1.,0.,0.));
#6497=DIRECTION('',(0.,0.,1.));
#6498=DIRECTION('',(1.,0.,0.));
#6499=DIRECTION('',(-0.655045357165958,0.755589557931634,0.));
#6500=DIRECTION('',(0.,0.,1.));
#6501=DIRECTION('',(1.,0.,0.));
#6502=DIRECTION('',(0.655045357165958,-0.755589557931634,0.));
#6503=DIRECTION('',(0.,0.,1.));
#6504=DIRECTION('',(1.,0.,0.));
#6505=DIRECTION('',(0.,0.,1.));
#6506=DIRECTION('',(1.,0.,0.));
#6507=DIRECTION('',(-0.655045357165958,0.755589557931635,0.));
#6508=DIRECTION('',(0.,0.,1.));
#6509=DIRECTION('',(1.,0.,0.));
#6510=DIRECTION('',(0.655045357165958,-0.755589557931635,0.));
#6511=DIRECTION('',(0.,0.,1.));
#6512=DIRECTION('',(1.,0.,0.));
#6513=DIRECTION('',(0.62721319507371,-0.778847615342968,0.));
#6514=DIRECTION('',(0.,0.,1.));
#6515=DIRECTION('',(1.,0.,0.));
#6516=DIRECTION('',(-0.627213195073709,0.778847615342969,0.));
#6517=DIRECTION('',(0.,0.,1.));
#6518=DIRECTION('',(1.,0.,0.));
#6519=DIRECTION('',(0.,0.,1.));
#6520=DIRECTION('',(1.,0.,0.));
#6521=DIRECTION('',(0.,0.,1.));
#6522=DIRECTION('',(1.,0.,0.));
#6523=DIRECTION('',(0.,0.,1.));
#6524=DIRECTION('',(1.,0.,0.));
#6525=DIRECTION('',(0.,0.,1.));
#6526=DIRECTION('',(1.,0.,0.));
#6527=DIRECTION('',(0.,0.,1.));
#6528=DIRECTION('',(1.,0.,0.));
#6529=DIRECTION('',(0.,0.,1.));
#6530=DIRECTION('',(1.,0.,0.));
#6531=DIRECTION('',(0.,0.,1.));
#6532=DIRECTION('',(1.,0.,0.));
#6533=DIRECTION('',(0.,0.,1.));
#6534=DIRECTION('',(1.,0.,0.));
#6535=DIRECTION('',(0.,0.,1.));
#6536=DIRECTION('',(1.,0.,0.));
#6537=DIRECTION('',(0.,0.,1.));
#6538=DIRECTION('',(1.,0.,0.));
#6539=DIRECTION('',(0.,0.,1.));
#6540=DIRECTION('',(1.,0.,0.));
#6541=DIRECTION('',(0.,0.,1.));
#6542=DIRECTION('',(1.,0.,0.));
#6543=DIRECTION('',(0.,0.,1.));
#6544=DIRECTION('',(1.,0.,0.));
#6545=DIRECTION('',(0.,0.,1.));
#6546=DIRECTION('',(1.,0.,0.));
#6547=DIRECTION('',(0.,0.,1.));
#6548=DIRECTION('',(1.,0.,0.));
#6549=DIRECTION('',(0.,0.,-1.));
#6550=DIRECTION('',(1.,0.,0.));
#6551=DIRECTION('',(0.,0.,-1.));
#6552=DIRECTION('',(1.,0.,0.));
#6553=DIRECTION('',(0.,0.,-1.));
#6554=DIRECTION('',(1.,0.,0.));
#6555=DIRECTION('',(0.,0.,-1.));
#6556=DIRECTION('',(1.,0.,0.));
#6557=DIRECTION('',(0.,0.,-1.));
#6558=DIRECTION('',(1.,0.,0.));
#6559=DIRECTION('',(0.,0.,1.));
#6560=DIRECTION('',(1.,0.,0.));
#6561=DIRECTION('',(0.,0.,1.));
#6562=DIRECTION('',(1.,0.,0.));
#6563=DIRECTION('',(0.,0.,1.));
#6564=DIRECTION('',(1.,0.,0.));
#6565=DIRECTION('',(0.,0.,1.));
#6566=DIRECTION('',(1.,0.,0.));
#6567=DIRECTION('',(0.,0.,1.));
#6568=DIRECTION('',(1.,0.,0.));
#6569=DIRECTION('',(0.,0.,1.));
#6570=DIRECTION('',(1.,0.,0.));
#6571=DIRECTION('',(0.,0.,1.));
#6572=DIRECTION('',(1.,0.,0.));
#6573=DIRECTION('',(0.,0.,1.));
#6574=DIRECTION('',(1.,0.,0.));
#6575=DIRECTION('',(0.,0.,1.));
#6576=DIRECTION('',(1.,0.,0.));
#6577=DIRECTION('',(0.,0.,1.));
#6578=DIRECTION('',(1.,0.,0.));
#6579=DIRECTION('',(-1.,0.,0.));
#6580=DIRECTION('',(0.,0.,1.));
#6581=DIRECTION('',(1.,0.,0.));
#6582=DIRECTION('',(-3.64246399155235E-16,-1.,0.));
#6583=DIRECTION('',(0.,0.,1.));
#6584=DIRECTION('',(1.,0.,0.));
#6585=DIRECTION('',(-1.,0.,0.));
#6586=DIRECTION('',(0.,0.,1.));
#6587=DIRECTION('',(1.,0.,0.));
#6588=DIRECTION('',(-3.64246399155235E-16,-1.,0.));
#6589=DIRECTION('',(0.,0.,1.));
#6590=DIRECTION('',(1.,0.,0.));
#6591=DIRECTION('',(0.,0.,-1.));
#6592=DIRECTION('',(1.,0.,0.));
#6593=DIRECTION('',(0.,0.,-1.));
#6594=DIRECTION('',(1.,0.,0.));
#6595=DIRECTION('',(0.,0.,1.));
#6596=DIRECTION('',(1.,0.,0.));
#6597=DIRECTION('',(0.,0.,1.));
#6598=DIRECTION('',(1.,0.,0.));
#6599=DIRECTION('',(0.,0.,1.));
#6600=DIRECTION('',(1.,0.,0.));
#6601=DIRECTION('',(0.,0.,1.));
#6602=DIRECTION('',(1.,0.,0.));
#6603=DIRECTION('',(0.,0.,1.));
#6604=DIRECTION('',(1.,0.,0.));
#6605=DIRECTION('',(0.,0.,-1.));
#6606=DIRECTION('',(1.,0.,0.));
#6607=DIRECTION('',(0.,0.,-1.));
#6608=DIRECTION('',(1.,0.,0.));
#6609=DIRECTION('',(0.,0.,-1.));
#6610=DIRECTION('',(1.,0.,0.));
#6611=DIRECTION('',(1.,-3.64246399155235E-16,0.));
#6612=DIRECTION('',(3.64246399155235E-16,1.,0.));
#6613=DIRECTION('',(0.,0.,-1.));
#6614=DIRECTION('',(0.,0.,-1.));
#6615=DIRECTION('',(0.,-1.,0.));
#6616=DIRECTION('',(0.,0.,-1.));
#6617=DIRECTION('',(0.,0.,-1.));
#6618=DIRECTION('',(0.,0.,-1.));
#6619=DIRECTION('',(1.,-3.64246399155235E-16,0.));
#6620=DIRECTION('',(3.64246399155235E-16,1.,0.));
#6621=DIRECTION('',(0.,0.,-1.));
#6622=DIRECTION('',(0.,0.,-1.));
#6623=DIRECTION('',(0.,-1.,0.));
#6624=DIRECTION('',(0.,0.,-1.));
#6625=DIRECTION('',(0.,0.,-1.));
#6626=DIRECTION('',(0.,0.,-1.));
#6627=DIRECTION('',(0.,0.,1.));
#6628=DIRECTION('',(1.,0.,0.));
#6629=DIRECTION('',(0.,0.,1.));
#6630=DIRECTION('',(1.,0.,0.));
#6631=DIRECTION('',(0.,0.,1.));
#6632=DIRECTION('',(1.,0.,0.));
#6633=DIRECTION('',(0.,0.,1.));
#6634=DIRECTION('',(1.,0.,0.));
#6635=DIRECTION('',(0.62721319507371,-0.778847615342968,0.));
#6636=DIRECTION('',(0.,0.,1.));
#6637=DIRECTION('',(1.,0.,0.));
#6638=DIRECTION('',(-0.62721319507371,0.778847615342968,0.));
#6639=DIRECTION('',(0.,0.,1.));
#6640=DIRECTION('',(1.,0.,0.));
#6641=DIRECTION('',(0.,0.,1.));
#6642=DIRECTION('',(1.,0.,0.));
#6643=DIRECTION('',(0.,0.,1.));
#6644=DIRECTION('',(1.,0.,0.));
#6645=DIRECTION('',(0.,0.,1.));
#6646=DIRECTION('',(1.,0.,0.));
#6647=DIRECTION('',(0.,0.,1.));
#6648=DIRECTION('',(1.,0.,0.));
#6649=DIRECTION('',(0.62721319507371,-0.778847615342968,0.));
#6650=DIRECTION('',(0.,0.,1.));
#6651=DIRECTION('',(1.,0.,0.));
#6652=DIRECTION('',(-0.627213195073709,0.778847615342969,0.));
#6653=DIRECTION('',(0.,0.,1.));
#6654=DIRECTION('',(1.,0.,0.));
#6655=DIRECTION('',(0.,0.,1.));
#6656=DIRECTION('',(1.,0.,0.));
#6657=DIRECTION('',(0.,0.,1.));
#6658=DIRECTION('',(1.,0.,0.));
#6659=DIRECTION('',(0.,0.,1.));
#6660=DIRECTION('',(1.,0.,0.));
#6661=DIRECTION('',(0.,0.,1.));
#6662=DIRECTION('',(1.,0.,0.));
#6663=DIRECTION('',(0.62721319507371,-0.778847615342968,0.));
#6664=DIRECTION('',(0.,0.,1.));
#6665=DIRECTION('',(1.,0.,0.));
#6666=DIRECTION('',(-0.627213195073711,0.778847615342968,0.));
#6667=DIRECTION('',(0.,0.,1.));
#6668=DIRECTION('',(1.,0.,0.));
#6669=DIRECTION('',(0.,0.,1.));
#6670=DIRECTION('',(1.,0.,0.));
#6671=DIRECTION('',(0.,0.,1.));
#6672=DIRECTION('',(1.,0.,0.));
#6673=DIRECTION('',(0.,0.,1.));
#6674=DIRECTION('',(1.,0.,0.));
#6675=DIRECTION('',(0.,0.,-1.));
#6676=DIRECTION('',(1.,0.,0.));
#6677=DIRECTION('',(0.655045357165958,-0.755589557931634,0.));
#6678=DIRECTION('',(0.,0.,1.));
#6679=DIRECTION('',(1.,0.,0.));
#6680=DIRECTION('',(-0.655045357165958,0.755589557931634,0.));
#6681=DIRECTION('',(0.,0.,1.));
#6682=DIRECTION('',(1.,0.,0.));
#6683=DIRECTION('',(0.,0.,1.));
#6684=DIRECTION('',(1.,0.,0.));
#6685=DIRECTION('',(0.,0.,1.));
#6686=DIRECTION('',(1.,0.,0.));
#6687=DIRECTION('',(0.,0.,1.));
#6688=DIRECTION('',(1.,0.,0.));
#6689=DIRECTION('',(0.,0.,-1.));
#6690=DIRECTION('',(1.,0.,0.));
#6691=DIRECTION('',(0.655045357165958,-0.755589557931634,0.));
#6692=DIRECTION('',(0.,0.,1.));
#6693=DIRECTION('',(1.,0.,0.));
#6694=DIRECTION('',(-0.655045357165958,0.755589557931634,0.));
#6695=DIRECTION('',(0.,0.,1.));
#6696=DIRECTION('',(1.,0.,0.));
#6697=DIRECTION('',(0.,0.,1.));
#6698=DIRECTION('',(1.,0.,0.));
#6699=DIRECTION('',(0.,0.,1.));
#6700=DIRECTION('',(1.,0.,0.));
#6701=DIRECTION('',(0.,0.,1.));
#6702=DIRECTION('',(1.,0.,0.));
#6703=DIRECTION('',(-0.655045357165962,0.755589557931631,0.));
#6704=DIRECTION('',(0.,0.,1.));
#6705=DIRECTION('',(1.,0.,0.));
#6706=DIRECTION('',(-0.655045357165961,0.755589557931632,0.));
#6707=DIRECTION('',(0.,0.,-1.));
#6708=DIRECTION('',(1.,0.,0.));
#6709=DIRECTION('',(0.,0.,1.));
#6710=DIRECTION('',(1.,0.,0.));
#6711=DIRECTION('',(0.,0.,1.));
#6712=DIRECTION('',(1.,0.,0.));
#6713=DIRECTION('',(0.,0.,1.));
#6714=DIRECTION('',(1.,0.,0.));
#6715=DIRECTION('',(0.,0.,1.));
#6716=DIRECTION('',(1.,0.,0.));
#6717=DIRECTION('',(-0.65504535716596,0.755589557931633,0.));
#6718=DIRECTION('',(0.,0.,1.));
#6719=DIRECTION('',(1.,0.,0.));
#6720=DIRECTION('',(-0.655045357165961,0.755589557931632,0.));
#6721=DIRECTION('',(0.,0.,-1.));
#6722=DIRECTION('',(1.,0.,0.));
#6723=DIRECTION('',(0.,0.,1.));
#6724=DIRECTION('',(1.,0.,0.));
#6725=DIRECTION('',(0.,0.,1.));
#6726=DIRECTION('',(1.,0.,0.));
#6727=DIRECTION('',(0.,0.,1.));
#6728=DIRECTION('',(1.,0.,0.));
#6729=DIRECTION('',(0.,0.,1.));
#6730=DIRECTION('',(1.,0.,0.));
#6731=DIRECTION('',(0.,0.,1.));
#6732=DIRECTION('',(1.,0.,0.));
#6733=DIRECTION('',(-0.655045357165959,0.755589557931633,0.));
#6734=DIRECTION('',(0.,0.,-1.));
#6735=DIRECTION('',(1.,0.,0.));
#6736=DIRECTION('',(-0.655045357165961,0.755589557931632,0.));
#6737=DIRECTION('',(0.,0.,1.));
#6738=DIRECTION('',(1.,0.,0.));
#6739=DIRECTION('',(0.,0.,1.));
#6740=DIRECTION('',(1.,0.,0.));
#6741=DIRECTION('',(0.,0.,1.));
#6742=DIRECTION('',(1.,0.,0.));
#6743=DIRECTION('',(0.,0.,1.));
#6744=DIRECTION('',(1.,0.,0.));
#6745=DIRECTION('',(0.,0.,-1.));
#6746=DIRECTION('',(1.,0.,0.));
#6747=DIRECTION('',(0.655045357165958,-0.755589557931634,0.));
#6748=DIRECTION('',(0.,0.,1.));
#6749=DIRECTION('',(1.,0.,0.));
#6750=DIRECTION('',(-0.655045357165958,0.755589557931634,0.));
#6751=DIRECTION('',(0.,0.,1.));
#6752=DIRECTION('',(1.,0.,0.));
#6753=DIRECTION('',(0.,0.,1.));
#6754=DIRECTION('',(1.,0.,0.));
#6755=DIRECTION('',(0.,0.,1.));
#6756=DIRECTION('',(0.,0.,1.));
#6757=DIRECTION('',(0.755589557931634,0.655045357165958,0.));
#6758=DIRECTION('',(-0.655045357165958,0.755589557931634,0.));
#6759=DIRECTION('',(0.,0.,1.));
#6760=DIRECTION('',(0.,0.,1.));
#6761=DIRECTION('',(1.,0.,0.));
#6762=DIRECTION('',(0.,0.,1.));
#6763=DIRECTION('',(-0.755589557931634,-0.655045357165958,0.));
#6764=DIRECTION('',(0.655045357165958,-0.755589557931634,0.));
#6765=DIRECTION('',(0.,0.,1.));
#6766=DIRECTION('',(1.,0.,0.));
#6767=DIRECTION('',(0.755589557931633,0.655045357165959,0.));
#6768=DIRECTION('',(-0.655045357165959,0.755589557931633,0.));
#6769=DIRECTION('',(0.,0.,1.));
#6770=DIRECTION('',(0.,0.,1.));
#6771=DIRECTION('',(0.,0.,1.));
#6772=DIRECTION('',(1.,0.,0.));
#6773=DIRECTION('',(0.,0.,1.));
#6774=DIRECTION('',(0.755589557931632,0.655045357165961,0.));
#6775=DIRECTION('',(-0.655045357165961,0.755589557931632,0.));
#6776=DIRECTION('',(0.,0.,1.));
#6777=DIRECTION('',(0.,0.,1.));
#6778=DIRECTION('',(1.,0.,0.));
#6779=DIRECTION('',(0.,0.,1.));
#6780=DIRECTION('',(1.,0.,0.));
#6781=DIRECTION('',(0.,0.,1.));
#6782=DIRECTION('',(1.,0.,0.));
#6783=DIRECTION('',(0.,0.,1.));
#6784=DIRECTION('',(1.,0.,0.));
#6785=DIRECTION('',(0.,0.,1.));
#6786=DIRECTION('',(0.,0.,1.));
#6787=DIRECTION('',(0.755589557931633,0.65504535716596,0.));
#6788=DIRECTION('',(-0.65504535716596,0.755589557931633,0.));
#6789=DIRECTION('',(0.,0.,1.));
#6790=DIRECTION('',(0.,0.,1.));
#6791=DIRECTION('',(1.,0.,0.));
#6792=DIRECTION('',(0.,0.,1.));
#6793=DIRECTION('',(0.755589557931632,0.655045357165961,0.));
#6794=DIRECTION('',(-0.655045357165961,0.755589557931632,0.));
#6795=DIRECTION('',(0.,0.,1.));
#6796=DIRECTION('',(1.,0.,0.));
#6797=DIRECTION('',(0.,0.,1.));
#6798=DIRECTION('',(1.,0.,0.));
#6799=DIRECTION('',(0.,0.,1.));
#6800=DIRECTION('',(0.,0.,1.));
#6801=DIRECTION('',(0.755589557931631,0.655045357165962,0.));
#6802=DIRECTION('',(-0.655045357165962,0.755589557931631,0.));
#6803=DIRECTION('',(0.,0.,1.));
#6804=DIRECTION('',(0.,0.,1.));
#6805=DIRECTION('',(1.,0.,0.));
#6806=DIRECTION('',(0.,0.,1.));
#6807=DIRECTION('',(0.755589557931632,0.655045357165961,0.));
#6808=DIRECTION('',(-0.655045357165961,0.755589557931632,0.));
#6809=DIRECTION('',(0.,0.,1.));
#6810=DIRECTION('',(1.,0.,0.));
#6811=DIRECTION('',(0.,0.,1.));
#6812=DIRECTION('',(0.,0.,1.));
#6813=DIRECTION('',(0.755589557931635,0.655045357165958,0.));
#6814=DIRECTION('',(-0.655045357165958,0.755589557931635,0.));
#6815=DIRECTION('',(0.,0.,1.));
#6816=DIRECTION('',(0.,0.,1.));
#6817=DIRECTION('',(1.,0.,0.));
#6818=DIRECTION('',(0.,0.,1.));
#6819=DIRECTION('',(-0.755589557931635,-0.655045357165958,0.));
#6820=DIRECTION('',(0.655045357165958,-0.755589557931635,0.));
#6821=DIRECTION('',(0.,0.,1.));
#6822=DIRECTION('',(1.,0.,0.));
#6823=DIRECTION('',(0.,0.,1.));
#6824=DIRECTION('',(1.,0.,0.));
#6825=DIRECTION('',(0.,0.,1.));
#6826=DIRECTION('',(0.,0.,1.));
#6827=DIRECTION('',(0.755589557931634,0.655045357165958,0.));
#6828=DIRECTION('',(-0.655045357165958,0.755589557931634,0.));
#6829=DIRECTION('',(0.,0.,1.));
#6830=DIRECTION('',(0.,0.,1.));
#6831=DIRECTION('',(1.,0.,0.));
#6832=DIRECTION('',(0.,0.,1.));
#6833=DIRECTION('',(-0.755589557931634,-0.655045357165958,0.));
#6834=DIRECTION('',(0.655045357165958,-0.755589557931634,0.));
#6835=DIRECTION('',(0.,0.,1.));
#6836=DIRECTION('',(1.,0.,0.));
#6837=DIRECTION('',(-0.778847615342968,-0.62721319507371,0.));
#6838=DIRECTION('',(0.62721319507371,-0.778847615342968,0.));
#6839=DIRECTION('',(0.,0.,1.));
#6840=DIRECTION('',(0.,0.,1.));
#6841=DIRECTION('',(0.,0.,1.));
#6842=DIRECTION('',(1.,0.,0.));
#6843=DIRECTION('',(0.,0.,1.));
#6844=DIRECTION('',(0.778847615342968,0.627213195073711,0.));
#6845=DIRECTION('',(-0.627213195073711,0.778847615342968,0.));
#6846=DIRECTION('',(0.,0.,1.));
#6847=DIRECTION('',(0.,0.,1.));
#6848=DIRECTION('',(1.,0.,0.));
#6849=DIRECTION('',(0.,0.,1.));
#6850=DIRECTION('',(1.,0.,0.));
#6851=DIRECTION('',(0.,0.,1.));
#6852=DIRECTION('',(1.,0.,0.));
#6853=DIRECTION('',(-0.778847615342968,-0.62721319507371,0.));
#6854=DIRECTION('',(0.62721319507371,-0.778847615342968,0.));
#6855=DIRECTION('',(0.,0.,1.));
#6856=DIRECTION('',(0.,0.,1.));
#6857=DIRECTION('',(0.,0.,1.));
#6858=DIRECTION('',(1.,0.,0.));
#6859=DIRECTION('',(0.,0.,1.));
#6860=DIRECTION('',(0.778847615342969,0.627213195073709,0.));
#6861=DIRECTION('',(-0.627213195073709,0.778847615342969,0.));
#6862=DIRECTION('',(0.,0.,1.));
#6863=DIRECTION('',(0.,0.,1.));
#6864=DIRECTION('',(1.,0.,0.));
#6865=DIRECTION('',(0.,0.,1.));
#6866=DIRECTION('',(1.,0.,0.));
#6867=DIRECTION('',(-0.778847615342968,-0.62721319507371,0.));
#6868=DIRECTION('',(0.62721319507371,-0.778847615342968,0.));
#6869=DIRECTION('',(0.,0.,1.));
#6870=DIRECTION('',(0.,0.,1.));
#6871=DIRECTION('',(0.,0.,1.));
#6872=DIRECTION('',(1.,0.,0.));
#6873=DIRECTION('',(0.,0.,1.));
#6874=DIRECTION('',(0.778847615342968,0.62721319507371,0.));
#6875=DIRECTION('',(-0.62721319507371,0.778847615342968,0.));
#6876=DIRECTION('',(0.,0.,1.));
#6877=DIRECTION('',(0.,0.,1.));
#6878=DIRECTION('',(1.,0.,0.));
#6879=DIRECTION('',(0.,0.,1.));
#6880=DIRECTION('',(1.,0.,0.));
#6881=DIRECTION('',(0.,0.,1.));
#6882=DIRECTION('',(1.,0.,0.));
#6883=DIRECTION('',(0.,0.,1.));
#6884=DIRECTION('',(1.,0.,0.));
#6885=DIRECTION('',(0.,0.,1.));
#6886=DIRECTION('',(1.,0.,0.));
#6887=DIRECTION('',(0.,0.,1.));
#6888=DIRECTION('',(1.,0.,0.));
#6889=DIRECTION('',(0.,0.,1.));
#6890=DIRECTION('',(1.,0.,0.));
#6891=DIRECTION('',(0.,0.,1.));
#6892=DIRECTION('',(1.,0.,0.));
#6893=DIRECTION('',(0.,0.,1.));
#6894=DIRECTION('',(1.,0.,0.));
#6895=DIRECTION('',(0.,0.,1.));
#6896=DIRECTION('',(1.,0.,0.));
#6897=DIRECTION('',(0.,0.,1.));
#6898=DIRECTION('',(1.,0.,0.));
#6899=DIRECTION('',(0.,0.,1.));
#6900=DIRECTION('',(1.,0.,0.));
#6901=DIRECTION('',(0.,0.,1.));
#6902=DIRECTION('',(1.,0.,0.));
#6903=DIRECTION('',(0.,0.,1.));
#6904=DIRECTION('',(1.,0.,0.));
#6905=DIRECTION('',(0.,0.,1.));
#6906=DIRECTION('',(1.,0.,0.));
#6907=DIRECTION('',(0.,0.,1.));
#6908=DIRECTION('',(1.,0.,0.));
#6909=DIRECTION('',(0.,0.,1.));
#6910=DIRECTION('',(1.,0.,0.));
#6911=DIRECTION('',(0.,0.,1.));
#6912=DIRECTION('',(1.,0.,0.));
#6913=DIRECTION('',(0.,0.,1.));
#6914=DIRECTION('',(1.,0.,0.));
#6915=DIRECTION('',(0.,0.,1.));
#6916=DIRECTION('',(1.,0.,0.));
#6917=DIRECTION('',(0.,0.,1.));
#6918=DIRECTION('',(1.,0.,0.));
#6919=DIRECTION('',(0.,0.,-1.));
#6920=DIRECTION('',(-1.,0.,0.));
#6921=DIRECTION('',(0.,0.,1.));
#6922=DIRECTION('',(1.,0.,0.));
#6923=DIRECTION('',(0.,0.,-1.));
#6924=DIRECTION('',(-1.,0.,0.));
#6925=DIRECTION('',(0.,0.,1.));
#6926=DIRECTION('',(1.,0.,0.));
#6927=CARTESIAN_POINT('',(0.,0.,0.));
#6928=CARTESIAN_POINT('',(0.,0.,-0.005));
#6929=CARTESIAN_POINT('',(0.0993,-0.1424,-0.005));
#6930=CARTESIAN_POINT('',(0.1014,-0.1424,-0.005));
#6931=CARTESIAN_POINT('',(0.1424,-0.1424,-0.005));
#6932=CARTESIAN_POINT('',(0.1445,-0.1424,-0.005));
#6933=CARTESIAN_POINT('',(0.1424,-0.0993,-0.005));
#6934=CARTESIAN_POINT('',(0.1445,-0.0993,-0.005));
#6935=CARTESIAN_POINT('',(0.1424,-0.0331,-0.005));
#6936=CARTESIAN_POINT('',(0.1445,-0.0331,-0.005));
#6937=CARTESIAN_POINT('',(-0.0331,0.1424,-0.005));
#6938=CARTESIAN_POINT('',(-0.031,0.1424,-0.005));
#6939=CARTESIAN_POINT('',(-0.0993,0.1424,-0.005));
#6940=CARTESIAN_POINT('',(-0.0972,0.1424,-0.005));
#6941=CARTESIAN_POINT('',(-0.1424,0.1424,-0.005));
#6942=CARTESIAN_POINT('',(-0.1403,0.1424,-0.005));
#6943=CARTESIAN_POINT('',(-0.1424,0.0993,-0.005));
#6944=CARTESIAN_POINT('',(-0.1403,0.0993,-0.005));
#6945=CARTESIAN_POINT('',(-0.1424,0.0331,-0.005));
#6946=CARTESIAN_POINT('',(-0.1403,0.0331,-0.005));
#6947=CARTESIAN_POINT('',(0.0331,-0.1424,-0.005));
#6948=CARTESIAN_POINT('',(0.0352,-0.1424,-0.005));
#6949=CARTESIAN_POINT('',(-0.1524,0.,-0.005));
#6950=CARTESIAN_POINT('',(-0.1524,0.1504,-0.005));
#6951=CARTESIAN_POINT('',(-0.1524,-0.1504,-0.005));
#6952=CARTESIAN_POINT('',(-0.1504,0.1504,-0.005));
#6953=CARTESIAN_POINT('',(-0.1504,0.1524,-0.005));
#6954=CARTESIAN_POINT('',(8.32667268468867E-17,0.1524,-0.005));
#6955=CARTESIAN_POINT('',(0.1504,0.1524,-0.005));
#6956=CARTESIAN_POINT('',(0.1504,0.1504,-0.005));
#6957=CARTESIAN_POINT('',(0.1524,0.1504,-0.005));
#6958=CARTESIAN_POINT('',(0.1524,-2.77555756156289E-17,-0.005));
#6959=CARTESIAN_POINT('',(0.1524,-0.1504,-0.005));
#6960=CARTESIAN_POINT('',(0.1504,-0.1504,-0.005));
#6961=CARTESIAN_POINT('',(0.1504,-0.1524,-0.005));
#6962=CARTESIAN_POINT('',(-2.77555756156289E-17,-0.1524,-0.005));
#6963=CARTESIAN_POINT('',(-0.1504,-0.1524,-0.005));
#6964=CARTESIAN_POINT('',(-0.1504,-0.1504,-0.005));
#6965=CARTESIAN_POINT('',(-0.0331,-0.1424,-0.005));
#6966=CARTESIAN_POINT('',(-0.031,-0.1424,-0.005));
#6967=CARTESIAN_POINT('',(-0.0993,-0.1424,-0.005));
#6968=CARTESIAN_POINT('',(-0.0972,-0.1424,-0.005));
#6969=CARTESIAN_POINT('',(-0.1424,-0.1424,-0.005));
#6970=CARTESIAN_POINT('',(-0.1403,-0.1424,-0.005));
#6971=CARTESIAN_POINT('',(-0.1424,-0.0993,-0.005));
#6972=CARTESIAN_POINT('',(-0.1403,-0.0993,-0.005));
#6973=CARTESIAN_POINT('',(-0.1424,-0.0331,-0.005));
#6974=CARTESIAN_POINT('',(-0.1403,-0.0331,-0.005));
#6975=CARTESIAN_POINT('',(0.0331,0.1424,-0.005));
#6976=CARTESIAN_POINT('',(0.0352,0.1424,-0.005));
#6977=CARTESIAN_POINT('',(0.0993,0.1424,-0.005));
#6978=CARTESIAN_POINT('',(0.1014,0.1424,-0.005));
#6979=CARTESIAN_POINT('',(0.1424,0.1424,-0.005));
#6980=CARTESIAN_POINT('',(0.1445,0.1424,-0.005));
#6981=CARTESIAN_POINT('',(0.1424,0.0993,-0.005));
#6982=CARTESIAN_POINT('',(0.1445,0.0993,-0.005));
#6983=CARTESIAN_POINT('',(0.1424,0.0331,-0.005));
#6984=CARTESIAN_POINT('',(0.1445,0.0331,-0.005));
#6985=CARTESIAN_POINT('',(0.,0.,0.));
#6986=CARTESIAN_POINT('',(0.0993,-0.1424,0.));
#6987=CARTESIAN_POINT('',(0.1014,-0.1424,0.));
#6988=CARTESIAN_POINT('',(0.1424,-0.1424,0.));
#6989=CARTESIAN_POINT('',(0.1445,-0.1424,0.));
#6990=CARTESIAN_POINT('',(0.1424,-0.0993,0.));
#6991=CARTESIAN_POINT('',(0.1445,-0.0993,0.));
#6992=CARTESIAN_POINT('',(0.1424,-0.0331,0.));
#6993=CARTESIAN_POINT('',(0.1445,-0.0331,0.));
#6994=CARTESIAN_POINT('',(0.1424,0.0993,0.));
#6995=CARTESIAN_POINT('',(0.1445,0.0993,0.));
#6996=CARTESIAN_POINT('',(0.0993,0.1424,0.));
#6997=CARTESIAN_POINT('',(0.1014,0.1424,0.));
#6998=CARTESIAN_POINT('',(-0.1424,-0.0331,0.));
#6999=CARTESIAN_POINT('',(-0.1403,-0.0331,0.));
#7000=CARTESIAN_POINT('',(-0.1424,-0.1424,0.));
#7001=CARTESIAN_POINT('',(-0.1403,-0.1424,0.));
#7002=CARTESIAN_POINT('',(-0.0331,-0.1424,0.));
#7003=CARTESIAN_POINT('',(-0.031,-0.1424,0.));
#7004=CARTESIAN_POINT('',(0.0331,-0.1424,0.));
#7005=CARTESIAN_POINT('',(0.0352,-0.1424,0.));
#7006=CARTESIAN_POINT('',(8.32667268468867E-17,0.1524,0.));
#7007=CARTESIAN_POINT('',(0.1504,0.1524,0.));
#7008=CARTESIAN_POINT('',(-0.1504,0.1524,0.));
#7009=CARTESIAN_POINT('',(-0.1504,0.1504,0.));
#7010=CARTESIAN_POINT('',(-0.1524,0.1504,0.));
#7011=CARTESIAN_POINT('',(-0.1524,0.,0.));
#7012=CARTESIAN_POINT('',(-0.1524,-0.1504,0.));
#7013=CARTESIAN_POINT('',(-0.1504,-0.1504,0.));
#7014=CARTESIAN_POINT('',(-0.1504,-0.1524,0.));
#7015=CARTESIAN_POINT('',(-2.77555756156289E-17,-0.1524,0.));
#7016=CARTESIAN_POINT('',(0.1504,-0.1524,0.));
#7017=CARTESIAN_POINT('',(0.1504,-0.1504,0.));
#7018=CARTESIAN_POINT('',(0.1524,-0.1504,0.));
#7019=CARTESIAN_POINT('',(0.1524,-2.77555756156289E-17,0.));
#7020=CARTESIAN_POINT('',(0.1524,0.1504,0.));
#7021=CARTESIAN_POINT('',(0.1504,0.1504,0.));
#7022=CARTESIAN_POINT('',(-0.0993,-0.1424,0.));
#7023=CARTESIAN_POINT('',(-0.0972,-0.1424,0.));
#7024=CARTESIAN_POINT('',(-0.1424,-0.0993,0.));
#7025=CARTESIAN_POINT('',(-0.1403,-0.0993,0.));
#7026=CARTESIAN_POINT('',(-0.1424,0.0331,0.));
#7027=CARTESIAN_POINT('',(-0.1403,0.0331,0.));
#7028=CARTESIAN_POINT('',(-0.1424,0.0993,0.));
#7029=CARTESIAN_POINT('',(-0.1403,0.0993,0.));
#7030=CARTESIAN_POINT('',(-0.1424,0.1424,0.));
#7031=CARTESIAN_POINT('',(-0.1403,0.1424,0.));
#7032=CARTESIAN_POINT('',(-0.0993,0.1424,0.));
#7033=CARTESIAN_POINT('',(-0.0972,0.1424,0.));
#7034=CARTESIAN_POINT('',(-0.0331,0.1424,0.));
#7035=CARTESIAN_POINT('',(-0.031,0.1424,0.));
#7036=CARTESIAN_POINT('',(0.0331,0.1424,0.));
#7037=CARTESIAN_POINT('',(0.0352,0.1424,0.));
#7038=CARTESIAN_POINT('',(0.1424,0.1424,0.));
#7039=CARTESIAN_POINT('',(0.1445,0.1424,0.));
#7040=CARTESIAN_POINT('',(0.1424,0.0331,0.));
#7041=CARTESIAN_POINT('',(0.1445,0.0331,0.));
#7042=CARTESIAN_POINT('',(0.1524,-2.77555756156289E-17,-0.005));
#7043=CARTESIAN_POINT('',(0.1524,-0.1504,-0.005));
#7044=CARTESIAN_POINT('',(0.1524,0.1504,0.));
#7045=CARTESIAN_POINT('',(8.32667268468867E-17,0.1524,-0.005));
#7046=CARTESIAN_POINT('',(-0.1504,0.1524,-0.005));
#7047=CARTESIAN_POINT('',(0.1504,0.1524,-0.005));
#7048=CARTESIAN_POINT('',(-0.1524,0.,-0.005));
#7049=CARTESIAN_POINT('',(-0.1524,0.1504,-0.005));
#7050=CARTESIAN_POINT('',(-0.1524,-0.1504,0.));
#7051=CARTESIAN_POINT('',(-2.77555756156289E-17,-0.1524,-0.005));
#7052=CARTESIAN_POINT('',(-0.1504,-0.1524,-0.005));
#7053=CARTESIAN_POINT('',(0.1504,-0.1524,-0.005));
#7054=CARTESIAN_POINT('',(0.0331,-0.1424,-0.005002));
#7055=CARTESIAN_POINT('',(-0.0331,-0.1424,-0.005002));
#7056=CARTESIAN_POINT('',(-0.0993,-0.1424,-0.005002));
#7057=CARTESIAN_POINT('',(-0.1424,-0.1424,-0.005002));
#7058=CARTESIAN_POINT('',(-0.1424,-0.0993,-0.005002));
#7059=CARTESIAN_POINT('',(-0.1424,-0.0331,-0.005002));
#7060=CARTESIAN_POINT('',(-0.1424,0.0331,-0.005002));
#7061=CARTESIAN_POINT('',(-0.1424,0.0993,-0.005002));
#7062=CARTESIAN_POINT('',(-0.1424,0.1424,-0.005002));
#7063=CARTESIAN_POINT('',(-0.0993,0.1424,-0.005002));
#7064=CARTESIAN_POINT('',(-0.0331,0.1424,-0.005002));
#7065=CARTESIAN_POINT('',(0.0331,0.1424,-0.005002));
#7066=CARTESIAN_POINT('',(0.0993,0.1424,-0.005002));
#7067=CARTESIAN_POINT('',(0.1424,0.1424,-0.005002));
#7068=CARTESIAN_POINT('',(0.1424,0.0993,-0.005002));
#7069=CARTESIAN_POINT('',(0.1424,0.0331,-0.005002));
#7070=CARTESIAN_POINT('',(0.1424,-0.0331,-0.005002));
#7071=CARTESIAN_POINT('',(0.1424,-0.0993,-0.005002));
#7072=CARTESIAN_POINT('',(0.1424,-0.1424,-0.005002));
#7073=CARTESIAN_POINT('',(0.0993,-0.1424,-0.005002));
#7074=CARTESIAN_POINT('',(-0.1504,0.1504,-0.005));
#7075=CARTESIAN_POINT('',(-0.1504,-0.1504,-0.005));
#7076=CARTESIAN_POINT('',(0.1504,-0.1504,-0.005));
#7077=CARTESIAN_POINT('',(0.1504,0.1504,-0.005));
#7078=CARTESIAN_POINT('',(0.,0.,0.));
#7079=CARTESIAN_POINT('',(0.,0.,0.028175));
#7080=CARTESIAN_POINT('',(-0.0331,-0.1424,0.028175));
#7081=CARTESIAN_POINT('',(-0.0371,-0.1424,0.028175));
#7082=CARTESIAN_POINT('',(0.,0.,0.028175));
#7083=CARTESIAN_POINT('',(-0.0993,-0.1424,0.028175));
#7084=CARTESIAN_POINT('',(-0.1033,-0.1424,0.028175));
#7085=CARTESIAN_POINT('',(0.,0.,0.028175));
#7086=CARTESIAN_POINT('',(-0.1424,-0.0331,0.028175));
#7087=CARTESIAN_POINT('',(-0.1464,-0.0331,0.028175));
#7088=CARTESIAN_POINT('',(0.,0.,0.028175));
#7089=CARTESIAN_POINT('',(-0.1424,-0.0993,0.028175));
#7090=CARTESIAN_POINT('',(-0.1464,-0.0993,0.028175));
#7091=CARTESIAN_POINT('',(-0.0331,-0.1424,0.028175));
#7092=CARTESIAN_POINT('',(-0.0331,-0.1424,0.023175));
#7093=CARTESIAN_POINT('',(-0.0371,-0.1424,0.023175));
#7094=CARTESIAN_POINT('',(-0.0993,-0.1424,0.028175));
#7095=CARTESIAN_POINT('',(-0.0993,-0.1424,0.023175));
#7096=CARTESIAN_POINT('',(-0.1033,-0.1424,0.023175));
#7097=CARTESIAN_POINT('',(-0.1424,-0.0331,0.028175));
#7098=CARTESIAN_POINT('',(-0.1424,-0.0331,0.023175));
#7099=CARTESIAN_POINT('',(-0.1464,-0.0331,0.023175));
#7100=CARTESIAN_POINT('',(-0.1424,-0.0993,0.028175));
#7101=CARTESIAN_POINT('',(-0.1424,-0.0993,0.023175));
#7102=CARTESIAN_POINT('',(-0.1464,-0.0993,0.023175));
#7103=CARTESIAN_POINT('',(-0.1424,-0.1424,0.028175));
#7104=CARTESIAN_POINT('',(-0.1424,-0.1424,0.023175));
#7105=CARTESIAN_POINT('',(-0.1445,-0.1424,0.023175));
#7106=CARTESIAN_POINT('',(-0.1424,-0.1424,0.033175));
#7107=CARTESIAN_POINT('',(-0.1403,-0.1424,0.033175));
#7108=CARTESIAN_POINT('',(0.,5.55111512312578E-17,0.01));
#7109=CARTESIAN_POINT('',(-5.55111512312578E-17,-0.1524,0.033175));
#7110=CARTESIAN_POINT('',(-5.55111512312578E-17,-0.1524,0.023175));
#7111=CARTESIAN_POINT('',(-5.55111512312578E-17,-0.1524,0.033175));
#7112=CARTESIAN_POINT('',(-2.02197369489474E-32,7.36496637552013E-48,0.023175));
#7113=CARTESIAN_POINT('',(-4.16333634234433E-17,-0.1324,0.023175));
#7114=CARTESIAN_POINT('',(-4.16333634234433E-17,-0.1324,0.008175));
#7115=CARTESIAN_POINT('',(-4.16333634234433E-17,-0.1324,0.033175));
#7116=CARTESIAN_POINT('',(-2.46519032881566E-32,-1.38777878078144E-17,0.033175));
#7117=CARTESIAN_POINT('',(-2.77555756156289E-17,-0.1524,0.033175));
#7118=CARTESIAN_POINT('',(-2.77555756156289E-17,-0.1524,0.023175));
#7119=CARTESIAN_POINT('',(-0.1504,-0.1524,0.023175));
#7120=CARTESIAN_POINT('',(-2.77555756156289E-17,-0.1524,0.033175));
#7121=CARTESIAN_POINT('',(-0.1504,-0.1524,0.033175));
#7122=CARTESIAN_POINT('',(-0.1504,-0.1524,0.033175));
#7123=CARTESIAN_POINT('',(-0.1504,-0.1504,0.033175));
#7124=CARTESIAN_POINT('',(-0.1504,-0.1504,0.033175));
#7125=CARTESIAN_POINT('',(-0.1524,-0.1504,0.033175));
#7126=CARTESIAN_POINT('',(-0.1524,-0.1504,0.033175));
#7127=CARTESIAN_POINT('',(-0.1524,-0.1504,0.023175));
#7128=CARTESIAN_POINT('',(-0.1504,-0.1504,0.023175));
#7129=CARTESIAN_POINT('',(-0.0662,-0.1324,0.008175));
#7130=CARTESIAN_POINT('',(-0.0662,-0.1324,0.033175));
#7131=CARTESIAN_POINT('',(-0.1324,-0.1324,0.033175));
#7132=CARTESIAN_POINT('',(0.,-0.1324,0.023175));
#7133=CARTESIAN_POINT('',(-0.1324,-0.1324,0.023175));
#7134=CARTESIAN_POINT('',(-0.1324,-0.1324,0.008175));
#7135=CARTESIAN_POINT('',(-0.1324,0.0662,0.008175));
#7136=CARTESIAN_POINT('',(-0.1324,0.,0.008175));
#7137=CARTESIAN_POINT('',(-0.1324,0.,0.033175));
#7138=CARTESIAN_POINT('',(-0.1324,0.,0.023175));
#7139=CARTESIAN_POINT('',(-0.1324,0.0662,0.033175));
#7140=CARTESIAN_POINT('',(-0.1324,2.77555756156289E-17,0.023175));
#7141=CARTESIAN_POINT('',(-0.1524,0.,0.033175));
#7142=CARTESIAN_POINT('',(-0.1524,0.,0.033175));
#7143=CARTESIAN_POINT('',(-0.1524,0.,0.023175));
#7144=CARTESIAN_POINT('',(-0.1524,0.,0.033175));
#7145=CARTESIAN_POINT('',(-0.1524,0.,0.023175));
#7146=CARTESIAN_POINT('',(-0.1524,0.,0.033175));
#7147=CARTESIAN_POINT('',(1.38777878078145E-17,-1.38777878078145E-17,0.033175));
#7148=CARTESIAN_POINT('',(1.38777878078145E-17,0.,0.033175));
#7149=CARTESIAN_POINT('',(0.,0.,0.023175));
#7150=CARTESIAN_POINT('',(0.,0.,0.023175));
#7151=CARTESIAN_POINT('',(-4.16333634234433E-17,0.,0.01));
#7152=CARTESIAN_POINT('',(0.,0.,0.));
#7153=CARTESIAN_POINT('',(0.,0.,0.023175));
#7154=CARTESIAN_POINT('',(-0.1424,0.1424,0.023175));
#7155=CARTESIAN_POINT('',(-0.1445,0.1424,0.023175));
#7156=CARTESIAN_POINT('',(-0.0331,0.1424,0.023175));
#7157=CARTESIAN_POINT('',(-0.0371,0.1424,0.023175));
#7158=CARTESIAN_POINT('',(-0.0993,0.1424,0.023175));
#7159=CARTESIAN_POINT('',(-0.1033,0.1424,0.023175));
#7160=CARTESIAN_POINT('',(-0.1424,0.0993,0.023175));
#7161=CARTESIAN_POINT('',(-0.1464,0.0993,0.023175));
#7162=CARTESIAN_POINT('',(-0.1424,0.0331,0.023175));
#7163=CARTESIAN_POINT('',(-0.1464,0.0331,0.023175));
#7164=CARTESIAN_POINT('',(0.,0.,0.023175));
#7165=CARTESIAN_POINT('',(-0.1524,0.,0.023175));
#7166=CARTESIAN_POINT('',(-0.1324,0.,0.023175));
#7167=CARTESIAN_POINT('',(-0.1524,0.,0.023175));
#7168=CARTESIAN_POINT('',(-0.1524,0.1504,0.023175));
#7169=CARTESIAN_POINT('',(-0.1504,0.1504,0.023175));
#7170=CARTESIAN_POINT('',(-0.1504,0.1524,0.023175));
#7171=CARTESIAN_POINT('',(5.55111512312578E-17,0.1524,0.023175));
#7172=CARTESIAN_POINT('',(5.55111512312578E-17,0.1524,0.023175));
#7173=CARTESIAN_POINT('',(-2.02197369489474E-32,7.36496637552013E-48,0.023175));
#7174=CARTESIAN_POINT('',(4.16333634234433E-17,0.1324,0.023175));
#7175=CARTESIAN_POINT('',(0.,0.1324,0.023175));
#7176=CARTESIAN_POINT('',(-0.1324,0.1324,0.023175));
#7177=CARTESIAN_POINT('',(-0.1324,2.77555756156289E-17,0.023175));
#7178=CARTESIAN_POINT('',(1.38777878078145E-17,-1.38777878078145E-17,0.033175));
#7179=CARTESIAN_POINT('',(-0.1424,0.1424,0.033175));
#7180=CARTESIAN_POINT('',(-0.1403,0.1424,0.033175));
#7181=CARTESIAN_POINT('',(-0.1524,0.,0.033175));
#7182=CARTESIAN_POINT('',(-0.1524,0.,0.033175));
#7183=CARTESIAN_POINT('',(-0.1524,0.1504,0.033175));
#7184=CARTESIAN_POINT('',(1.38777878078145E-17,0.,0.033175));
#7185=CARTESIAN_POINT('',(-0.1324,0.,0.033175));
#7186=CARTESIAN_POINT('',(-0.1324,0.0662,0.033175));
#7187=CARTESIAN_POINT('',(-0.1324,0.1324,0.033175));
#7188=CARTESIAN_POINT('',(0.0662,0.1324,0.033175));
#7189=CARTESIAN_POINT('',(4.16333634234433E-17,0.1324,0.033175));
#7190=CARTESIAN_POINT('',(-2.46519032881566E-32,-1.38777878078144E-17,0.033175));
#7191=CARTESIAN_POINT('',(5.55111512312578E-17,0.1524,0.033175));
#7192=CARTESIAN_POINT('',(5.55111512312578E-17,0.1524,0.033175));
#7193=CARTESIAN_POINT('',(-0.1504,0.1524,0.033175));
#7194=CARTESIAN_POINT('',(-0.1504,0.1504,0.033175));
#7195=CARTESIAN_POINT('',(-0.1524,0.,0.033175));
#7196=CARTESIAN_POINT('',(-0.1524,0.,0.033175));
#7197=CARTESIAN_POINT('',(-0.1524,0.1504,0.033175));
#7198=CARTESIAN_POINT('',(-0.1324,0.0662,0.008175));
#7199=CARTESIAN_POINT('',(-0.1324,0.,0.008175));
#7200=CARTESIAN_POINT('',(-0.1324,0.1324,0.008175));
#7201=CARTESIAN_POINT('',(5.55111512312578E-17,0.1524,0.033175));
#7202=CARTESIAN_POINT('',(5.55111512312578E-17,0.1524,0.033175));
#7203=CARTESIAN_POINT('',(-0.1504,0.1524,0.033175));
#7204=CARTESIAN_POINT('',(0.0662,0.1324,0.008175));
#7205=CARTESIAN_POINT('',(4.16333634234433E-17,0.1324,0.008175));
#7206=CARTESIAN_POINT('',(-0.1504,0.1504,0.033175));
#7207=CARTESIAN_POINT('',(-0.1424,0.1424,0.028175));
#7208=CARTESIAN_POINT('',(-0.0331,0.1424,0.028175));
#7209=CARTESIAN_POINT('',(-0.0331,0.1424,0.028175));
#7210=CARTESIAN_POINT('',(-0.0371,0.1424,0.028175));
#7211=CARTESIAN_POINT('',(0.,0.,0.028175));
#7212=CARTESIAN_POINT('',(-0.0993,0.1424,0.028175));
#7213=CARTESIAN_POINT('',(-0.0993,0.1424,0.028175));
#7214=CARTESIAN_POINT('',(-0.1033,0.1424,0.028175));
#7215=CARTESIAN_POINT('',(0.,0.,0.028175));
#7216=CARTESIAN_POINT('',(-0.1424,0.0993,0.028175));
#7217=CARTESIAN_POINT('',(-0.1424,0.0993,0.028175));
#7218=CARTESIAN_POINT('',(-0.1464,0.0993,0.028175));
#7219=CARTESIAN_POINT('',(0.,0.,0.028175));
#7220=CARTESIAN_POINT('',(-0.1424,0.0331,0.028175));
#7221=CARTESIAN_POINT('',(-0.1424,0.0331,0.028175));
#7222=CARTESIAN_POINT('',(-0.1464,0.0331,0.028175));
#7223=CARTESIAN_POINT('',(0.,0.,0.028175));
#7224=CARTESIAN_POINT('',(0.,5.55111512312578E-17,0.01));
#7225=CARTESIAN_POINT('',(-4.16333634234433E-17,0.,0.01));
#7226=CARTESIAN_POINT('',(0.,0.,0.));
#7227=CARTESIAN_POINT('',(0.1524,0.,0.033175));
#7228=CARTESIAN_POINT('',(0.1524,0.,0.033175));
#7229=CARTESIAN_POINT('',(0.1524,0.1504,0.033175));
#7230=CARTESIAN_POINT('',(0.1524,0.,0.033175));
#7231=CARTESIAN_POINT('',(0.1524,0.,0.033175));
#7232=CARTESIAN_POINT('',(0.1524,0.,0.023175));
#7233=CARTESIAN_POINT('',(0.1524,0.,0.023175));
#7234=CARTESIAN_POINT('',(0.1524,0.1504,0.023175));
#7235=CARTESIAN_POINT('',(0.1524,0.1504,0.033175));
#7236=CARTESIAN_POINT('',(0.1324,0.0662,0.008175));
#7237=CARTESIAN_POINT('',(0.1324,-2.7755575615629E-17,0.023175));
#7238=CARTESIAN_POINT('',(0.1324,0.1324,0.023175));
#7239=CARTESIAN_POINT('',(0.1324,0.,0.023175));
#7240=CARTESIAN_POINT('',(0.1324,0.,0.008175));
#7241=CARTESIAN_POINT('',(0.1324,0.,0.033175));
#7242=CARTESIAN_POINT('',(0.1324,0.0662,0.033175));
#7243=CARTESIAN_POINT('',(0.1324,0.1324,0.033175));
#7244=CARTESIAN_POINT('',(0.1324,0.1324,0.008175));
#7245=CARTESIAN_POINT('',(1.38777878078145E-17,-1.38777878078145E-17,0.033175));
#7246=CARTESIAN_POINT('',(0.1424,0.1424,0.033175));
#7247=CARTESIAN_POINT('',(0.1445,0.1424,0.033175));
#7248=CARTESIAN_POINT('',(1.38777878078145E-17,0.,0.033175));
#7249=CARTESIAN_POINT('',(0.1504,0.1504,0.033175));
#7250=CARTESIAN_POINT('',(0.1504,0.1524,0.033175));
#7251=CARTESIAN_POINT('',(5.55111512312578E-17,0.1524,0.033175));
#7252=CARTESIAN_POINT('',(5.55111512312578E-17,0.1524,0.033175));
#7253=CARTESIAN_POINT('',(-2.46519032881566E-32,-1.38777878078144E-17,0.033175));
#7254=CARTESIAN_POINT('',(4.16333634234433E-17,0.1324,0.033175));
#7255=CARTESIAN_POINT('',(0.0662,0.1324,0.033175));
#7256=CARTESIAN_POINT('',(0.,0.,0.023175));
#7257=CARTESIAN_POINT('',(0.0331,0.1424,0.023175));
#7258=CARTESIAN_POINT('',(0.0291,0.1424,0.023175));
#7259=CARTESIAN_POINT('',(0.0993,0.1424,0.023175));
#7260=CARTESIAN_POINT('',(0.0953,0.1424,0.023175));
#7261=CARTESIAN_POINT('',(0.1424,0.1424,0.023175));
#7262=CARTESIAN_POINT('',(0.1403,0.1424,0.023175));
#7263=CARTESIAN_POINT('',(0.1424,0.0331,0.023175));
#7264=CARTESIAN_POINT('',(0.1384,0.0331,0.023175));
#7265=CARTESIAN_POINT('',(0.1424,0.0993,0.023175));
#7266=CARTESIAN_POINT('',(0.1384,0.0993,0.023175));
#7267=CARTESIAN_POINT('',(0.,0.,0.023175));
#7268=CARTESIAN_POINT('',(0.,0.1324,0.023175));
#7269=CARTESIAN_POINT('',(4.16333634234433E-17,0.1324,0.023175));
#7270=CARTESIAN_POINT('',(-2.02197369489474E-32,7.36496637552013E-48,0.023175));
#7271=CARTESIAN_POINT('',(5.55111512312578E-17,0.1524,0.023175));
#7272=CARTESIAN_POINT('',(5.55111512312578E-17,0.1524,0.023175));
#7273=CARTESIAN_POINT('',(0.1504,0.1524,0.023175));
#7274=CARTESIAN_POINT('',(0.1504,0.1504,0.023175));
#7275=CARTESIAN_POINT('',(0.,0.,0.028175));
#7276=CARTESIAN_POINT('',(0.0331,0.1424,0.028175));
#7277=CARTESIAN_POINT('',(0.0291,0.1424,0.028175));
#7278=CARTESIAN_POINT('',(0.,0.,0.028175));
#7279=CARTESIAN_POINT('',(0.0993,0.1424,0.028175));
#7280=CARTESIAN_POINT('',(0.0953,0.1424,0.028175));
#7281=CARTESIAN_POINT('',(0.,0.,0.028175));
#7282=CARTESIAN_POINT('',(0.1424,0.0331,0.028175));
#7283=CARTESIAN_POINT('',(0.1384,0.0331,0.028175));
#7284=CARTESIAN_POINT('',(0.,0.,0.028175));
#7285=CARTESIAN_POINT('',(0.1424,0.0993,0.028175));
#7286=CARTESIAN_POINT('',(0.1384,0.0993,0.028175));
#7287=CARTESIAN_POINT('',(0.0331,0.1424,0.028175));
#7288=CARTESIAN_POINT('',(0.0993,0.1424,0.028175));
#7289=CARTESIAN_POINT('',(0.1424,0.0331,0.028175));
#7290=CARTESIAN_POINT('',(0.1424,0.0993,0.028175));
#7291=CARTESIAN_POINT('',(0.1424,0.1424,0.028175));
#7292=CARTESIAN_POINT('',(0.1504,0.1504,0.033175));
#7293=CARTESIAN_POINT('',(0.1504,0.1524,0.033175));
#7294=CARTESIAN_POINT('',(0.0662,0.1324,0.008175));
#7295=CARTESIAN_POINT('',(4.16333634234433E-17,0.1324,0.008175));
#7296=CARTESIAN_POINT('',(5.55111512312578E-17,0.1524,0.033175));
#7297=CARTESIAN_POINT('',(5.55111512312578E-17,0.1524,0.033175));
#7298=CARTESIAN_POINT('',(0.,5.55111512312578E-17,0.01));
#7299=CARTESIAN_POINT('',(-4.16333634234433E-17,0.,0.01));
#7300=CARTESIAN_POINT('',(0.,0.,0.));
#7301=CARTESIAN_POINT('',(0.,0.,0.028175));
#7302=CARTESIAN_POINT('',(0.0993,-0.1424,0.028175));
#7303=CARTESIAN_POINT('',(0.0953,-0.1424,0.028175));
#7304=CARTESIAN_POINT('',(0.,0.,0.028175));
#7305=CARTESIAN_POINT('',(0.1424,-0.0993,0.028175));
#7306=CARTESIAN_POINT('',(0.1384,-0.0993,0.028175));
#7307=CARTESIAN_POINT('',(0.,0.,0.028175));
#7308=CARTESIAN_POINT('',(0.1424,-0.0331,0.028175));
#7309=CARTESIAN_POINT('',(0.1384,-0.0331,0.028175));
#7310=CARTESIAN_POINT('',(0.,0.,0.028175));
#7311=CARTESIAN_POINT('',(0.0331,-0.1424,0.028175));
#7312=CARTESIAN_POINT('',(0.0291,-0.1424,0.028175));
#7313=CARTESIAN_POINT('',(-0.0662,-0.1324,0.008175));
#7314=CARTESIAN_POINT('',(-4.16333634234433E-17,-0.1324,0.008175));
#7315=CARTESIAN_POINT('',(-4.16333634234433E-17,-0.1324,0.033175));
#7316=CARTESIAN_POINT('',(-4.16333634234433E-17,-0.1324,0.023175));
#7317=CARTESIAN_POINT('',(-0.0662,-0.1324,0.033175));
#7318=CARTESIAN_POINT('',(0.1324,-0.1324,0.033175));
#7319=CARTESIAN_POINT('',(0.1324,-0.1324,0.008175));
#7320=CARTESIAN_POINT('',(0.1324,-0.1324,0.023175));
#7321=CARTESIAN_POINT('',(0.,-0.1324,0.023175));
#7322=CARTESIAN_POINT('',(0.,5.55111512312578E-17,0.01));
#7323=CARTESIAN_POINT('',(-5.55111512312578E-17,-0.1524,0.033175));
#7324=CARTESIAN_POINT('',(-5.55111512312578E-17,-0.1524,0.023175));
#7325=CARTESIAN_POINT('',(-5.55111512312578E-17,-0.1524,0.033175));
#7326=CARTESIAN_POINT('',(-2.46519032881566E-32,-1.38777878078144E-17,0.033175));
#7327=CARTESIAN_POINT('',(-2.02197369489474E-32,7.36496637552013E-48,0.023175));
#7328=CARTESIAN_POINT('',(-2.77555756156289E-17,-0.1524,0.033175));
#7329=CARTESIAN_POINT('',(-2.77555756156289E-17,-0.1524,0.023175));
#7330=CARTESIAN_POINT('',(0.1504,-0.1524,0.023175));
#7331=CARTESIAN_POINT('',(0.1504,-0.1524,0.033175));
#7332=CARTESIAN_POINT('',(0.1504,-0.1524,0.033175));
#7333=CARTESIAN_POINT('',(-2.77555756156289E-17,-0.1524,0.033175));
#7334=CARTESIAN_POINT('',(0.1504,-0.1504,0.033175));
#7335=CARTESIAN_POINT('',(0.1524,-0.1504,0.033175));
#7336=CARTESIAN_POINT('',(0.1524,-0.1504,0.033175));
#7337=CARTESIAN_POINT('',(0.1524,-0.1504,0.023175));
#7338=CARTESIAN_POINT('',(0.1504,-0.1504,0.033175));
#7339=CARTESIAN_POINT('',(0.1504,-0.1504,0.023175));
#7340=CARTESIAN_POINT('',(0.0993,-0.1424,0.028175));
#7341=CARTESIAN_POINT('',(0.0993,-0.1424,0.023175));
#7342=CARTESIAN_POINT('',(0.0953,-0.1424,0.023175));
#7343=CARTESIAN_POINT('',(0.1424,-0.0993,0.028175));
#7344=CARTESIAN_POINT('',(0.1424,-0.0993,0.023175));
#7345=CARTESIAN_POINT('',(0.1384,-0.0993,0.023175));
#7346=CARTESIAN_POINT('',(0.1424,-0.0331,0.028175));
#7347=CARTESIAN_POINT('',(0.1424,-0.0331,0.023175));
#7348=CARTESIAN_POINT('',(0.1384,-0.0331,0.023175));
#7349=CARTESIAN_POINT('',(0.0331,-0.1424,0.028175));
#7350=CARTESIAN_POINT('',(0.0331,-0.1424,0.023175));
#7351=CARTESIAN_POINT('',(0.0291,-0.1424,0.023175));
#7352=CARTESIAN_POINT('',(0.1424,-0.1424,0.028175));
#7353=CARTESIAN_POINT('',(0.1424,-0.1424,0.023175));
#7354=CARTESIAN_POINT('',(0.1403,-0.1424,0.023175));
#7355=CARTESIAN_POINT('',(0.1424,-0.1424,0.033175));
#7356=CARTESIAN_POINT('',(0.1445,-0.1424,0.033175));
#7357=CARTESIAN_POINT('',(1.38777878078145E-17,-1.38777878078145E-17,0.033175));
#7358=CARTESIAN_POINT('',(1.38777878078145E-17,0.,0.033175));
#7359=CARTESIAN_POINT('',(0.1324,0.,0.033175));
#7360=CARTESIAN_POINT('',(0.1524,0.,0.033175));
#7361=CARTESIAN_POINT('',(0.1324,0.0662,0.033175));
#7362=CARTESIAN_POINT('',(0.1524,0.,0.033175));
#7363=CARTESIAN_POINT('',(0.,0.,0.023175));
#7364=CARTESIAN_POINT('',(0.1324,-2.7755575615629E-17,0.023175));
#7365=CARTESIAN_POINT('',(0.1324,0.,0.023175));
#7366=CARTESIAN_POINT('',(0.,0.,0.023175));
#7367=CARTESIAN_POINT('',(0.1524,-1.01098684744737E-32,0.023175));
#7368=CARTESIAN_POINT('',(0.1524,0.,0.023175));
#7369=CARTESIAN_POINT('',(0.1324,0.0662,0.008175));
#7370=CARTESIAN_POINT('',(0.1324,0.,0.008175));
#7371=CARTESIAN_POINT('',(0.1524,0.,0.033175));
#7372=CARTESIAN_POINT('',(0.1524,0.,0.033175));
#7373=CARTESIAN_POINT('',(-4.16333634234433E-17,0.,0.01));
#7374=CARTESIAN_POINT('',(0.,0.,0.));
#7375=CARTESIAN_POINT('',(-0.1424,0.1424,0.028175));
#7376=CARTESIAN_POINT('',(-0.1424,0.1424,0.043175));
#7377=CARTESIAN_POINT('',(-0.1384,0.1424,0.043175));
#7378=CARTESIAN_POINT('',(-0.1424,0.1424,0.038175));
#7379=CARTESIAN_POINT('',(-0.1464,0.1424,0.038175));
#7380=CARTESIAN_POINT('',(-0.1424,-0.1424,0.028175));
#7381=CARTESIAN_POINT('',(-0.1424,-0.1424,0.043175));
#7382=CARTESIAN_POINT('',(-0.1384,-0.1424,0.043175));
#7383=CARTESIAN_POINT('',(-0.1424,-0.1424,0.038175));
#7384=CARTESIAN_POINT('',(-0.1464,-0.1424,0.038175));
#7385=CARTESIAN_POINT('',(0.1424,0.1424,0.028175));
#7386=CARTESIAN_POINT('',(0.1424,0.1424,0.043175));
#7387=CARTESIAN_POINT('',(0.1464,0.1424,0.043175));
#7388=CARTESIAN_POINT('',(0.1424,0.1424,0.038175));
#7389=CARTESIAN_POINT('',(0.1384,0.1424,0.038175));
#7390=CARTESIAN_POINT('',(0.1424,-0.1424,0.028175));
#7391=CARTESIAN_POINT('',(0.1424,-0.1424,0.043175));
#7392=CARTESIAN_POINT('',(0.1464,-0.1424,0.043175));
#7393=CARTESIAN_POINT('',(0.1424,-0.1424,0.038175));
#7394=CARTESIAN_POINT('',(0.1384,-0.1424,0.038175));
#7395=CARTESIAN_POINT('',(0.1504,0.1504,0.033175));
#7396=CARTESIAN_POINT('',(0.1504,0.1504,0.033175));
#7397=CARTESIAN_POINT('',(0.1504,0.1524,0.033175));
#7398=CARTESIAN_POINT('',(0.1524,0.1504,0.033175));
#7399=CARTESIAN_POINT('',(0.1504,0.1524,0.033175));
#7400=CARTESIAN_POINT('',(0.1504,0.1524,0.043175));
#7401=CARTESIAN_POINT('',(0.1504,0.1504,0.043175));
#7402=CARTESIAN_POINT('',(0.1524,0.1504,0.043175));
#7403=CARTESIAN_POINT('',(0.1524,0.1504,0.033175));
#7404=CARTESIAN_POINT('',(-0.1504,0.1504,0.033175));
#7405=CARTESIAN_POINT('',(-0.1504,0.1504,0.033175));
#7406=CARTESIAN_POINT('',(-0.1524,0.1504,0.033175));
#7407=CARTESIAN_POINT('',(-0.1504,0.1524,0.033175));
#7408=CARTESIAN_POINT('',(-0.1524,0.1504,0.033175));
#7409=CARTESIAN_POINT('',(-0.1524,0.1504,0.043175));
#7410=CARTESIAN_POINT('',(-0.1504,0.1504,0.043175));
#7411=CARTESIAN_POINT('',(-0.1504,0.1524,0.043175));
#7412=CARTESIAN_POINT('',(-0.1504,0.1524,0.033175));
#7413=CARTESIAN_POINT('',(-0.1504,-0.1504,0.033175));
#7414=CARTESIAN_POINT('',(-0.1504,-0.1504,0.033175));
#7415=CARTESIAN_POINT('',(-0.1504,-0.1524,0.033175));
#7416=CARTESIAN_POINT('',(-0.1524,-0.1504,0.033175));
#7417=CARTESIAN_POINT('',(-0.1504,-0.1524,0.033175));
#7418=CARTESIAN_POINT('',(-0.1504,-0.1524,0.043175));
#7419=CARTESIAN_POINT('',(-0.1504,-0.1504,0.043175));
#7420=CARTESIAN_POINT('',(-0.1524,-0.1504,0.043175));
#7421=CARTESIAN_POINT('',(-0.1524,-0.1504,0.033175));
#7422=CARTESIAN_POINT('',(0.1504,-0.1504,0.033175));
#7423=CARTESIAN_POINT('',(0.1504,-0.1504,0.033175));
#7424=CARTESIAN_POINT('',(0.1524,-0.1504,0.033175));
#7425=CARTESIAN_POINT('',(0.1504,-0.1524,0.033175));
#7426=CARTESIAN_POINT('',(0.1524,-0.1504,0.033175));
#7427=CARTESIAN_POINT('',(0.1524,-0.1504,0.043175));
#7428=CARTESIAN_POINT('',(0.1504,-0.1504,0.043175));
#7429=CARTESIAN_POINT('',(0.1504,-0.1524,0.043175));
#7430=CARTESIAN_POINT('',(0.1504,-0.1524,0.033175));
#7431=CARTESIAN_POINT('',(-2.77555756156289E-17,-0.1524,0.033175));
#7432=CARTESIAN_POINT('',(-2.77555756156289E-17,-0.1524,0.033175));
#7433=CARTESIAN_POINT('',(-2.77555756156289E-17,-0.1524,0.043175));
#7434=CARTESIAN_POINT('',(-0.1524,0.,0.033175));
#7435=CARTESIAN_POINT('',(-0.1524,0.,0.033175));
#7436=CARTESIAN_POINT('',(-0.1524,0.,0.043175));
#7437=CARTESIAN_POINT('',(5.55111512312578E-17,0.1524,0.033175));
#7438=CARTESIAN_POINT('',(5.55111512312578E-17,0.1524,0.033175));
#7439=CARTESIAN_POINT('',(5.55111512312578E-17,0.1524,0.043175));
#7440=CARTESIAN_POINT('',(0.1524,0.,0.033175));
#7441=CARTESIAN_POINT('',(0.1524,0.,0.033175));
#7442=CARTESIAN_POINT('',(0.1524,0.,0.043175));
#7443=CARTESIAN_POINT('',(1.38777878078145E-17,-1.38777878078145E-17,0.033175));
#7444=CARTESIAN_POINT('',(0.1324,0.0662,0.033175));
#7445=CARTESIAN_POINT('',(0.1324,0.1324,0.033175));
#7446=CARTESIAN_POINT('',(0.1324,-0.1324,0.033175));
#7447=CARTESIAN_POINT('',(0.0662,0.1324,0.033175));
#7448=CARTESIAN_POINT('',(-0.1324,0.1324,0.033175));
#7449=CARTESIAN_POINT('',(-0.1324,-0.0662,0.033175));
#7450=CARTESIAN_POINT('',(-0.1324,-0.1324,0.033175));
#7451=CARTESIAN_POINT('',(0.0662,-0.1324,0.033175));
#7452=CARTESIAN_POINT('',(0.1424,-0.1424,0.033175));
#7453=CARTESIAN_POINT('',(0.1403,-0.1424,0.033175));
#7454=CARTESIAN_POINT('',(0.1424,0.1424,0.033175));
#7455=CARTESIAN_POINT('',(0.1403,0.1424,0.033175));
#7456=CARTESIAN_POINT('',(-0.1424,-0.1424,0.033175));
#7457=CARTESIAN_POINT('',(-0.1445,-0.1424,0.033175));
#7458=CARTESIAN_POINT('',(-0.1424,0.1424,0.033175));
#7459=CARTESIAN_POINT('',(-0.1445,0.1424,0.033175));
#7460=CARTESIAN_POINT('',(0.0662,0.1324,0.024175));
#7461=CARTESIAN_POINT('',(0.1324,0.1324,0.024175));
#7462=CARTESIAN_POINT('',(0.1324,0.1324,0.024175));
#7463=CARTESIAN_POINT('',(0.0662,0.1324,0.024175));
#7464=CARTESIAN_POINT('',(-0.1324,0.1324,0.024175));
#7465=CARTESIAN_POINT('',(-0.1324,0.1324,0.024175));
#7466=CARTESIAN_POINT('',(0.1324,0.0662,0.024175));
#7467=CARTESIAN_POINT('',(0.1324,-0.1324,0.024175));
#7468=CARTESIAN_POINT('',(0.1324,-0.1324,0.024175));
#7469=CARTESIAN_POINT('',(0.1324,0.0662,0.024175));
#7470=CARTESIAN_POINT('',(0.0662,-0.1324,0.024175));
#7471=CARTESIAN_POINT('',(-0.1324,-0.1324,0.024175));
#7472=CARTESIAN_POINT('',(-0.1324,-0.1324,0.024175));
#7473=CARTESIAN_POINT('',(0.0662,-0.1324,0.024175));
#7474=CARTESIAN_POINT('',(-0.1324,-0.0662,0.024175));
#7475=CARTESIAN_POINT('',(-0.1324,-0.0662,0.024175));
#7476=CARTESIAN_POINT('',(0.,0.,0.024175));
#7477=CARTESIAN_POINT('',(0.,0.,0.043175));
#7478=CARTESIAN_POINT('',(0.1424,-0.1424,0.038175));
#7479=CARTESIAN_POINT('',(0.1424,-0.1424,0.038175));
#7480=CARTESIAN_POINT('',(0.1403,-0.1424,0.038175));
#7481=CARTESIAN_POINT('',(0.,0.,0.038175));
#7482=CARTESIAN_POINT('',(0.1424,0.1424,0.038175));
#7483=CARTESIAN_POINT('',(0.1424,0.1424,0.038175));
#7484=CARTESIAN_POINT('',(0.1403,0.1424,0.038175));
#7485=CARTESIAN_POINT('',(0.,0.,0.038175));
#7486=CARTESIAN_POINT('',(-0.1424,-0.1424,0.038175));
#7487=CARTESIAN_POINT('',(-0.1424,-0.1424,0.038175));
#7488=CARTESIAN_POINT('',(-0.1445,-0.1424,0.038175));
#7489=CARTESIAN_POINT('',(0.,0.,0.038175));
#7490=CARTESIAN_POINT('',(-0.1424,0.1424,0.038175));
#7491=CARTESIAN_POINT('',(-0.1424,0.1424,0.038175));
#7492=CARTESIAN_POINT('',(-0.1445,0.1424,0.038175));
#7493=CARTESIAN_POINT('',(0.,0.,0.038175));
#7494=CARTESIAN_POINT('',(0.,0.,0.));
#7495=CARTESIAN_POINT('',(0.,5.55111512312578E-17,0.01));
#7496=CARTESIAN_POINT('',(-5.55111512312578E-17,-0.1524,0.02));
#7497=CARTESIAN_POINT('',(-5.55111512312578E-17,-0.1524,0.));
#7498=CARTESIAN_POINT('',(-5.55111512312578E-17,-0.1524,0.02));
#7499=CARTESIAN_POINT('',(-2.02197369489474E-32,7.36496637552013E-48,0.));
#7500=CARTESIAN_POINT('',(-4.82262232481531E-17,-0.1324,0.));
#7501=CARTESIAN_POINT('',(-4.82262232481531E-17,-0.1324,0.02));
#7502=CARTESIAN_POINT('',(-4.82262232481531E-17,-0.1324,0.02));
#7503=CARTESIAN_POINT('',(-2.02197369489474E-32,7.36496637552013E-48,0.02));
#7504=CARTESIAN_POINT('',(-0.0331,-0.1424,-0.005002));
#7505=CARTESIAN_POINT('',(-0.0331,-0.1424,0.02));
#7506=CARTESIAN_POINT('',(-0.031,-0.1424,0.02));
#7507=CARTESIAN_POINT('',(-0.0331,-0.1424,0.));
#7508=CARTESIAN_POINT('',(-0.031,-0.1424,0.));
#7509=CARTESIAN_POINT('',(-0.0993,-0.1424,-0.005002));
#7510=CARTESIAN_POINT('',(-0.0993,-0.1424,0.02));
#7511=CARTESIAN_POINT('',(-0.0972,-0.1424,0.02));
#7512=CARTESIAN_POINT('',(-0.0993,-0.1424,0.));
#7513=CARTESIAN_POINT('',(-0.0972,-0.1424,0.));
#7514=CARTESIAN_POINT('',(0.,-0.1324,0.02));
#7515=CARTESIAN_POINT('',(0.,-0.1324,0.));
#7516=CARTESIAN_POINT('',(-0.1324,-0.1324,0.));
#7517=CARTESIAN_POINT('',(-0.1324,-0.1324,0.02));
#7518=CARTESIAN_POINT('',(-0.1324,-0.1324,0.02));
#7519=CARTESIAN_POINT('',(0.,-0.1324,0.02));
#7520=CARTESIAN_POINT('',(-2.77555756156289E-17,-0.1524,0.02));
#7521=CARTESIAN_POINT('',(-2.77555756156289E-17,-0.1524,0.02));
#7522=CARTESIAN_POINT('',(-0.1504,-0.1524,0.02));
#7523=CARTESIAN_POINT('',(-0.1504,-0.1524,0.));
#7524=CARTESIAN_POINT('',(-0.1504,-0.1524,0.));
#7525=CARTESIAN_POINT('',(-2.77555756156289E-17,-0.1524,0.));
#7526=CARTESIAN_POINT('',(0.,0.,0.02));
#7527=CARTESIAN_POINT('',(-0.1524,0.,0.02));
#7528=CARTESIAN_POINT('',(-0.1524,0.,0.02));
#7529=CARTESIAN_POINT('',(-0.1524,-0.1504,0.02));
#7530=CARTESIAN_POINT('',(-0.1504,-0.1504,0.02));
#7531=CARTESIAN_POINT('',(-0.1324,2.77555756156289E-17,0.02));
#7532=CARTESIAN_POINT('',(-0.1324,0.,0.02));
#7533=CARTESIAN_POINT('',(0.,0.,0.02));
#7534=CARTESIAN_POINT('',(-0.1424,-0.1424,0.02));
#7535=CARTESIAN_POINT('',(-0.1398,-0.1424,0.02));
#7536=CARTESIAN_POINT('',(-0.1424,-0.0993,0.02));
#7537=CARTESIAN_POINT('',(-0.1403,-0.0993,0.02));
#7538=CARTESIAN_POINT('',(-0.1424,-0.0331,0.02));
#7539=CARTESIAN_POINT('',(-0.1403,-0.0331,0.02));
#7540=CARTESIAN_POINT('',(0.,0.,0.));
#7541=CARTESIAN_POINT('',(-0.1504,-0.1504,0.));
#7542=CARTESIAN_POINT('',(-0.1524,-0.1504,0.));
#7543=CARTESIAN_POINT('',(-0.1524,0.,0.));
#7544=CARTESIAN_POINT('',(-0.1524,0.,0.));
#7545=CARTESIAN_POINT('',(0.,0.,0.));
#7546=CARTESIAN_POINT('',(-0.1324,0.,0.));
#7547=CARTESIAN_POINT('',(-0.1324,-2.77555756156289E-17,0.));
#7548=CARTESIAN_POINT('',(-0.1424,-0.1424,0.));
#7549=CARTESIAN_POINT('',(-0.1398,-0.1424,0.));
#7550=CARTESIAN_POINT('',(-0.1424,-0.0331,0.));
#7551=CARTESIAN_POINT('',(-0.1403,-0.0331,0.));
#7552=CARTESIAN_POINT('',(-0.1424,-0.0993,0.));
#7553=CARTESIAN_POINT('',(-0.1403,-0.0993,0.));
#7554=CARTESIAN_POINT('',(-0.1424,-0.0993,-0.005002));
#7555=CARTESIAN_POINT('',(-0.1424,-0.0331,-0.005002));
#7556=CARTESIAN_POINT('',(-0.1424,-0.1424,-1.99999999999853E-6));
#7557=CARTESIAN_POINT('',(-0.1324,-2.77555756156289E-17,0.02));
#7558=CARTESIAN_POINT('',(-0.1324,0.,0.02));
#7559=CARTESIAN_POINT('',(-0.1524,0.,0.02));
#7560=CARTESIAN_POINT('',(-0.1524,-0.1504,0.02));
#7561=CARTESIAN_POINT('',(-0.1524,0.,0.02));
#7562=CARTESIAN_POINT('',(-4.16333634234433E-17,0.,0.01));
#7563=CARTESIAN_POINT('',(-0.1504,-0.1504,0.02));
#7564=CARTESIAN_POINT('',(0.,0.,0.));
#7565=CARTESIAN_POINT('',(0.,0.,0.));
#7566=CARTESIAN_POINT('',(0.0993,0.1424,0.));
#7567=CARTESIAN_POINT('',(0.1014,0.1424,0.));
#7568=CARTESIAN_POINT('',(0.0331,0.1424,0.));
#7569=CARTESIAN_POINT('',(0.0352,0.1424,0.));
#7570=CARTESIAN_POINT('',(8.32667268468867E-17,0.1524,0.));
#7571=CARTESIAN_POINT('',(0.1504,0.1524,0.));
#7572=CARTESIAN_POINT('',(5.55111512312578E-17,0.1524,0.));
#7573=CARTESIAN_POINT('',(0.1504,0.1504,0.));
#7574=CARTESIAN_POINT('',(0.1524,0.1504,0.));
#7575=CARTESIAN_POINT('',(0.1524,-2.77555756156289E-17,0.));
#7576=CARTESIAN_POINT('',(0.1524,0.,0.));
#7577=CARTESIAN_POINT('',(0.,0.,0.));
#7578=CARTESIAN_POINT('',(0.1324,0.,0.));
#7579=CARTESIAN_POINT('',(0.1324,-2.77555756156289E-17,0.));
#7580=CARTESIAN_POINT('',(0.1324,0.1324,0.));
#7581=CARTESIAN_POINT('',(5.55111512312578E-17,0.1324,0.));
#7582=CARTESIAN_POINT('',(4.82262232481531E-17,0.1324,0.));
#7583=CARTESIAN_POINT('',(-2.02197369489474E-32,7.36496637552013E-48,0.));
#7584=CARTESIAN_POINT('',(0.1424,0.0331,0.));
#7585=CARTESIAN_POINT('',(0.1445,0.0331,0.));
#7586=CARTESIAN_POINT('',(0.1424,0.0993,0.));
#7587=CARTESIAN_POINT('',(0.1445,0.0993,0.));
#7588=CARTESIAN_POINT('',(0.1424,0.1424,0.));
#7589=CARTESIAN_POINT('',(0.145,0.1424,0.));
#7590=CARTESIAN_POINT('',(0.,0.,0.02));
#7591=CARTESIAN_POINT('',(0.1524,-2.77555756156289E-17,0.02));
#7592=CARTESIAN_POINT('',(0.1524,0.1504,0.02));
#7593=CARTESIAN_POINT('',(0.1524,0.,0.02));
#7594=CARTESIAN_POINT('',(0.1504,0.1504,0.02));
#7595=CARTESIAN_POINT('',(0.1504,0.1524,0.02));
#7596=CARTESIAN_POINT('',(8.32667268468867E-17,0.1524,0.02));
#7597=CARTESIAN_POINT('',(5.55111512312578E-17,0.1524,0.02));
#7598=CARTESIAN_POINT('',(-2.02197369489474E-32,7.36496637552013E-48,0.02));
#7599=CARTESIAN_POINT('',(4.82262232481531E-17,0.1324,0.02));
#7600=CARTESIAN_POINT('',(5.55111512312578E-17,0.1324,0.02));
#7601=CARTESIAN_POINT('',(0.1324,0.1324,0.02));
#7602=CARTESIAN_POINT('',(0.1324,-2.77555756156289E-17,0.02));
#7603=CARTESIAN_POINT('',(0.1324,0.,0.02));
#7604=CARTESIAN_POINT('',(0.,0.,0.02));
#7605=CARTESIAN_POINT('',(0.0331,0.1424,0.02));
#7606=CARTESIAN_POINT('',(0.0352,0.1424,0.02));
#7607=CARTESIAN_POINT('',(0.0993,0.1424,0.02));
#7608=CARTESIAN_POINT('',(0.1014,0.1424,0.02));
#7609=CARTESIAN_POINT('',(0.1424,0.0331,0.02));
#7610=CARTESIAN_POINT('',(0.1445,0.0331,0.02));
#7611=CARTESIAN_POINT('',(0.1424,0.0993,0.02));
#7612=CARTESIAN_POINT('',(0.1445,0.0993,0.02));
#7613=CARTESIAN_POINT('',(0.1424,0.1424,0.02));
#7614=CARTESIAN_POINT('',(0.145,0.1424,0.02));
#7615=CARTESIAN_POINT('',(0.0993,0.1424,-0.005002));
#7616=CARTESIAN_POINT('',(0.0331,0.1424,-0.005002));
#7617=CARTESIAN_POINT('',(8.32667268468867E-17,0.1524,0.02));
#7618=CARTESIAN_POINT('',(0.1504,0.1524,0.));
#7619=CARTESIAN_POINT('',(5.55111512312578E-17,0.1524,0.02));
#7620=CARTESIAN_POINT('',(5.55111512312578E-17,0.1324,0.02));
#7621=CARTESIAN_POINT('',(4.82262232481531E-17,0.1324,0.02));
#7622=CARTESIAN_POINT('',(0.1324,0.1324,0.02));
#7623=CARTESIAN_POINT('',(0.,5.55111512312578E-17,0.01));
#7624=CARTESIAN_POINT('',(0.1324,-2.77555756156289E-17,0.02));
#7625=CARTESIAN_POINT('',(0.1324,0.,0.02));
#7626=CARTESIAN_POINT('',(-4.16333634234433E-17,0.,0.01));
#7627=CARTESIAN_POINT('',(0.1524,0.,0.02));
#7628=CARTESIAN_POINT('',(0.1424,0.1424,-1.99999999999853E-6));
#7629=CARTESIAN_POINT('',(0.1424,0.0993,-0.005002));
#7630=CARTESIAN_POINT('',(0.1424,0.0331,-0.005002));
#7631=CARTESIAN_POINT('',(0.1524,-2.77555756156289E-17,0.02));
#7632=CARTESIAN_POINT('',(0.1524,0.1504,0.02));
#7633=CARTESIAN_POINT('',(0.1504,0.1504,0.02));
#7634=CARTESIAN_POINT('',(0.,0.,0.));
#7635=CARTESIAN_POINT('',(0.1324,-2.77555756156289E-17,0.02));
#7636=CARTESIAN_POINT('',(0.1324,-0.1324,0.02));
#7637=CARTESIAN_POINT('',(0.1324,-0.1324,0.02));
#7638=CARTESIAN_POINT('',(0.1324,-0.1324,0.));
#7639=CARTESIAN_POINT('',(0.1324,-2.77555756156289E-17,0.02));
#7640=CARTESIAN_POINT('',(0.1324,0.,0.02));
#7641=CARTESIAN_POINT('',(0.1324,0.,0.02));
#7642=CARTESIAN_POINT('',(0.1324,0.,0.));
#7643=CARTESIAN_POINT('',(0.1324,-2.77555756156289E-17,0.));
#7644=CARTESIAN_POINT('',(0.1524,-2.77555756156289E-17,0.02));
#7645=CARTESIAN_POINT('',(0.1524,-2.77555756156289E-17,0.02));
#7646=CARTESIAN_POINT('',(0.1524,0.,0.02));
#7647=CARTESIAN_POINT('',(0.1524,-0.1504,0.02));
#7648=CARTESIAN_POINT('',(0.1524,-0.1504,0.02));
#7649=CARTESIAN_POINT('',(0.1524,-0.1504,0.));
#7650=CARTESIAN_POINT('',(0.1524,-2.77555756156289E-17,0.));
#7651=CARTESIAN_POINT('',(0.1524,0.,0.));
#7652=CARTESIAN_POINT('',(0.1524,0.,0.02));
#7653=CARTESIAN_POINT('',(0.1424,-0.1424,-1.99999999999853E-6));
#7654=CARTESIAN_POINT('',(0.1424,-0.1424,0.));
#7655=CARTESIAN_POINT('',(0.145,-0.1424,0.));
#7656=CARTESIAN_POINT('',(0.1424,-0.1424,0.02));
#7657=CARTESIAN_POINT('',(0.145,-0.1424,0.02));
#7658=CARTESIAN_POINT('',(0.1424,-0.0331,-0.005002));
#7659=CARTESIAN_POINT('',(0.1424,-0.0331,0.02));
#7660=CARTESIAN_POINT('',(0.1445,-0.0331,0.02));
#7661=CARTESIAN_POINT('',(0.1424,-0.0331,0.));
#7662=CARTESIAN_POINT('',(0.1445,-0.0331,0.));
#7663=CARTESIAN_POINT('',(0.1424,-0.0993,-0.005002));
#7664=CARTESIAN_POINT('',(0.1424,-0.0993,0.02));
#7665=CARTESIAN_POINT('',(0.1445,-0.0993,0.02));
#7666=CARTESIAN_POINT('',(0.1424,-0.0993,0.));
#7667=CARTESIAN_POINT('',(0.1445,-0.0993,0.));
#7668=CARTESIAN_POINT('',(0.,0.,0.));
#7669=CARTESIAN_POINT('',(0.1504,-0.1504,0.));
#7670=CARTESIAN_POINT('',(0.1504,-0.1524,0.));
#7671=CARTESIAN_POINT('',(-2.77555756156289E-17,-0.1524,0.));
#7672=CARTESIAN_POINT('',(-5.55111512312578E-17,-0.1524,0.));
#7673=CARTESIAN_POINT('',(-2.02197369489474E-32,7.36496637552013E-48,0.));
#7674=CARTESIAN_POINT('',(-4.82262232481531E-17,-0.1324,0.));
#7675=CARTESIAN_POINT('',(0.,-0.1324,0.));
#7676=CARTESIAN_POINT('',(0.,0.,0.));
#7677=CARTESIAN_POINT('',(0.0993,-0.1424,0.));
#7678=CARTESIAN_POINT('',(0.1014,-0.1424,0.));
#7679=CARTESIAN_POINT('',(0.0331,-0.1424,0.));
#7680=CARTESIAN_POINT('',(0.0352,-0.1424,0.));
#7681=CARTESIAN_POINT('',(0.,0.,0.02));
#7682=CARTESIAN_POINT('',(-2.77555756156289E-17,-0.1524,0.02));
#7683=CARTESIAN_POINT('',(0.1504,-0.1524,0.02));
#7684=CARTESIAN_POINT('',(-5.55111512312578E-17,-0.1524,0.02));
#7685=CARTESIAN_POINT('',(0.1504,-0.1504,0.02));
#7686=CARTESIAN_POINT('',(0.,0.,0.02));
#7687=CARTESIAN_POINT('',(0.,-0.1324,0.02));
#7688=CARTESIAN_POINT('',(-4.82262232481531E-17,-0.1324,0.02));
#7689=CARTESIAN_POINT('',(-2.02197369489474E-32,7.36496637552013E-48,0.02));
#7690=CARTESIAN_POINT('',(0.0993,-0.1424,0.02));
#7691=CARTESIAN_POINT('',(0.1014,-0.1424,0.02));
#7692=CARTESIAN_POINT('',(0.0331,-0.1424,0.02));
#7693=CARTESIAN_POINT('',(0.0352,-0.1424,0.02));
#7694=CARTESIAN_POINT('',(-2.77555756156289E-17,-0.1524,0.02));
#7695=CARTESIAN_POINT('',(0.1504,-0.1524,0.02));
#7696=CARTESIAN_POINT('',(-5.55111512312578E-17,-0.1524,0.02));
#7697=CARTESIAN_POINT('',(-4.16333634234433E-17,0.,0.01));
#7698=CARTESIAN_POINT('',(0.0331,-0.1424,-0.005002));
#7699=CARTESIAN_POINT('',(0.0993,-0.1424,-0.005002));
#7700=CARTESIAN_POINT('',(0.,-0.1324,0.02));
#7701=CARTESIAN_POINT('',(-4.82262232481531E-17,-0.1324,0.02));
#7702=CARTESIAN_POINT('',(0.,5.55111512312578E-17,0.01));
#7703=CARTESIAN_POINT('',(0.1504,-0.1504,0.02));
#7704=CARTESIAN_POINT('',(0.,0.,0.));
#7705=CARTESIAN_POINT('',(0.,0.,0.02));
#7706=CARTESIAN_POINT('',(-0.1424,0.1424,0.02));
#7707=CARTESIAN_POINT('',(-0.1398,0.1424,0.02));
#7708=CARTESIAN_POINT('',(-0.1424,0.0331,0.02));
#7709=CARTESIAN_POINT('',(-0.1403,0.0331,0.02));
#7710=CARTESIAN_POINT('',(-0.1424,0.0993,0.02));
#7711=CARTESIAN_POINT('',(-0.1403,0.0993,0.02));
#7712=CARTESIAN_POINT('',(8.32667268468867E-17,0.1524,0.02));
#7713=CARTESIAN_POINT('',(5.55111512312578E-17,0.1524,0.02));
#7714=CARTESIAN_POINT('',(-0.1504,0.1524,0.02));
#7715=CARTESIAN_POINT('',(-0.1504,0.1504,0.02));
#7716=CARTESIAN_POINT('',(-0.1524,0.1504,0.02));
#7717=CARTESIAN_POINT('',(-0.1524,0.,0.02));
#7718=CARTESIAN_POINT('',(-0.1524,0.,0.02));
#7719=CARTESIAN_POINT('',(0.,0.,0.02));
#7720=CARTESIAN_POINT('',(-0.1324,0.,0.02));
#7721=CARTESIAN_POINT('',(-0.1324,2.77555756156289E-17,0.02));
#7722=CARTESIAN_POINT('',(-0.1324,0.1324,0.02));
#7723=CARTESIAN_POINT('',(5.55111512312578E-17,0.1324,0.02));
#7724=CARTESIAN_POINT('',(4.82262232481531E-17,0.1324,0.02));
#7725=CARTESIAN_POINT('',(-2.02197369489474E-32,7.36496637552013E-48,0.02));
#7726=CARTESIAN_POINT('',(-0.0993,0.1424,0.02));
#7727=CARTESIAN_POINT('',(-0.0972,0.1424,0.02));
#7728=CARTESIAN_POINT('',(-0.0331,0.1424,0.02));
#7729=CARTESIAN_POINT('',(-0.031,0.1424,0.02));
#7730=CARTESIAN_POINT('',(0.,0.,0.));
#7731=CARTESIAN_POINT('',(-0.1424,0.1424,0.));
#7732=CARTESIAN_POINT('',(-0.1398,0.1424,0.));
#7733=CARTESIAN_POINT('',(-0.1424,0.0993,0.));
#7734=CARTESIAN_POINT('',(-0.1403,0.0993,0.));
#7735=CARTESIAN_POINT('',(-0.1424,0.0331,0.));
#7736=CARTESIAN_POINT('',(-0.1403,0.0331,0.));
#7737=CARTESIAN_POINT('',(-0.1524,0.,0.));
#7738=CARTESIAN_POINT('',(-0.1524,0.1504,0.));
#7739=CARTESIAN_POINT('',(-0.1524,0.,0.));
#7740=CARTESIAN_POINT('',(-0.1504,0.1504,0.));
#7741=CARTESIAN_POINT('',(-0.1504,0.1524,0.));
#7742=CARTESIAN_POINT('',(8.32667268468867E-17,0.1524,0.));
#7743=CARTESIAN_POINT('',(5.55111512312578E-17,0.1524,0.));
#7744=CARTESIAN_POINT('',(-2.02197369489474E-32,7.36496637552013E-48,0.));
#7745=CARTESIAN_POINT('',(4.82262232481531E-17,0.1324,0.));
#7746=CARTESIAN_POINT('',(5.55111512312578E-17,0.1324,0.));
#7747=CARTESIAN_POINT('',(-0.1324,0.1324,0.));
#7748=CARTESIAN_POINT('',(-0.1324,-2.77555756156289E-17,0.));
#7749=CARTESIAN_POINT('',(-0.1324,0.,0.));
#7750=CARTESIAN_POINT('',(0.,0.,0.));
#7751=CARTESIAN_POINT('',(-0.0331,0.1424,0.));
#7752=CARTESIAN_POINT('',(-0.031,0.1424,0.));
#7753=CARTESIAN_POINT('',(-0.0993,0.1424,0.));
#7754=CARTESIAN_POINT('',(-0.0972,0.1424,0.));
#7755=CARTESIAN_POINT('',(-0.1324,-2.77555756156289E-17,0.02));
#7756=CARTESIAN_POINT('',(-0.1324,0.1324,0.02));
#7757=CARTESIAN_POINT('',(-0.1324,0.,0.02));
#7758=CARTESIAN_POINT('',(-0.1524,0.,0.02));
#7759=CARTESIAN_POINT('',(-0.1524,0.1504,0.02));
#7760=CARTESIAN_POINT('',(-0.1524,0.,0.02));
#7761=CARTESIAN_POINT('',(8.32667268468867E-17,0.1524,0.02));
#7762=CARTESIAN_POINT('',(-0.1504,0.1524,0.02));
#7763=CARTESIAN_POINT('',(5.55111512312578E-17,0.1524,0.02));
#7764=CARTESIAN_POINT('',(-0.1424,0.0331,-0.005002));
#7765=CARTESIAN_POINT('',(-0.1424,0.0993,-0.005002));
#7766=CARTESIAN_POINT('',(-0.1424,0.1424,-1.99999999999853E-6));
#7767=CARTESIAN_POINT('',(-4.16333634234433E-17,0.,0.01));
#7768=CARTESIAN_POINT('',(0.,5.55111512312578E-17,0.01));
#7769=CARTESIAN_POINT('',(4.82262232481531E-17,0.1324,0.02));
#7770=CARTESIAN_POINT('',(-0.0331,0.1424,-0.005002));
#7771=CARTESIAN_POINT('',(-0.0993,0.1424,-0.005002));
#7772=CARTESIAN_POINT('',(5.55111512312578E-17,0.1324,0.02));
#7773=CARTESIAN_POINT('',(-0.1504,0.1504,0.02));
#7774=CARTESIAN_POINT('',(0.,0.,0.));
#7775=CARTESIAN_POINT('',(0.,0.,0.02));
#7776=CARTESIAN_POINT('',(0.0993,-0.1424,0.02));
#7777=CARTESIAN_POINT('',(0.1014,-0.1424,0.02));
#7778=CARTESIAN_POINT('',(0.1424,-0.1424,0.02));
#7779=CARTESIAN_POINT('',(0.1445,-0.1424,0.02));
#7780=CARTESIAN_POINT('',(0.1424,-0.0993,0.02));
#7781=CARTESIAN_POINT('',(0.1445,-0.0993,0.02));
#7782=CARTESIAN_POINT('',(0.1424,-0.0331,0.02));
#7783=CARTESIAN_POINT('',(0.1445,-0.0331,0.02));
#7784=CARTESIAN_POINT('',(-0.0331,0.1424,0.02));
#7785=CARTESIAN_POINT('',(-0.031,0.1424,0.02));
#7786=CARTESIAN_POINT('',(-0.0993,0.1424,0.02));
#7787=CARTESIAN_POINT('',(-0.0972,0.1424,0.02));
#7788=CARTESIAN_POINT('',(-0.1424,0.1424,0.02));
#7789=CARTESIAN_POINT('',(-0.1403,0.1424,0.02));
#7790=CARTESIAN_POINT('',(-0.1424,0.0993,0.02));
#7791=CARTESIAN_POINT('',(-0.1403,0.0993,0.02));
#7792=CARTESIAN_POINT('',(-0.1424,0.0331,0.02));
#7793=CARTESIAN_POINT('',(-0.1403,0.0331,0.02));
#7794=CARTESIAN_POINT('',(0.0331,-0.1424,0.02));
#7795=CARTESIAN_POINT('',(0.0352,-0.1424,0.02));
#7796=CARTESIAN_POINT('',(-0.0457080623373857,-0.0368091257577205,0.02));
#7797=CARTESIAN_POINT('',(-0.085713457153971,0.012867932375742,0.02));
#7798=CARTESIAN_POINT('',(-0.0813229647884551,0.00741599906834127,0.02));
#7799=CARTESIAN_POINT('',(-0.08805,0.0109862927905209,0.02));
#7800=CARTESIAN_POINT('',(-0.0903865428460288,0.00910465320529978,0.02));
#7801=CARTESIAN_POINT('',(-0.0503811480294434,-0.0405724049281627,0.02));
#7802=CARTESIAN_POINT('',(-0.0859960504805128,0.00365271989789899,0.02));
#7803=CARTESIAN_POINT('',(-0.083659507634484,0.00553435948312013,0.02));
#7804=CARTESIAN_POINT('',(-4.99999999999329E-5,4.99999999999808E-5,0.02));
#7805=CARTESIAN_POINT('',(0.00345000000000007,4.99999999999808E-5,0.02));
#7806=CARTESIAN_POINT('',(0.0146929327076437,0.0127377850213287,0.02));
#7807=CARTESIAN_POINT('',(0.106268548826367,-0.0928939526034176,0.02));
#7808=CARTESIAN_POINT('',(0.101683231326205,-0.0876048256978961,0.02));
#7809=CARTESIAN_POINT('',(0.108535317500162,-0.0909288165319197,0.02));
#7810=CARTESIAN_POINT('',(0.110802086173957,-0.0889636804604218,0.02));
#7811=CARTESIAN_POINT('',(0.0192264700552333,0.0166680571643243,0.02));
#7812=CARTESIAN_POINT('',(0.106216768673795,-0.0836745535549004,0.02));
#7813=CARTESIAN_POINT('',(0.10395,-0.0856396896263983,0.02));
#7814=CARTESIAN_POINT('',(-4.99999999999273E-5,-0.09595,0.02));
#7815=CARTESIAN_POINT('',(0.00345000000000007,-0.09595,0.02));
#7816=CARTESIAN_POINT('',(0.00118827378691544,0.000956927881438498,0.02));
#7817=CARTESIAN_POINT('',(-0.085713457153971,0.108867932375742,0.02));
#7818=CARTESIAN_POINT('',(-0.0813229647884551,0.103415999068341,0.02));
#7819=CARTESIAN_POINT('',(-0.08805,0.106986292790521,0.02));
#7820=CARTESIAN_POINT('',(-0.0903865428460288,0.1051046532053,0.02));
#7821=CARTESIAN_POINT('',(-0.00348481190514235,-0.00280635128900375,0.02));
#7822=CARTESIAN_POINT('',(-0.0859960504805128,0.099652719897899,0.02));
#7823=CARTESIAN_POINT('',(-0.083659507634484,0.10153435948312,0.02));
#7824=CARTESIAN_POINT('',(-4.9999999999939E-5,0.09605,0.02));
#7825=CARTESIAN_POINT('',(0.00345000000000006,0.09605,0.02));
#7826=CARTESIAN_POINT('',(0.109722455622113,0.0951219936507072,0.02));
#7827=CARTESIAN_POINT('',(0.106268548826367,0.0991060473965824,0.02));
#7828=CARTESIAN_POINT('',(0.101683231326205,0.104395174302104,0.02));
#7829=CARTESIAN_POINT('',(0.108535317500162,0.10107118346808,0.02));
#7830=CARTESIAN_POINT('',(0.110802086173957,0.103036319539578,0.02));
#7831=CARTESIAN_POINT('',(0.114255992969703,0.0990522657937031,0.02));
#7832=CARTESIAN_POINT('',(0.106216768673795,0.1083254464451,0.02));
#7833=CARTESIAN_POINT('',(0.10395,0.106360310373602,0.02));
#7834=CARTESIAN_POINT('',(0.0622076941648785,0.053929889336018,0.02));
#7835=CARTESIAN_POINT('',(0.106268548826367,0.00310604739658243,0.02));
#7836=CARTESIAN_POINT('',(0.101683231326205,0.00839517430210385,0.02));
#7837=CARTESIAN_POINT('',(0.108535317500162,0.0050711834680803,0.02));
#7838=CARTESIAN_POINT('',(0.110802086173957,0.00703631953957818,0.02));
#7839=CARTESIAN_POINT('',(0.0667412315124684,0.0578601614790138,0.02));
#7840=CARTESIAN_POINT('',(0.106216768673795,0.0123254464450996,0.02));
#7841=CARTESIAN_POINT('',(0.10395,0.0103603103736017,0.02));
#7842=CARTESIAN_POINT('',(0.09595,4.99999999999808E-5,0.02));
#7843=CARTESIAN_POINT('',(0.09945,4.99999999999808E-5,0.02));
#7844=CARTESIAN_POINT('',(-0.1524,0.,0.02));
#7845=CARTESIAN_POINT('',(-0.1524,0.1504,0.02));
#7846=CARTESIAN_POINT('',(-0.1524,-0.1504,0.02));
#7847=CARTESIAN_POINT('',(-0.1504,0.1504,0.02));
#7848=CARTESIAN_POINT('',(-0.1504,0.1524,0.02));
#7849=CARTESIAN_POINT('',(8.32667268468867E-17,0.1524,0.02));
#7850=CARTESIAN_POINT('',(0.1504,0.1524,0.02));
#7851=CARTESIAN_POINT('',(0.1504,0.1504,0.02));
#7852=CARTESIAN_POINT('',(0.1524,0.1504,0.02));
#7853=CARTESIAN_POINT('',(0.1524,-2.77555756156289E-17,0.02));
#7854=CARTESIAN_POINT('',(0.1524,-0.1504,0.02));
#7855=CARTESIAN_POINT('',(0.1504,-0.1504,0.02));
#7856=CARTESIAN_POINT('',(0.1504,-0.1524,0.02));
#7857=CARTESIAN_POINT('',(-2.77555756156289E-17,-0.1524,0.02));
#7858=CARTESIAN_POINT('',(-0.1504,-0.1524,0.02));
#7859=CARTESIAN_POINT('',(-0.1504,-0.1504,0.02));
#7860=CARTESIAN_POINT('',(-0.09605,0.09605,0.02));
#7861=CARTESIAN_POINT('',(-0.09255,0.09605,0.02));
#7862=CARTESIAN_POINT('',(0.09595,-0.09595,0.02));
#7863=CARTESIAN_POINT('',(0.09945,-0.09595,0.02));
#7864=CARTESIAN_POINT('',(0.00795,0.0103603103736018,0.02));
#7865=CARTESIAN_POINT('',(0.00568323132620517,0.00839517430210388,0.02));
#7866=CARTESIAN_POINT('',(0.010216768673795,0.0123254464450996,0.02));
#7867=CARTESIAN_POINT('',(0.0073997984795679,0.00641512787878316,0.02));
#7868=CARTESIAN_POINT('',(0.0102685488263669,0.00310604739658245,0.02));
#7869=CARTESIAN_POINT('',(0.0125353175001618,0.00507118346808032,0.02));
#7870=CARTESIAN_POINT('',(0.0148020861739567,0.00703631953957819,0.02));
#7871=CARTESIAN_POINT('',(0.0119333358271577,0.0103454000217789,0.02));
#7872=CARTESIAN_POINT('',(0.09595,0.09605,0.02));
#7873=CARTESIAN_POINT('',(0.09945,0.09605,0.02));
#7874=CARTESIAN_POINT('',(0.00795,0.106360310373602,0.02));
#7875=CARTESIAN_POINT('',(0.00568323132620515,0.104395174302104,0.02));
#7876=CARTESIAN_POINT('',(0.010216768673795,0.1083254464451,0.02));
#7877=CARTESIAN_POINT('',(0.0549145599368027,0.0476072321934722,0.02));
#7878=CARTESIAN_POINT('',(0.0102685488263669,0.0991060473965824,0.02));
#7879=CARTESIAN_POINT('',(0.0125353175001618,0.10107118346808,0.02));
#7880=CARTESIAN_POINT('',(0.0148020861739567,0.103036319539578,0.02));
#7881=CARTESIAN_POINT('',(0.0594480972843925,0.0515375043364679,0.02));
#7882=CARTESIAN_POINT('',(-0.09605,-0.09595,0.02));
#7883=CARTESIAN_POINT('',(-0.09255,-0.09595,0.02));
#7884=CARTESIAN_POINT('',(0.00795,-0.0856396896263982,0.02));
#7885=CARTESIAN_POINT('',(0.00568323132620518,-0.0876048256978961,0.02));
#7886=CARTESIAN_POINT('',(0.010216768673795,-0.0836745535549004,0.02));
#7887=CARTESIAN_POINT('',(-0.0401149629776669,-0.0347769764359058,0.02));
#7888=CARTESIAN_POINT('',(0.0102685488263669,-0.0928939526034176,0.02));
#7889=CARTESIAN_POINT('',(0.0125353175001618,-0.0909288165319197,0.02));
#7890=CARTESIAN_POINT('',(0.0148020861739567,-0.0889636804604218,0.02));
#7891=CARTESIAN_POINT('',(-0.0355814256300771,-0.0308467042929101,0.02));
#7892=CARTESIAN_POINT('',(-0.09605,4.99999999999808E-5,0.02));
#7893=CARTESIAN_POINT('',(-0.09255,4.99999999999808E-5,0.02));
#7894=CARTESIAN_POINT('',(-0.0926043984616867,-0.0745751793968794,0.02));
#7895=CARTESIAN_POINT('',(-0.085713457153971,-0.083132067624258,0.02));
#7896=CARTESIAN_POINT('',(-0.081322964788455,-0.0885840009316588,0.02));
#7897=CARTESIAN_POINT('',(-0.08805,-0.0850137072094791,0.02));
#7898=CARTESIAN_POINT('',(-0.0903865428460288,-0.0868953467947002,0.02));
#7899=CARTESIAN_POINT('',(-0.0972774841537446,-0.0783384585673215,0.02));
#7900=CARTESIAN_POINT('',(-0.0859960504805128,-0.092347280102101,0.02));
#7901=CARTESIAN_POINT('',(-0.0836595076344839,-0.0904656405168799,0.02));
#7902=CARTESIAN_POINT('',(-0.0331,-0.1424,0.02));
#7903=CARTESIAN_POINT('',(-0.031,-0.1424,0.02));
#7904=CARTESIAN_POINT('',(-0.0993,-0.1424,0.02));
#7905=CARTESIAN_POINT('',(-0.0972,-0.1424,0.02));
#7906=CARTESIAN_POINT('',(-0.1424,-0.1424,0.02));
#7907=CARTESIAN_POINT('',(-0.1403,-0.1424,0.02));
#7908=CARTESIAN_POINT('',(-0.1424,-0.0993,0.02));
#7909=CARTESIAN_POINT('',(-0.1403,-0.0993,0.02));
#7910=CARTESIAN_POINT('',(-0.1424,-0.0331,0.02));
#7911=CARTESIAN_POINT('',(-0.1403,-0.0331,0.02));
#7912=CARTESIAN_POINT('',(0.0331,0.1424,0.02));
#7913=CARTESIAN_POINT('',(0.0352,0.1424,0.02));
#7914=CARTESIAN_POINT('',(0.0993,0.1424,0.02));
#7915=CARTESIAN_POINT('',(0.1014,0.1424,0.02));
#7916=CARTESIAN_POINT('',(0.1424,0.1424,0.02));
#7917=CARTESIAN_POINT('',(0.1445,0.1424,0.02));
#7918=CARTESIAN_POINT('',(0.1424,0.0993,0.02));
#7919=CARTESIAN_POINT('',(0.1445,0.0993,0.02));
#7920=CARTESIAN_POINT('',(0.1424,0.0331,0.02));
#7921=CARTESIAN_POINT('',(0.1445,0.0331,0.02));
#7922=CARTESIAN_POINT('',(0.,0.,0.023175));
#7923=CARTESIAN_POINT('',(0.0993,-0.1424,0.023175));
#7924=CARTESIAN_POINT('',(0.1014,-0.1424,0.023175));
#7925=CARTESIAN_POINT('',(0.1424,-0.1424,0.023175));
#7926=CARTESIAN_POINT('',(0.1445,-0.1424,0.023175));
#7927=CARTESIAN_POINT('',(0.1424,-0.0993,0.023175));
#7928=CARTESIAN_POINT('',(0.1445,-0.0993,0.023175));
#7929=CARTESIAN_POINT('',(0.1424,-0.0331,0.023175));
#7930=CARTESIAN_POINT('',(0.1445,-0.0331,0.023175));
#7931=CARTESIAN_POINT('',(0.1424,0.0993,0.023175));
#7932=CARTESIAN_POINT('',(0.1445,0.0993,0.023175));
#7933=CARTESIAN_POINT('',(0.0993,0.1424,0.023175));
#7934=CARTESIAN_POINT('',(0.1014,0.1424,0.023175));
#7935=CARTESIAN_POINT('',(-0.1424,-0.0331,0.023175));
#7936=CARTESIAN_POINT('',(-0.1403,-0.0331,0.023175));
#7937=CARTESIAN_POINT('',(-0.1424,-0.1424,0.023175));
#7938=CARTESIAN_POINT('',(-0.1403,-0.1424,0.023175));
#7939=CARTESIAN_POINT('',(-0.0331,-0.1424,0.023175));
#7940=CARTESIAN_POINT('',(-0.031,-0.1424,0.023175));
#7941=CARTESIAN_POINT('',(0.0331,-0.1424,0.023175));
#7942=CARTESIAN_POINT('',(0.0352,-0.1424,0.023175));
#7943=CARTESIAN_POINT('',(-4.9999999999939E-5,0.09605,0.023175));
#7944=CARTESIAN_POINT('',(0.0175000000000001,0.09605,0.023175));
#7945=CARTESIAN_POINT('',(0.09595,0.09605,0.023175));
#7946=CARTESIAN_POINT('',(0.1135,0.09605,0.023175));
#7947=CARTESIAN_POINT('',(0.09595,4.99999999999817E-5,0.023175));
#7948=CARTESIAN_POINT('',(0.1135,4.99999999999817E-5,0.023175));
#7949=CARTESIAN_POINT('',(0.09595,-0.09595,0.023175));
#7950=CARTESIAN_POINT('',(0.1135,-0.09595,0.023175));
#7951=CARTESIAN_POINT('',(-4.99999999999147E-5,-0.09595,0.023175));
#7952=CARTESIAN_POINT('',(0.0175000000000001,-0.09595,0.023175));
#7953=CARTESIAN_POINT('',(-4.99999999999286E-5,4.99999999999817E-5,0.023175));
#7954=CARTESIAN_POINT('',(0.0175000000000001,4.99999999999817E-5,0.023175));
#7955=CARTESIAN_POINT('',(-0.09605,4.99999999999817E-5,0.023175));
#7956=CARTESIAN_POINT('',(-0.0785,4.99999999999817E-5,0.023175));
#7957=CARTESIAN_POINT('',(-0.09605,-0.09595,0.023175));
#7958=CARTESIAN_POINT('',(-0.0785,-0.09595,0.023175));
#7959=CARTESIAN_POINT('',(-0.09605,0.09605,0.023175));
#7960=CARTESIAN_POINT('',(-0.0785,0.09605,0.023175));
#7961=CARTESIAN_POINT('',(8.32667268468867E-17,0.1524,0.023175));
#7962=CARTESIAN_POINT('',(0.1504,0.1524,0.023175));
#7963=CARTESIAN_POINT('',(-0.1504,0.1524,0.023175));
#7964=CARTESIAN_POINT('',(-0.1504,0.1504,0.023175));
#7965=CARTESIAN_POINT('',(-0.1524,0.1504,0.023175));
#7966=CARTESIAN_POINT('',(-0.1524,0.,0.023175));
#7967=CARTESIAN_POINT('',(-0.1524,-0.1504,0.023175));
#7968=CARTESIAN_POINT('',(-0.1504,-0.1504,0.023175));
#7969=CARTESIAN_POINT('',(-0.1504,-0.1524,0.023175));
#7970=CARTESIAN_POINT('',(-2.77555756156289E-17,-0.1524,0.023175));
#7971=CARTESIAN_POINT('',(0.1504,-0.1524,0.023175));
#7972=CARTESIAN_POINT('',(0.1504,-0.1504,0.023175));
#7973=CARTESIAN_POINT('',(0.1524,-0.1504,0.023175));
#7974=CARTESIAN_POINT('',(0.1524,-2.77555756156289E-17,0.023175));
#7975=CARTESIAN_POINT('',(0.1524,0.1504,0.023175));
#7976=CARTESIAN_POINT('',(0.1504,0.1504,0.023175));
#7977=CARTESIAN_POINT('',(-0.0993,-0.1424,0.023175));
#7978=CARTESIAN_POINT('',(-0.0972,-0.1424,0.023175));
#7979=CARTESIAN_POINT('',(-0.1424,-0.0993,0.023175));
#7980=CARTESIAN_POINT('',(-0.1403,-0.0993,0.023175));
#7981=CARTESIAN_POINT('',(-0.1424,0.0331,0.023175));
#7982=CARTESIAN_POINT('',(-0.1403,0.0331,0.023175));
#7983=CARTESIAN_POINT('',(-0.1424,0.0993,0.023175));
#7984=CARTESIAN_POINT('',(-0.1403,0.0993,0.023175));
#7985=CARTESIAN_POINT('',(-0.1424,0.1424,0.023175));
#7986=CARTESIAN_POINT('',(-0.1403,0.1424,0.023175));
#7987=CARTESIAN_POINT('',(-0.0993,0.1424,0.023175));
#7988=CARTESIAN_POINT('',(-0.0972,0.1424,0.023175));
#7989=CARTESIAN_POINT('',(-0.0331,0.1424,0.023175));
#7990=CARTESIAN_POINT('',(-0.031,0.1424,0.023175));
#7991=CARTESIAN_POINT('',(0.0331,0.1424,0.023175));
#7992=CARTESIAN_POINT('',(0.0352,0.1424,0.023175));
#7993=CARTESIAN_POINT('',(0.1424,0.1424,0.023175));
#7994=CARTESIAN_POINT('',(0.1445,0.1424,0.023175));
#7995=CARTESIAN_POINT('',(0.1424,0.0331,0.023175));
#7996=CARTESIAN_POINT('',(0.1445,0.0331,0.023175));
#7997=CARTESIAN_POINT('',(0.1524,-2.77555756156289E-17,0.023175));
#7998=CARTESIAN_POINT('',(0.1524,-0.1504,0.023175));
#7999=CARTESIAN_POINT('',(0.1524,0.1504,0.023175));
#8000=CARTESIAN_POINT('',(8.32667268468867E-17,0.1524,0.023175));
#8001=CARTESIAN_POINT('',(-0.1504,0.1524,0.023175));
#8002=CARTESIAN_POINT('',(0.1504,0.1524,0.02));
#8003=CARTESIAN_POINT('',(-0.1524,0.,0.023175));
#8004=CARTESIAN_POINT('',(-0.1524,0.1504,0.023175));
#8005=CARTESIAN_POINT('',(-0.1524,-0.1504,0.023175));
#8006=CARTESIAN_POINT('',(-2.77555756156289E-17,-0.1524,0.023175));
#8007=CARTESIAN_POINT('',(-0.1504,-0.1524,0.02));
#8008=CARTESIAN_POINT('',(0.1504,-0.1524,0.023175));
#8009=CARTESIAN_POINT('',(-0.09605,0.09605,0.022175));
#8010=CARTESIAN_POINT('',(-0.09605,0.09605,0.022175));
#8011=CARTESIAN_POINT('',(-0.0785,0.09605,0.022175));
#8012=CARTESIAN_POINT('',(0.,0.,0.022175));
#8013=CARTESIAN_POINT('',(-0.08805,0.106986292790521,0.022175));
#8014=CARTESIAN_POINT('',(-0.085713457153971,0.108867932375742,0.022175));
#8015=CARTESIAN_POINT('',(-0.0903865428460288,0.1051046532053,0.022175));
#8016=CARTESIAN_POINT('',(-0.0835182109712131,0.106141965722042,0.022175));
#8017=CARTESIAN_POINT('',(-0.0813229647884551,0.103415999068341,0.022175));
#8018=CARTESIAN_POINT('',(-0.083659507634484,0.10153435948312,0.022175));
#8019=CARTESIAN_POINT('',(-0.0859960504805129,0.099652719897899,0.022175));
#8020=CARTESIAN_POINT('',(-0.0881912966632708,0.102378686551599,0.022175));
#8021=CARTESIAN_POINT('',(-0.09605,0.09605,0.022175));
#8022=CARTESIAN_POINT('',(-0.09255,0.09605,0.022175));
#8023=CARTESIAN_POINT('',(-0.09605,-0.09595,0.022175));
#8024=CARTESIAN_POINT('',(-0.09605,-0.09595,0.022175));
#8025=CARTESIAN_POINT('',(-0.0785,-0.09595,0.022175));
#8026=CARTESIAN_POINT('',(0.,0.,0.022175));
#8027=CARTESIAN_POINT('',(-0.08805,-0.0850137072094791,0.022175));
#8028=CARTESIAN_POINT('',(-0.085713457153971,-0.083132067624258,0.022175));
#8029=CARTESIAN_POINT('',(-0.0903865428460288,-0.0868953467947002,0.022175));
#8030=CARTESIAN_POINT('',(-0.083518210971213,-0.0858580342779584,0.022175));
#8031=CARTESIAN_POINT('',(-0.081322964788455,-0.0885840009316588,0.022175));
#8032=CARTESIAN_POINT('',(-0.0836595076344839,-0.0904656405168799,0.022175));
#8033=CARTESIAN_POINT('',(-0.0859960504805128,-0.092347280102101,0.022175));
#8034=CARTESIAN_POINT('',(-0.0881912966632708,-0.0896213134484006,0.022175));
#8035=CARTESIAN_POINT('',(-0.09605,-0.09595,0.022175));
#8036=CARTESIAN_POINT('',(-0.09255,-0.09595,0.022175));
#8037=CARTESIAN_POINT('',(-0.09605,4.99999999999817E-5,0.022175));
#8038=CARTESIAN_POINT('',(-0.09605,4.99999999999817E-5,0.022175));
#8039=CARTESIAN_POINT('',(-0.0785,4.99999999999817E-5,0.022175));
#8040=CARTESIAN_POINT('',(0.,0.,0.022175));
#8041=CARTESIAN_POINT('',(-0.08805,0.0109862927905209,0.022175));
#8042=CARTESIAN_POINT('',(-0.085713457153971,0.012867932375742,0.022175));
#8043=CARTESIAN_POINT('',(-0.0903865428460288,0.00910465320529978,0.022175));
#8044=CARTESIAN_POINT('',(-0.083518210971213,0.0101419657220416,0.022175));
#8045=CARTESIAN_POINT('',(-0.0813229647884551,0.00741599906834127,0.022175));
#8046=CARTESIAN_POINT('',(-0.083659507634484,0.00553435948312013,0.022175));
#8047=CARTESIAN_POINT('',(-0.0859960504805128,0.00365271989789899,0.022175));
#8048=CARTESIAN_POINT('',(-0.0881912966632708,0.00637868655159939,0.022175));
#8049=CARTESIAN_POINT('',(-0.09605,4.99999999999808E-5,0.022175));
#8050=CARTESIAN_POINT('',(-0.09255,4.99999999999808E-5,0.022175));
#8051=CARTESIAN_POINT('',(-4.99999999999286E-5,4.99999999999817E-5,0.022175));
#8052=CARTESIAN_POINT('',(-4.99999999999286E-5,4.99999999999817E-5,0.022175));
#8053=CARTESIAN_POINT('',(0.0175000000000001,4.99999999999817E-5,0.022175));
#8054=CARTESIAN_POINT('',(0.,0.,0.022175));
#8055=CARTESIAN_POINT('',(0.00795,0.0103603103736018,0.022175));
#8056=CARTESIAN_POINT('',(0.00568323132620517,0.00839517430210388,0.022175));
#8057=CARTESIAN_POINT('',(0.010216768673795,0.0123254464450996,0.022175));
#8058=CARTESIAN_POINT('',(0.0125094274238758,0.00968088299233892,0.022175));
#8059=CARTESIAN_POINT('',(0.0148020861739567,0.00703631953957819,0.022175));
#8060=CARTESIAN_POINT('',(0.0125353175001618,0.00507118346808032,0.022175));
#8061=CARTESIAN_POINT('',(0.0102685488263669,0.00310604739658245,0.022175));
#8062=CARTESIAN_POINT('',(0.00797589007628603,0.00575061084934317,0.022175));
#8063=CARTESIAN_POINT('',(-4.99999999999329E-5,4.99999999999808E-5,0.022175));
#8064=CARTESIAN_POINT('',(0.00345000000000007,4.99999999999808E-5,0.022175));
#8065=CARTESIAN_POINT('',(-4.99999999999147E-5,-0.09595,0.022175));
#8066=CARTESIAN_POINT('',(-4.99999999999147E-5,-0.09595,0.022175));
#8067=CARTESIAN_POINT('',(0.0175000000000001,-0.09595,0.022175));
#8068=CARTESIAN_POINT('',(0.,0.,0.022175));
#8069=CARTESIAN_POINT('',(0.00795,-0.0856396896263982,0.022175));
#8070=CARTESIAN_POINT('',(0.00568323132620518,-0.0876048256978961,0.022175));
#8071=CARTESIAN_POINT('',(0.010216768673795,-0.0836745535549004,0.022175));
#8072=CARTESIAN_POINT('',(0.0125094274238759,-0.0863191170076611,0.022175));
#8073=CARTESIAN_POINT('',(0.0148020861739567,-0.0889636804604218,0.022175));
#8074=CARTESIAN_POINT('',(0.0125353175001618,-0.0909288165319197,0.022175));
#8075=CARTESIAN_POINT('',(0.0102685488263669,-0.0928939526034176,0.022175));
#8076=CARTESIAN_POINT('',(0.00797589007628605,-0.0902493891506568,0.022175));
#8077=CARTESIAN_POINT('',(-4.99999999999273E-5,-0.09595,0.022175));
#8078=CARTESIAN_POINT('',(0.00345000000000007,-0.09595,0.022175));
#8079=CARTESIAN_POINT('',(0.09595,-0.09595,0.022175));
#8080=CARTESIAN_POINT('',(0.09595,-0.09595,0.022175));
#8081=CARTESIAN_POINT('',(0.1135,-0.09595,0.022175));
#8082=CARTESIAN_POINT('',(0.,0.,0.022175));
#8083=CARTESIAN_POINT('',(0.108509427423876,-0.0863191170076611,0.022175));
#8084=CARTESIAN_POINT('',(0.110802086173957,-0.0889636804604218,0.022175));
#8085=CARTESIAN_POINT('',(0.106216768673795,-0.0836745535549004,0.022175));
#8086=CARTESIAN_POINT('',(0.108535317500162,-0.0909288165319197,0.022175));
#8087=CARTESIAN_POINT('',(0.106268548826367,-0.0928939526034176,0.022175));
#8088=CARTESIAN_POINT('',(0.103975890076286,-0.0902493891506569,0.022175));
#8089=CARTESIAN_POINT('',(0.101683231326205,-0.0876048256978961,0.022175));
#8090=CARTESIAN_POINT('',(0.10395,-0.0856396896263983,0.022175));
#8091=CARTESIAN_POINT('',(0.09595,-0.09595,0.022175));
#8092=CARTESIAN_POINT('',(0.09945,-0.09595,0.022175));
#8093=CARTESIAN_POINT('',(0.09595,4.99999999999817E-5,0.022175));
#8094=CARTESIAN_POINT('',(0.09595,4.99999999999817E-5,0.022175));
#8095=CARTESIAN_POINT('',(0.1135,4.99999999999817E-5,0.022175));
#8096=CARTESIAN_POINT('',(0.,0.,0.022175));
#8097=CARTESIAN_POINT('',(0.108509427423876,0.0096808829923389,0.022175));
#8098=CARTESIAN_POINT('',(0.110802086173957,0.00703631953957818,0.022175));
#8099=CARTESIAN_POINT('',(0.106216768673795,0.0123254464450996,0.022175));
#8100=CARTESIAN_POINT('',(0.108535317500162,0.0050711834680803,0.022175));
#8101=CARTESIAN_POINT('',(0.106268548826367,0.00310604739658243,0.022175));
#8102=CARTESIAN_POINT('',(0.103975890076286,0.00575061084934314,0.022175));
#8103=CARTESIAN_POINT('',(0.101683231326205,0.00839517430210385,0.022175));
#8104=CARTESIAN_POINT('',(0.10395,0.0103603103736017,0.022175));
#8105=CARTESIAN_POINT('',(0.09595,4.99999999999808E-5,0.022175));
#8106=CARTESIAN_POINT('',(0.09945,4.99999999999808E-5,0.022175));
#8107=CARTESIAN_POINT('',(0.09595,0.09605,0.022175));
#8108=CARTESIAN_POINT('',(0.09595,0.09605,0.022175));
#8109=CARTESIAN_POINT('',(0.1135,0.09605,0.022175));
#8110=CARTESIAN_POINT('',(0.,0.,0.022175));
#8111=CARTESIAN_POINT('',(0.108535317500162,0.10107118346808,0.022175));
#8112=CARTESIAN_POINT('',(0.106268548826367,0.0991060473965824,0.022175));
#8113=CARTESIAN_POINT('',(0.110802086173957,0.103036319539578,0.022175));
#8114=CARTESIAN_POINT('',(0.103975890076286,0.101750610849343,0.022175));
#8115=CARTESIAN_POINT('',(0.101683231326205,0.104395174302104,0.022175));
#8116=CARTESIAN_POINT('',(0.10395,0.106360310373602,0.022175));
#8117=CARTESIAN_POINT('',(0.106216768673795,0.1083254464451,0.022175));
#8118=CARTESIAN_POINT('',(0.108509427423876,0.105680882992339,0.022175));
#8119=CARTESIAN_POINT('',(0.09595,0.09605,0.022175));
#8120=CARTESIAN_POINT('',(0.09945,0.09605,0.022175));
#8121=CARTESIAN_POINT('',(-4.9999999999939E-5,0.09605,0.022175));
#8122=CARTESIAN_POINT('',(-4.9999999999939E-5,0.09605,0.022175));
#8123=CARTESIAN_POINT('',(0.0175000000000001,0.09605,0.022175));
#8124=CARTESIAN_POINT('',(0.,0.,0.022175));
#8125=CARTESIAN_POINT('',(0.00795,0.106360310373602,0.022175));
#8126=CARTESIAN_POINT('',(0.00568323132620515,0.104395174302104,0.022175));
#8127=CARTESIAN_POINT('',(0.010216768673795,0.1083254464451,0.022175));
#8128=CARTESIAN_POINT('',(0.0125094274238758,0.105680882992339,0.022175));
#8129=CARTESIAN_POINT('',(0.0148020861739567,0.103036319539578,0.022175));
#8130=CARTESIAN_POINT('',(0.0125353175001618,0.10107118346808,0.022175));
#8131=CARTESIAN_POINT('',(0.0102685488263669,0.0991060473965824,0.022175));
#8132=CARTESIAN_POINT('',(0.00797589007628602,0.101750610849343,0.022175));
#8133=CARTESIAN_POINT('',(-4.9999999999939E-5,0.09605,0.022175));
#8134=CARTESIAN_POINT('',(0.00345000000000006,0.09605,0.022175));
#8135=CARTESIAN_POINT('',(0.00795,0.106360310373602,-0.001825));
#8136=CARTESIAN_POINT('',(0.010216768673795,0.1083254464451,-0.001825));
#8137=CARTESIAN_POINT('',(0.00568323132620515,0.104395174302104,-0.001825));
#8138=CARTESIAN_POINT('',(0.00797589007628602,0.101750610849343,-0.001825));
#8139=CARTESIAN_POINT('',(0.0102685488263669,0.0991060473965824,-0.001825));
#8140=CARTESIAN_POINT('',(0.0125353175001618,0.10107118346808,-0.001825));
#8141=CARTESIAN_POINT('',(0.0148020861739567,0.103036319539578,-0.001825));
#8142=CARTESIAN_POINT('',(0.0125094274238758,0.105680882992339,-0.001825));
#8143=CARTESIAN_POINT('',(-4.9999999999939E-5,0.09605,-0.001825));
#8144=CARTESIAN_POINT('',(0.103975890076286,0.101750610849343,-0.001825));
#8145=CARTESIAN_POINT('',(0.101683231326205,0.104395174302104,-0.001825));
#8146=CARTESIAN_POINT('',(0.106268548826367,0.0991060473965824,-0.001825));
#8147=CARTESIAN_POINT('',(0.108535317500162,0.10107118346808,-0.001825));
#8148=CARTESIAN_POINT('',(0.110802086173957,0.103036319539578,-0.001825));
#8149=CARTESIAN_POINT('',(0.108509427423876,0.105680882992339,-0.001825));
#8150=CARTESIAN_POINT('',(0.106216768673795,0.1083254464451,-0.001825));
#8151=CARTESIAN_POINT('',(0.10395,0.106360310373602,-0.001825));
#8152=CARTESIAN_POINT('',(0.09595,0.09605,-0.001825));
#8153=CARTESIAN_POINT('',(0.09595,4.99999999999808E-5,-0.001825));
#8154=CARTESIAN_POINT('',(0.108535317500162,0.0050711834680803,-0.001825));
#8155=CARTESIAN_POINT('',(0.106268548826367,0.00310604739658243,-0.001825));
#8156=CARTESIAN_POINT('',(0.110802086173957,0.00703631953957818,-0.001825));
#8157=CARTESIAN_POINT('',(0.108509427423876,0.0096808829923389,-0.001825));
#8158=CARTESIAN_POINT('',(0.106216768673795,0.0123254464450996,-0.001825));
#8159=CARTESIAN_POINT('',(0.10395,0.0103603103736017,-0.001825));
#8160=CARTESIAN_POINT('',(0.101683231326205,0.00839517430210385,-0.001825));
#8161=CARTESIAN_POINT('',(0.103975890076286,0.00575061084934314,-0.001825));
#8162=CARTESIAN_POINT('',(0.09595,-0.09595,-0.001825));
#8163=CARTESIAN_POINT('',(0.108535317500162,-0.0909288165319197,-0.001825));
#8164=CARTESIAN_POINT('',(0.106268548826367,-0.0928939526034176,-0.001825));
#8165=CARTESIAN_POINT('',(0.110802086173957,-0.0889636804604218,-0.001825));
#8166=CARTESIAN_POINT('',(0.108509427423876,-0.0863191170076611,-0.001825));
#8167=CARTESIAN_POINT('',(0.106216768673795,-0.0836745535549004,-0.001825));
#8168=CARTESIAN_POINT('',(0.10395,-0.0856396896263983,-0.001825));
#8169=CARTESIAN_POINT('',(0.101683231326205,-0.0876048256978961,-0.001825));
#8170=CARTESIAN_POINT('',(0.103975890076286,-0.0902493891506569,-0.001825));
#8171=CARTESIAN_POINT('',(0.00795,-0.0856396896263982,-0.001825));
#8172=CARTESIAN_POINT('',(0.010216768673795,-0.0836745535549004,-0.001825));
#8173=CARTESIAN_POINT('',(0.00568323132620518,-0.0876048256978961,-0.001825));
#8174=CARTESIAN_POINT('',(0.00797589007628605,-0.0902493891506568,-0.001825));
#8175=CARTESIAN_POINT('',(0.0102685488263669,-0.0928939526034176,-0.001825));
#8176=CARTESIAN_POINT('',(0.0125353175001618,-0.0909288165319197,-0.001825));
#8177=CARTESIAN_POINT('',(0.0148020861739567,-0.0889636804604218,-0.001825));
#8178=CARTESIAN_POINT('',(0.0125094274238759,-0.0863191170076611,-0.001825));
#8179=CARTESIAN_POINT('',(-4.99999999999273E-5,-0.09595,-0.001825));
#8180=CARTESIAN_POINT('',(0.00795,0.0103603103736018,-0.001825));
#8181=CARTESIAN_POINT('',(0.010216768673795,0.0123254464450996,-0.001825));
#8182=CARTESIAN_POINT('',(0.00568323132620517,0.00839517430210388,-0.001825));
#8183=CARTESIAN_POINT('',(0.00797589007628603,0.00575061084934317,-0.001825));
#8184=CARTESIAN_POINT('',(0.0102685488263669,0.00310604739658245,-0.001825));
#8185=CARTESIAN_POINT('',(0.0125353175001618,0.00507118346808032,-0.001825));
#8186=CARTESIAN_POINT('',(0.0148020861739567,0.00703631953957819,-0.001825));
#8187=CARTESIAN_POINT('',(0.0125094274238758,0.00968088299233892,-0.001825));
#8188=CARTESIAN_POINT('',(-4.99999999999329E-5,4.99999999999808E-5,-0.001825));
#8189=CARTESIAN_POINT('',(-0.083518210971213,0.0101419657220416,-0.001825));
#8190=CARTESIAN_POINT('',(-0.0813229647884551,0.00741599906834127,-0.001825));
#8191=CARTESIAN_POINT('',(-0.085713457153971,0.012867932375742,-0.001825));
#8192=CARTESIAN_POINT('',(-0.08805,0.0109862927905209,-0.001825));
#8193=CARTESIAN_POINT('',(-0.0903865428460288,0.00910465320529978,-0.001825));
#8194=CARTESIAN_POINT('',(-0.0881912966632708,0.00637868655159939,-0.001825));
#8195=CARTESIAN_POINT('',(-0.0859960504805128,0.00365271989789899,-0.001825));
#8196=CARTESIAN_POINT('',(-0.083659507634484,0.00553435948312013,-0.001825));
#8197=CARTESIAN_POINT('',(-0.09605,4.99999999999808E-5,-0.001825));
#8198=CARTESIAN_POINT('',(-0.09605,-0.09595,-0.001825));
#8199=CARTESIAN_POINT('',(-0.083518210971213,-0.0858580342779584,-0.001825));
#8200=CARTESIAN_POINT('',(-0.081322964788455,-0.0885840009316588,-0.001825));
#8201=CARTESIAN_POINT('',(-0.085713457153971,-0.083132067624258,-0.001825));
#8202=CARTESIAN_POINT('',(-0.08805,-0.0850137072094791,-0.001825));
#8203=CARTESIAN_POINT('',(-0.0903865428460288,-0.0868953467947002,-0.001825));
#8204=CARTESIAN_POINT('',(-0.0881912966632708,-0.0896213134484006,-0.001825));
#8205=CARTESIAN_POINT('',(-0.0859960504805128,-0.092347280102101,-0.001825));
#8206=CARTESIAN_POINT('',(-0.0836595076344839,-0.0904656405168799,-0.001825));
#8207=CARTESIAN_POINT('',(-0.09605,0.09605,-0.001825));
#8208=CARTESIAN_POINT('',(-0.0835182109712131,0.106141965722042,-0.001825));
#8209=CARTESIAN_POINT('',(-0.0813229647884551,0.103415999068341,-0.001825));
#8210=CARTESIAN_POINT('',(-0.085713457153971,0.108867932375742,-0.001825));
#8211=CARTESIAN_POINT('',(-0.08805,0.106986292790521,-0.001825));
#8212=CARTESIAN_POINT('',(-0.0903865428460288,0.1051046532053,-0.001825));
#8213=CARTESIAN_POINT('',(-0.0881912966632708,0.102378686551599,-0.001825));
#8214=CARTESIAN_POINT('',(-0.0859960504805128,0.099652719897899,-0.001825));
#8215=CARTESIAN_POINT('',(-0.083659507634484,0.10153435948312,-0.001825));
#8216=CARTESIAN_POINT('',(0.0331,-0.1424,-0.005002));
#8217=CARTESIAN_POINT('',(-0.0331,-0.1424,-0.005002));
#8218=CARTESIAN_POINT('',(-0.0993,-0.1424,-0.005002));
#8219=CARTESIAN_POINT('',(-0.1424,-0.1424,-0.005002));
#8220=CARTESIAN_POINT('',(-0.1424,-0.0993,-0.005002));
#8221=CARTESIAN_POINT('',(-0.1424,-0.0331,-0.005002));
#8222=CARTESIAN_POINT('',(-0.1424,0.0331,-0.005002));
#8223=CARTESIAN_POINT('',(-0.1424,0.0993,-0.005002));
#8224=CARTESIAN_POINT('',(-0.1424,0.1424,-0.005002));
#8225=CARTESIAN_POINT('',(-0.0993,0.1424,-0.005002));
#8226=CARTESIAN_POINT('',(-0.0331,0.1424,-0.005002));
#8227=CARTESIAN_POINT('',(0.0331,0.1424,-0.005002));
#8228=CARTESIAN_POINT('',(0.0993,0.1424,-0.005002));
#8229=CARTESIAN_POINT('',(0.1424,0.1424,-0.005002));
#8230=CARTESIAN_POINT('',(0.1424,0.0993,-0.005002));
#8231=CARTESIAN_POINT('',(0.1424,0.0331,-0.005002));
#8232=CARTESIAN_POINT('',(0.1424,-0.0331,-0.005002));
#8233=CARTESIAN_POINT('',(0.1424,-0.0993,-0.005002));
#8234=CARTESIAN_POINT('',(0.1424,-0.1424,-0.005002));
#8235=CARTESIAN_POINT('',(0.0993,-0.1424,-0.005002));
#8236=CARTESIAN_POINT('',(-0.1504,0.1504,0.023175));
#8237=CARTESIAN_POINT('',(-0.1504,-0.1504,0.023175));
#8238=CARTESIAN_POINT('',(0.1504,-0.1504,0.023175));
#8239=CARTESIAN_POINT('',(0.1504,0.1504,0.023175));
#8240=MECHANICAL_DESIGN_GEOMETRIC_PRESENTATION_REPRESENTATION('',(#4798),
#8251);
#8241=MECHANICAL_DESIGN_GEOMETRIC_PRESENTATION_REPRESENTATION('',(#4799),
#8252);
#8242=MECHANICAL_DESIGN_GEOMETRIC_PRESENTATION_REPRESENTATION('',(#4800),
#8253);
#8243=MECHANICAL_DESIGN_GEOMETRIC_PRESENTATION_REPRESENTATION('',(#4801),
#8254);
#8244=MECHANICAL_DESIGN_GEOMETRIC_PRESENTATION_REPRESENTATION('',(#4802),
#8255);
#8245=MECHANICAL_DESIGN_GEOMETRIC_PRESENTATION_REPRESENTATION('',(#4803),
#8256);
#8246=MECHANICAL_DESIGN_GEOMETRIC_PRESENTATION_REPRESENTATION('',(#4804),
#8257);
#8247=MECHANICAL_DESIGN_GEOMETRIC_PRESENTATION_REPRESENTATION('',(#4805),
#8258);
#8248=MECHANICAL_DESIGN_GEOMETRIC_PRESENTATION_REPRESENTATION('',(#4806),
#8259);
#8249=MECHANICAL_DESIGN_GEOMETRIC_PRESENTATION_REPRESENTATION('',(#4807),
#8260);
#8250=MECHANICAL_DESIGN_GEOMETRIC_PRESENTATION_REPRESENTATION('',(#4808),
#8261);
#8251=(
GEOMETRIC_REPRESENTATION_CONTEXT(3)
GLOBAL_UNCERTAINTY_ASSIGNED_CONTEXT((#8262))
GLOBAL_UNIT_ASSIGNED_CONTEXT((#8295,#8284,#8273))
REPRESENTATION_CONTEXT('wood bottom','TOP_LEVEL_ASSEMBLY_PART')
);
#8252=(
GEOMETRIC_REPRESENTATION_CONTEXT(3)
GLOBAL_UNCERTAINTY_ASSIGNED_CONTEXT((#8263))
GLOBAL_UNIT_ASSIGNED_CONTEXT((#8296,#8285,#8274))
REPRESENTATION_CONTEXT('TPU','TOP_LEVEL_ASSEMBLY_PART')
);
#8253=(
GEOMETRIC_REPRESENTATION_CONTEXT(3)
GLOBAL_UNCERTAINTY_ASSIGNED_CONTEXT((#8264))
GLOBAL_UNIT_ASSIGNED_CONTEXT((#8297,#8286,#8275))
REPRESENTATION_CONTEXT('TPU','TOP_LEVEL_ASSEMBLY_PART')
);
#8254=(
GEOMETRIC_REPRESENTATION_CONTEXT(3)
GLOBAL_UNCERTAINTY_ASSIGNED_CONTEXT((#8265))
GLOBAL_UNIT_ASSIGNED_CONTEXT((#8298,#8287,#8276))
REPRESENTATION_CONTEXT('TPU','TOP_LEVEL_ASSEMBLY_PART')
);
#8255=(
GEOMETRIC_REPRESENTATION_CONTEXT(3)
GLOBAL_UNCERTAINTY_ASSIGNED_CONTEXT((#8266))
GLOBAL_UNIT_ASSIGNED_CONTEXT((#8299,#8288,#8277))
REPRESENTATION_CONTEXT('TPU','TOP_LEVEL_ASSEMBLY_PART')
);
#8256=(
GEOMETRIC_REPRESENTATION_CONTEXT(3)
GLOBAL_UNCERTAINTY_ASSIGNED_CONTEXT((#8267))
GLOBAL_UNIT_ASSIGNED_CONTEXT((#8300,#8289,#8278))
REPRESENTATION_CONTEXT('top','TOP_LEVEL_ASSEMBLY_PART')
);
#8257=(
GEOMETRIC_REPRESENTATION_CONTEXT(3)
GLOBAL_UNCERTAINTY_ASSIGNED_CONTEXT((#8268))
GLOBAL_UNIT_ASSIGNED_CONTEXT((#8301,#8290,#8279))
REPRESENTATION_CONTEXT('bottom stop','TOP_LEVEL_ASSEMBLY_PART')
);
#8258=(
GEOMETRIC_REPRESENTATION_CONTEXT(3)
GLOBAL_UNCERTAINTY_ASSIGNED_CONTEXT((#8269))
GLOBAL_UNIT_ASSIGNED_CONTEXT((#8302,#8291,#8280))
REPRESENTATION_CONTEXT('bottom stop','TOP_LEVEL_ASSEMBLY_PART')
);
#8259=(
GEOMETRIC_REPRESENTATION_CONTEXT(3)
GLOBAL_UNCERTAINTY_ASSIGNED_CONTEXT((#8270))
GLOBAL_UNIT_ASSIGNED_CONTEXT((#8303,#8292,#8281))
REPRESENTATION_CONTEXT('bottom stop','TOP_LEVEL_ASSEMBLY_PART')
);
#8260=(
GEOMETRIC_REPRESENTATION_CONTEXT(3)
GLOBAL_UNCERTAINTY_ASSIGNED_CONTEXT((#8271))
GLOBAL_UNIT_ASSIGNED_CONTEXT((#8304,#8293,#8282))
REPRESENTATION_CONTEXT('bottom stop','TOP_LEVEL_ASSEMBLY_PART')
);
#8261=(
GEOMETRIC_REPRESENTATION_CONTEXT(3)
GLOBAL_UNCERTAINTY_ASSIGNED_CONTEXT((#8272))
GLOBAL_UNIT_ASSIGNED_CONTEXT((#8305,#8294,#8283))
REPRESENTATION_CONTEXT('flexplate','TOP_LEVEL_ASSEMBLY_PART')
);
#8262=UNCERTAINTY_MEASURE_WITH_UNIT(LENGTH_MEASURE(1.E-8),#8295,
'DISTANCE_ACCURACY_VALUE','Maximum Tolerance applied to model');
#8263=UNCERTAINTY_MEASURE_WITH_UNIT(LENGTH_MEASURE(1.E-8),#8296,
'DISTANCE_ACCURACY_VALUE','Maximum Tolerance applied to model');
#8264=UNCERTAINTY_MEASURE_WITH_UNIT(LENGTH_MEASURE(1.E-8),#8297,
'DISTANCE_ACCURACY_VALUE','Maximum Tolerance applied to model');
#8265=UNCERTAINTY_MEASURE_WITH_UNIT(LENGTH_MEASURE(1.E-8),#8298,
'DISTANCE_ACCURACY_VALUE','Maximum Tolerance applied to model');
#8266=UNCERTAINTY_MEASURE_WITH_UNIT(LENGTH_MEASURE(1.E-8),#8299,
'DISTANCE_ACCURACY_VALUE','Maximum Tolerance applied to model');
#8267=UNCERTAINTY_MEASURE_WITH_UNIT(LENGTH_MEASURE(1.E-8),#8300,
'DISTANCE_ACCURACY_VALUE','Maximum Tolerance applied to model');
#8268=UNCERTAINTY_MEASURE_WITH_UNIT(LENGTH_MEASURE(1.E-8),#8301,
'DISTANCE_ACCURACY_VALUE','Maximum Tolerance applied to model');
#8269=UNCERTAINTY_MEASURE_WITH_UNIT(LENGTH_MEASURE(1.E-8),#8302,
'DISTANCE_ACCURACY_VALUE','Maximum Tolerance applied to model');
#8270=UNCERTAINTY_MEASURE_WITH_UNIT(LENGTH_MEASURE(1.E-8),#8303,
'DISTANCE_ACCURACY_VALUE','Maximum Tolerance applied to model');
#8271=UNCERTAINTY_MEASURE_WITH_UNIT(LENGTH_MEASURE(1.E-8),#8304,
'DISTANCE_ACCURACY_VALUE','Maximum Tolerance applied to model');
#8272=UNCERTAINTY_MEASURE_WITH_UNIT(LENGTH_MEASURE(1.E-8),#8305,
'DISTANCE_ACCURACY_VALUE','Maximum Tolerance applied to model');
#8273=(
NAMED_UNIT(*)
SI_UNIT($,.STERADIAN.)
SOLID_ANGLE_UNIT()
);
#8274=(
NAMED_UNIT(*)
SI_UNIT($,.STERADIAN.)
SOLID_ANGLE_UNIT()
);
#8275=(
NAMED_UNIT(*)
SI_UNIT($,.STERADIAN.)
SOLID_ANGLE_UNIT()
);
#8276=(
NAMED_UNIT(*)
SI_UNIT($,.STERADIAN.)
SOLID_ANGLE_UNIT()
);
#8277=(
NAMED_UNIT(*)
SI_UNIT($,.STERADIAN.)
SOLID_ANGLE_UNIT()
);
#8278=(
NAMED_UNIT(*)
SI_UNIT($,.STERADIAN.)
SOLID_ANGLE_UNIT()
);
#8279=(
NAMED_UNIT(*)
SI_UNIT($,.STERADIAN.)
SOLID_ANGLE_UNIT()
);
#8280=(
NAMED_UNIT(*)
SI_UNIT($,.STERADIAN.)
SOLID_ANGLE_UNIT()
);
#8281=(
NAMED_UNIT(*)
SI_UNIT($,.STERADIAN.)
SOLID_ANGLE_UNIT()
);
#8282=(
NAMED_UNIT(*)
SI_UNIT($,.STERADIAN.)
SOLID_ANGLE_UNIT()
);
#8283=(
NAMED_UNIT(*)
SI_UNIT($,.STERADIAN.)
SOLID_ANGLE_UNIT()
);
#8284=(
NAMED_UNIT(*)
PLANE_ANGLE_UNIT()
SI_UNIT($,.RADIAN.)
);
#8285=(
NAMED_UNIT(*)
PLANE_ANGLE_UNIT()
SI_UNIT($,.RADIAN.)
);
#8286=(
NAMED_UNIT(*)
PLANE_ANGLE_UNIT()
SI_UNIT($,.RADIAN.)
);
#8287=(
NAMED_UNIT(*)
PLANE_ANGLE_UNIT()
SI_UNIT($,.RADIAN.)
);
#8288=(
NAMED_UNIT(*)
PLANE_ANGLE_UNIT()
SI_UNIT($,.RADIAN.)
);
#8289=(
NAMED_UNIT(*)
PLANE_ANGLE_UNIT()
SI_UNIT($,.RADIAN.)
);
#8290=(
NAMED_UNIT(*)
PLANE_ANGLE_UNIT()
SI_UNIT($,.RADIAN.)
);
#8291=(
NAMED_UNIT(*)
PLANE_ANGLE_UNIT()
SI_UNIT($,.RADIAN.)
);
#8292=(
NAMED_UNIT(*)
PLANE_ANGLE_UNIT()
SI_UNIT($,.RADIAN.)
);
#8293=(
NAMED_UNIT(*)
PLANE_ANGLE_UNIT()
SI_UNIT($,.RADIAN.)
);
#8294=(
NAMED_UNIT(*)
PLANE_ANGLE_UNIT()
SI_UNIT($,.RADIAN.)
);
#8295=(
LENGTH_UNIT()
NAMED_UNIT(*)
SI_UNIT($,.METRE.)
);
#8296=(
LENGTH_UNIT()
NAMED_UNIT(*)
SI_UNIT($,.METRE.)
);
#8297=(
LENGTH_UNIT()
NAMED_UNIT(*)
SI_UNIT($,.METRE.)
);
#8298=(
LENGTH_UNIT()
NAMED_UNIT(*)
SI_UNIT($,.METRE.)
);
#8299=(
LENGTH_UNIT()
NAMED_UNIT(*)
SI_UNIT($,.METRE.)
);
#8300=(
LENGTH_UNIT()
NAMED_UNIT(*)
SI_UNIT($,.METRE.)
);
#8301=(
LENGTH_UNIT()
NAMED_UNIT(*)
SI_UNIT($,.METRE.)
);
#8302=(
LENGTH_UNIT()
NAMED_UNIT(*)
SI_UNIT($,.METRE.)
);
#8303=(
LENGTH_UNIT()
NAMED_UNIT(*)
SI_UNIT($,.METRE.)
);
#8304=(
LENGTH_UNIT()
NAMED_UNIT(*)
SI_UNIT($,.METRE.)
);
#8305=(
LENGTH_UNIT()
NAMED_UNIT(*)
SI_UNIT($,.METRE.)
);
#8306=PRODUCT_DEFINITION_SHAPE('','',#8317);
#8307=PRODUCT_DEFINITION_SHAPE('','',#8318);
#8308=PRODUCT_DEFINITION_SHAPE('','',#8319);
#8309=PRODUCT_DEFINITION_SHAPE('','',#8320);
#8310=PRODUCT_DEFINITION_SHAPE('','',#8321);
#8311=PRODUCT_DEFINITION_SHAPE('','',#8322);
#8312=PRODUCT_DEFINITION_SHAPE('','',#8323);
#8313=PRODUCT_DEFINITION_SHAPE('','',#8324);
#8314=PRODUCT_DEFINITION_SHAPE('','',#8325);
#8315=PRODUCT_DEFINITION_SHAPE('','',#8326);
#8316=PRODUCT_DEFINITION_SHAPE('','',#8327);
#8317=PRODUCT_DEFINITION('','',#8339,#8328);
#8318=PRODUCT_DEFINITION('','',#8340,#8329);
#8319=PRODUCT_DEFINITION('','',#8341,#8330);
#8320=PRODUCT_DEFINITION('','',#8342,#8331);
#8321=PRODUCT_DEFINITION('','',#8343,#8332);
#8322=PRODUCT_DEFINITION('','',#8344,#8333);
#8323=PRODUCT_DEFINITION('','',#8345,#8334);
#8324=PRODUCT_DEFINITION('','',#8346,#8335);
#8325=PRODUCT_DEFINITION('','',#8347,#8336);
#8326=PRODUCT_DEFINITION('','',#8348,#8337);
#8327=PRODUCT_DEFINITION('','',#8349,#8338);
#8328=PRODUCT_DEFINITION_CONTEXT('',#8405,'design');
#8329=PRODUCT_DEFINITION_CONTEXT('',#8406,'design');
#8330=PRODUCT_DEFINITION_CONTEXT('',#8407,'design');
#8331=PRODUCT_DEFINITION_CONTEXT('',#8408,'design');
#8332=PRODUCT_DEFINITION_CONTEXT('',#8409,'design');
#8333=PRODUCT_DEFINITION_CONTEXT('',#8410,'design');
#8334=PRODUCT_DEFINITION_CONTEXT('',#8411,'design');
#8335=PRODUCT_DEFINITION_CONTEXT('',#8412,'design');
#8336=PRODUCT_DEFINITION_CONTEXT('',#8413,'design');
#8337=PRODUCT_DEFINITION_CONTEXT('',#8414,'design');
#8338=PRODUCT_DEFINITION_CONTEXT('',#8415,'design');
#8339=PRODUCT_DEFINITION_FORMATION_WITH_SPECIFIED_SOURCE('','',#8361,
 .NOT_KNOWN.);
#8340=PRODUCT_DEFINITION_FORMATION_WITH_SPECIFIED_SOURCE('','',#8362,
 .NOT_KNOWN.);
#8341=PRODUCT_DEFINITION_FORMATION_WITH_SPECIFIED_SOURCE('','',#8363,
 .NOT_KNOWN.);
#8342=PRODUCT_DEFINITION_FORMATION_WITH_SPECIFIED_SOURCE('','',#8364,
 .NOT_KNOWN.);
#8343=PRODUCT_DEFINITION_FORMATION_WITH_SPECIFIED_SOURCE('','',#8365,
 .NOT_KNOWN.);
#8344=PRODUCT_DEFINITION_FORMATION_WITH_SPECIFIED_SOURCE('','',#8366,
 .NOT_KNOWN.);
#8345=PRODUCT_DEFINITION_FORMATION_WITH_SPECIFIED_SOURCE('','',#8367,
 .NOT_KNOWN.);
#8346=PRODUCT_DEFINITION_FORMATION_WITH_SPECIFIED_SOURCE('','',#8368,
 .NOT_KNOWN.);
#8347=PRODUCT_DEFINITION_FORMATION_WITH_SPECIFIED_SOURCE('','',#8369,
 .NOT_KNOWN.);
#8348=PRODUCT_DEFINITION_FORMATION_WITH_SPECIFIED_SOURCE('','',#8370,
 .NOT_KNOWN.);
#8349=PRODUCT_DEFINITION_FORMATION_WITH_SPECIFIED_SOURCE('','',#8371,
 .NOT_KNOWN.);
#8350=PRODUCT_RELATED_PRODUCT_CATEGORY('','',(#8361));
#8351=PRODUCT_RELATED_PRODUCT_CATEGORY('','',(#8362));
#8352=PRODUCT_RELATED_PRODUCT_CATEGORY('','',(#8363));
#8353=PRODUCT_RELATED_PRODUCT_CATEGORY('','',(#8364));
#8354=PRODUCT_RELATED_PRODUCT_CATEGORY('','',(#8365));
#8355=PRODUCT_RELATED_PRODUCT_CATEGORY('','',(#8366));
#8356=PRODUCT_RELATED_PRODUCT_CATEGORY('','',(#8367));
#8357=PRODUCT_RELATED_PRODUCT_CATEGORY('','',(#8368));
#8358=PRODUCT_RELATED_PRODUCT_CATEGORY('','',(#8369));
#8359=PRODUCT_RELATED_PRODUCT_CATEGORY('','',(#8370));
#8360=PRODUCT_RELATED_PRODUCT_CATEGORY('','',(#8371));
#8361=PRODUCT('wood bottom','wood bottom','wood bottom',(#8383));
#8362=PRODUCT('TPU','TPU','TPU',(#8384));
#8363=PRODUCT('TPU','TPU','TPU',(#8385));
#8364=PRODUCT('TPU','TPU','TPU',(#8386));
#8365=PRODUCT('TPU','TPU','TPU',(#8387));
#8366=PRODUCT('top','top','top',(#8388));
#8367=PRODUCT('bottom stop','bottom stop','bottom stop',(#8389));
#8368=PRODUCT('bottom stop','bottom stop','bottom stop',(#8390));
#8369=PRODUCT('bottom stop','bottom stop','bottom stop',(#8391));
#8370=PRODUCT('bottom stop','bottom stop','bottom stop',(#8392));
#8371=PRODUCT('flexplate','flexplate','flexplate',(#8393));
#8372=PRODUCT_CATEGORY('','');
#8373=PRODUCT_CATEGORY('','');
#8374=PRODUCT_CATEGORY('','');
#8375=PRODUCT_CATEGORY('','');
#8376=PRODUCT_CATEGORY('','');
#8377=PRODUCT_CATEGORY('','');
#8378=PRODUCT_CATEGORY('','');
#8379=PRODUCT_CATEGORY('','');
#8380=PRODUCT_CATEGORY('','');
#8381=PRODUCT_CATEGORY('','');
#8382=PRODUCT_CATEGORY('','');
#8383=PRODUCT_CONTEXT('',#8405,'mechanical');
#8384=PRODUCT_CONTEXT('',#8406,'mechanical');
#8385=PRODUCT_CONTEXT('',#8407,'mechanical');
#8386=PRODUCT_CONTEXT('',#8408,'mechanical');
#8387=PRODUCT_CONTEXT('',#8409,'mechanical');
#8388=PRODUCT_CONTEXT('',#8410,'mechanical');
#8389=PRODUCT_CONTEXT('',#8411,'mechanical');
#8390=PRODUCT_CONTEXT('',#8412,'mechanical');
#8391=PRODUCT_CONTEXT('',#8413,'mechanical');
#8392=PRODUCT_CONTEXT('',#8414,'mechanical');
#8393=PRODUCT_CONTEXT('',#8415,'mechanical');
#8394=APPLICATION_PROTOCOL_DEFINITION('international standard',
'ap242_managed_model_based_3d_engineering',2020,#8405);
#8395=APPLICATION_PROTOCOL_DEFINITION('international standard',
'ap242_managed_model_based_3d_engineering',2020,#8406);
#8396=APPLICATION_PROTOCOL_DEFINITION('international standard',
'ap242_managed_model_based_3d_engineering',2020,#8407);
#8397=APPLICATION_PROTOCOL_DEFINITION('international standard',
'ap242_managed_model_based_3d_engineering',2020,#8408);
#8398=APPLICATION_PROTOCOL_DEFINITION('international standard',
'ap242_managed_model_based_3d_engineering',2020,#8409);
#8399=APPLICATION_PROTOCOL_DEFINITION('international standard',
'ap242_managed_model_based_3d_engineering',2020,#8410);
#8400=APPLICATION_PROTOCOL_DEFINITION('international standard',
'ap242_managed_model_based_3d_engineering',2020,#8411);
#8401=APPLICATION_PROTOCOL_DEFINITION('international standard',
'ap242_managed_model_based_3d_engineering',2020,#8412);
#8402=APPLICATION_PROTOCOL_DEFINITION('international standard',
'ap242_managed_model_based_3d_engineering',2020,#8413);
#8403=APPLICATION_PROTOCOL_DEFINITION('international standard',
'ap242_managed_model_based_3d_engineering',2020,#8414);
#8404=APPLICATION_PROTOCOL_DEFINITION('international standard',
'ap242_managed_model_based_3d_engineering',2020,#8415);
#8405=APPLICATION_CONTEXT('managed model based 3d engineering');
#8406=APPLICATION_CONTEXT('managed model based 3d engineering');
#8407=APPLICATION_CONTEXT('managed model based 3d engineering');
#8408=APPLICATION_CONTEXT('managed model based 3d engineering');
#8409=APPLICATION_CONTEXT('managed model based 3d engineering');
#8410=APPLICATION_CONTEXT('managed model based 3d engineering');
#8411=APPLICATION_CONTEXT('managed model based 3d engineering');
#8412=APPLICATION_CONTEXT('managed model based 3d engineering');
#8413=APPLICATION_CONTEXT('managed model based 3d engineering');
#8414=APPLICATION_CONTEXT('managed model based 3d engineering');
#8415=APPLICATION_CONTEXT('managed model based 3d engineering');
ENDSEC;
END-ISO-10303-21;
