ISO-10303-21;
HEADER;
FILE_DESCRIPTION(('KiCad electronic assembly'),'2;1');
FILE_NAME('PiezoProjectEngineering.step','2026-04-25T13:02:03',('Pcbnew'
    ),('Kicad'),'Open CASCADE STEP processor 7.8',
  'KiCad to STEP converter','Unknown');
FILE_SCHEMA(('AUTOMOTIVE_DESIGN { 1 0 10303 214 1 1 1 1 }'));
ENDSEC;
DATA;
#1 = APPLICATION_PROTOCOL_DEFINITION('international standard',
  'automotive_design',2000,#2);
#2 = APPLICATION_CONTEXT(
  'core data for automotive mechanical design processes');
#3 = SHAPE_DEFINITION_REPRESENTATION(#4,#10);
#4 = PRODUCT_DEFINITION_SHAPE('','',#5);
#5 = PRODUCT_DEFINITION('design','',#6,#9);
#6 = PRODUCT_DEFINITION_FORMATION('','',#7);
#7 = PRODUCT('PiezoProjectEngineering 1','PiezoProjectEngineering 1','',
  (#8));
#8 = PRODUCT_CONTEXT('',#2,'mechanical');
#9 = PRODUCT_DEFINITION_CONTEXT('part definition',#2,'design');
#10 = SHAPE_REPRESENTATION('',(#11,#15),#19);
#11 = AXIS2_PLACEMENT_3D('',#12,#13,#14);
#12 = CARTESIAN_POINT('',(0.,0.,0.));
#13 = DIRECTION('',(0.,0.,1.));
#14 = DIRECTION('',(1.,0.,-0.));
#15 = AXIS2_PLACEMENT_3D('',#16,#17,#18);
#16 = CARTESIAN_POINT('',(0.,0.,0.));
#17 = DIRECTION('',(0.,0.,1.));
#18 = DIRECTION('',(1.,0.,-0.));
#19 = ( GEOMETRIC_REPRESENTATION_CONTEXT(3) 
GLOBAL_UNCERTAINTY_ASSIGNED_CONTEXT((#23)) GLOBAL_UNIT_ASSIGNED_CONTEXT(
(#20,#21,#22)) REPRESENTATION_CONTEXT('Context #1',
  '3D Context with UNIT and UNCERTAINTY') );
#20 = ( LENGTH_UNIT() NAMED_UNIT(*) SI_UNIT(.MILLI.,.METRE.) );
#21 = ( NAMED_UNIT(*) PLANE_ANGLE_UNIT() SI_UNIT($,.RADIAN.) );
#22 = ( NAMED_UNIT(*) SI_UNIT($,.STERADIAN.) SOLID_ANGLE_UNIT() );
#23 = UNCERTAINTY_MEASURE_WITH_UNIT(LENGTH_MEASURE(1.E-07),#20,
  'distance_accuracy_value','confusion accuracy');
#24 = PRODUCT_RELATED_PRODUCT_CATEGORY('part',$,(#7));
#25 = SHAPE_DEFINITION_REPRESENTATION(#26,#32);
#26 = PRODUCT_DEFINITION_SHAPE('','',#27);
#27 = PRODUCT_DEFINITION('design','',#28,#31);
#28 = PRODUCT_DEFINITION_FORMATION('','',#29);
#29 = PRODUCT('PiezoProjectEngineering_PCB',
  'PiezoProjectEngineering_PCB','',(#30));
#30 = PRODUCT_CONTEXT('',#2,'mechanical');
#31 = PRODUCT_DEFINITION_CONTEXT('part definition',#2,'design');
#32 = ADVANCED_BREP_SHAPE_REPRESENTATION('',(#11,#33),#3490);
#33 = MANIFOLD_SOLID_BREP('',#34);
#34 = CLOSED_SHELL('',(#35,#75,#106,#137,#1051,#1965,#1982,#1999,#2016,
    #2033,#2050,#2067,#2079,#2096,#2118,#2135,#2152,#2164,#2186,#2203,
    #2220,#2232,#2249,#2266,#2283,#2305,#2322,#2339,#2351,#2368,#2385,
    #2407,#2424,#2441,#2453,#2470,#2487,#2504,#2521,#2543,#2560,#2577,
    #2589,#2611,#2628,#2645,#2657,#2674,#2696,#2713,#2730,#2742,#2759,
    #2781,#2798,#2815,#2827,#2844,#2861,#2878,#2895,#2912,#2929,#2946,
    #2963,#2980,#2997,#3014,#3031,#3048,#3065,#3082,#3099,#3116,#3133,
    #3150,#3167,#3184,#3201,#3218,#3235,#3252,#3269,#3286,#3303,#3320,
    #3337,#3354,#3371,#3388,#3405,#3422,#3439,#3456,#3473));
#35 = ADVANCED_FACE('',(#36),#70,.T.);
#36 = FACE_BOUND('',#37,.T.);
#37 = EDGE_LOOP('',(#38,#48,#56,#64));
#38 = ORIENTED_EDGE('',*,*,#39,.T.);
#39 = EDGE_CURVE('',#40,#42,#44,.T.);
#40 = VERTEX_POINT('',#41);
#41 = CARTESIAN_POINT('',(180.34,-134.06,0.));
#42 = VERTEX_POINT('',#43);
#43 = CARTESIAN_POINT('',(180.34,-134.06,1.510198));
#44 = LINE('',#45,#46);
#45 = CARTESIAN_POINT('',(180.34,-134.06,0.));
#46 = VECTOR('',#47,1.);
#47 = DIRECTION('',(0.,0.,1.));
#48 = ORIENTED_EDGE('',*,*,#49,.T.);
#49 = EDGE_CURVE('',#42,#50,#52,.T.);
#50 = VERTEX_POINT('',#51);
#51 = CARTESIAN_POINT('',(177.494,-136.906,1.510198));
#52 = LINE('',#53,#54);
#53 = CARTESIAN_POINT('',(180.34,-134.06,1.510198));
#54 = VECTOR('',#55,1.);
#55 = DIRECTION('',(-0.707106781187,-0.707106781187,0.));
#56 = ORIENTED_EDGE('',*,*,#57,.F.);
#57 = EDGE_CURVE('',#58,#50,#60,.T.);
#58 = VERTEX_POINT('',#59);
#59 = CARTESIAN_POINT('',(177.494,-136.906,0.));
#60 = LINE('',#61,#62);
#61 = CARTESIAN_POINT('',(177.494,-136.906,0.));
#62 = VECTOR('',#63,1.);
#63 = DIRECTION('',(0.,0.,1.));
#64 = ORIENTED_EDGE('',*,*,#65,.F.);
#65 = EDGE_CURVE('',#40,#58,#66,.T.);
#66 = LINE('',#67,#68);
#67 = CARTESIAN_POINT('',(180.34,-134.06,0.));
#68 = VECTOR('',#69,1.);
#69 = DIRECTION('',(-0.707106781187,-0.707106781187,0.));
#70 = PLANE('',#71);
#71 = AXIS2_PLACEMENT_3D('',#72,#73,#74);
#72 = CARTESIAN_POINT('',(180.34,-134.06,0.));
#73 = DIRECTION('',(0.707106781187,-0.707106781187,0.));
#74 = DIRECTION('',(-0.707106781187,-0.707106781187,0.));
#75 = ADVANCED_FACE('',(#76),#101,.T.);
#76 = FACE_BOUND('',#77,.T.);
#77 = EDGE_LOOP('',(#78,#88,#94,#95));
#78 = ORIENTED_EDGE('',*,*,#79,.T.);
#79 = EDGE_CURVE('',#80,#82,#84,.T.);
#80 = VERTEX_POINT('',#81);
#81 = CARTESIAN_POINT('',(180.34,-101.6,0.));
#82 = VERTEX_POINT('',#83);
#83 = CARTESIAN_POINT('',(180.34,-101.6,1.510198));
#84 = LINE('',#85,#86);
#85 = CARTESIAN_POINT('',(180.34,-101.6,0.));
#86 = VECTOR('',#87,1.);
#87 = DIRECTION('',(0.,0.,1.));
#88 = ORIENTED_EDGE('',*,*,#89,.T.);
#89 = EDGE_CURVE('',#82,#42,#90,.T.);
#90 = LINE('',#91,#92);
#91 = CARTESIAN_POINT('',(180.34,-101.6,1.510198));
#92 = VECTOR('',#93,1.);
#93 = DIRECTION('',(0.,-1.,0.));
#94 = ORIENTED_EDGE('',*,*,#39,.F.);
#95 = ORIENTED_EDGE('',*,*,#96,.F.);
#96 = EDGE_CURVE('',#80,#40,#97,.T.);
#97 = LINE('',#98,#99);
#98 = CARTESIAN_POINT('',(180.34,-101.6,0.));
#99 = VECTOR('',#100,1.);
#100 = DIRECTION('',(0.,-1.,0.));
#101 = PLANE('',#102);
#102 = AXIS2_PLACEMENT_3D('',#103,#104,#105);
#103 = CARTESIAN_POINT('',(180.34,-101.6,0.));
#104 = DIRECTION('',(1.,0.,-0.));
#105 = DIRECTION('',(0.,-1.,0.));
#106 = ADVANCED_FACE('',(#107),#132,.T.);
#107 = FACE_BOUND('',#108,.T.);
#108 = EDGE_LOOP('',(#109,#110,#118,#126));
#109 = ORIENTED_EDGE('',*,*,#57,.T.);
#110 = ORIENTED_EDGE('',*,*,#111,.T.);
#111 = EDGE_CURVE('',#50,#112,#114,.T.);
#112 = VERTEX_POINT('',#113);
#113 = CARTESIAN_POINT('',(157.4,-136.906,1.510198));
#114 = LINE('',#115,#116);
#115 = CARTESIAN_POINT('',(177.494,-136.906,1.510198));
#116 = VECTOR('',#117,1.);
#117 = DIRECTION('',(-1.,0.,0.));
#118 = ORIENTED_EDGE('',*,*,#119,.F.);
#119 = EDGE_CURVE('',#120,#112,#122,.T.);
#120 = VERTEX_POINT('',#121);
#121 = CARTESIAN_POINT('',(157.4,-136.906,0.));
#122 = LINE('',#123,#124);
#123 = CARTESIAN_POINT('',(157.4,-136.906,0.));
#124 = VECTOR('',#125,1.);
#125 = DIRECTION('',(0.,0.,1.));
#126 = ORIENTED_EDGE('',*,*,#127,.F.);
#127 = EDGE_CURVE('',#58,#120,#128,.T.);
#128 = LINE('',#129,#130);
#129 = CARTESIAN_POINT('',(177.494,-136.906,0.));
#130 = VECTOR('',#131,1.);
#131 = DIRECTION('',(-1.,0.,0.));
#132 = PLANE('',#133);
#133 = AXIS2_PLACEMENT_3D('',#134,#135,#136);
#134 = CARTESIAN_POINT('',(177.494,-136.906,0.));
#135 = DIRECTION('',(0.,-1.,0.));
#136 = DIRECTION('',(-1.,0.,0.));
#137 = ADVANCED_FACE('',(#138,#197,#208,#244,#280,#291,#302,#313,#349,
    #360,#371,#407,#418,#429,#440,#451,#487,#523,#534,#570,#581,#617,
    #628,#639,#650,#661,#672,#683,#694,#705,#716,#727,#738,#749,#760,
    #771,#782,#793,#804,#815,#826,#837,#848,#859,#870,#881,#892,#903,
    #914,#925,#936,#947,#958,#969,#980,#991,#1002,#1013,#1024,#1035),
  #1046,.F.);
#138 = FACE_BOUND('',#139,.F.);
#139 = EDGE_LOOP('',(#140,#141,#142,#150,#158,#166,#174,#182,#190,#196)
  );
#140 = ORIENTED_EDGE('',*,*,#65,.F.);
#141 = ORIENTED_EDGE('',*,*,#96,.F.);
#142 = ORIENTED_EDGE('',*,*,#143,.F.);
#143 = EDGE_CURVE('',#144,#80,#146,.T.);
#144 = VERTEX_POINT('',#145);
#145 = CARTESIAN_POINT('',(88.82,-101.6,0.));
#146 = LINE('',#147,#148);
#147 = CARTESIAN_POINT('',(88.82,-101.6,0.));
#148 = VECTOR('',#149,1.);
#149 = DIRECTION('',(1.,0.,0.));
#150 = ORIENTED_EDGE('',*,*,#151,.F.);
#151 = EDGE_CURVE('',#152,#144,#154,.T.);
#152 = VERTEX_POINT('',#153);
#153 = CARTESIAN_POINT('',(81.661,-108.759,0.));
#154 = LINE('',#155,#156);
#155 = CARTESIAN_POINT('',(81.661,-108.759,0.));
#156 = VECTOR('',#157,1.);
#157 = DIRECTION('',(0.707106781187,0.707106781187,0.));
#158 = ORIENTED_EDGE('',*,*,#159,.F.);
#159 = EDGE_CURVE('',#160,#152,#162,.T.);
#160 = VERTEX_POINT('',#161);
#161 = CARTESIAN_POINT('',(81.661,-163.021,0.));
#162 = LINE('',#163,#164);
#163 = CARTESIAN_POINT('',(81.661,-163.021,0.));
#164 = VECTOR('',#165,1.);
#165 = DIRECTION('',(0.,1.,0.));
#166 = ORIENTED_EDGE('',*,*,#167,.F.);
#167 = EDGE_CURVE('',#168,#160,#170,.T.);
#168 = VERTEX_POINT('',#169);
#169 = CARTESIAN_POINT('',(88.82,-170.18,0.));
#170 = LINE('',#171,#172);
#171 = CARTESIAN_POINT('',(88.82,-170.18,0.));
#172 = VECTOR('',#173,1.);
#173 = DIRECTION('',(-0.707106781187,0.707106781187,0.));
#174 = ORIENTED_EDGE('',*,*,#175,.F.);
#175 = EDGE_CURVE('',#176,#168,#178,.T.);
#176 = VERTEX_POINT('',#177);
#177 = CARTESIAN_POINT('',(149.86,-170.18,0.));
#178 = LINE('',#179,#180);
#179 = CARTESIAN_POINT('',(149.86,-170.18,0.));
#180 = VECTOR('',#181,1.);
#181 = DIRECTION('',(-1.,0.,0.));
#182 = ORIENTED_EDGE('',*,*,#183,.F.);
#183 = EDGE_CURVE('',#184,#176,#186,.T.);
#184 = VERTEX_POINT('',#185);
#185 = CARTESIAN_POINT('',(149.86,-144.446,0.));
#186 = LINE('',#187,#188);
#187 = CARTESIAN_POINT('',(149.86,-144.446,0.));
#188 = VECTOR('',#189,1.);
#189 = DIRECTION('',(0.,-1.,0.));
#190 = ORIENTED_EDGE('',*,*,#191,.F.);
#191 = EDGE_CURVE('',#120,#184,#192,.T.);
#192 = LINE('',#193,#194);
#193 = CARTESIAN_POINT('',(157.4,-136.906,0.));
#194 = VECTOR('',#195,1.);
#195 = DIRECTION('',(-0.707106781187,-0.707106781187,0.));
#196 = ORIENTED_EDGE('',*,*,#127,.F.);
#197 = FACE_BOUND('',#198,.F.);
#198 = EDGE_LOOP('',(#199));
#199 = ORIENTED_EDGE('',*,*,#200,.T.);
#200 = EDGE_CURVE('',#201,#201,#203,.T.);
#201 = VERTEX_POINT('',#202);
#202 = CARTESIAN_POINT('',(86.36,-162.805,0.));
#203 = CIRCLE('',#204,2.15);
#204 = AXIS2_PLACEMENT_3D('',#205,#206,#207);
#205 = CARTESIAN_POINT('',(86.36,-160.655,0.));
#206 = DIRECTION('',(-0.,0.,-1.));
#207 = DIRECTION('',(-0.,-1.,0.));
#208 = FACE_BOUND('',#209,.F.);
#209 = EDGE_LOOP('',(#210,#221,#229,#238));
#210 = ORIENTED_EDGE('',*,*,#211,.T.);
#211 = EDGE_CURVE('',#212,#214,#216,.T.);
#212 = VERTEX_POINT('',#213);
#213 = CARTESIAN_POINT('',(106.59,-167.355,0.));
#214 = VERTEX_POINT('',#215);
#215 = CARTESIAN_POINT('',(105.99,-167.355,0.));
#216 = CIRCLE('',#217,0.3);
#217 = AXIS2_PLACEMENT_3D('',#218,#219,#220);
#218 = CARTESIAN_POINT('',(106.29,-167.355,0.));
#219 = DIRECTION('',(-0.,0.,-1.));
#220 = DIRECTION('',(-1.,0.,0.));
#221 = ORIENTED_EDGE('',*,*,#222,.T.);
#222 = EDGE_CURVE('',#214,#223,#225,.T.);
#223 = VERTEX_POINT('',#224);
#224 = CARTESIAN_POINT('',(105.99,-166.555,0.));
#225 = LINE('',#226,#227);
#226 = CARTESIAN_POINT('',(105.99,-83.2775,0.));
#227 = VECTOR('',#228,1.);
#228 = DIRECTION('',(-0.,1.,0.));
#229 = ORIENTED_EDGE('',*,*,#230,.T.);
#230 = EDGE_CURVE('',#223,#231,#233,.T.);
#231 = VERTEX_POINT('',#232);
#232 = CARTESIAN_POINT('',(106.59,-166.555,0.));
#233 = CIRCLE('',#234,0.3);
#234 = AXIS2_PLACEMENT_3D('',#235,#236,#237);
#235 = CARTESIAN_POINT('',(106.29,-166.555,0.));
#236 = DIRECTION('',(0.,-0.,-1.));
#237 = DIRECTION('',(1.,0.,-0.));
#238 = ORIENTED_EDGE('',*,*,#239,.T.);
#239 = EDGE_CURVE('',#231,#212,#240,.T.);
#240 = LINE('',#241,#242);
#241 = CARTESIAN_POINT('',(106.59,-83.6775,0.));
#242 = VECTOR('',#243,1.);
#243 = DIRECTION('',(0.,-1.,0.));
#244 = FACE_BOUND('',#245,.F.);
#245 = EDGE_LOOP('',(#246,#257,#265,#274));
#246 = ORIENTED_EDGE('',*,*,#247,.T.);
#247 = EDGE_CURVE('',#248,#250,#252,.T.);
#248 = VERTEX_POINT('',#249);
#249 = CARTESIAN_POINT('',(106.59,-163.325,0.));
#250 = VERTEX_POINT('',#251);
#251 = CARTESIAN_POINT('',(105.99,-163.325,0.));
#252 = CIRCLE('',#253,0.3);
#253 = AXIS2_PLACEMENT_3D('',#254,#255,#256);
#254 = CARTESIAN_POINT('',(106.29,-163.325,0.));
#255 = DIRECTION('',(-0.,0.,-1.));
#256 = DIRECTION('',(-1.,0.,0.));
#257 = ORIENTED_EDGE('',*,*,#258,.T.);
#258 = EDGE_CURVE('',#250,#259,#261,.T.);
#259 = VERTEX_POINT('',#260);
#260 = CARTESIAN_POINT('',(105.99,-162.225,0.));
#261 = LINE('',#262,#263);
#262 = CARTESIAN_POINT('',(105.99,-81.1125,0.));
#263 = VECTOR('',#264,1.);
#264 = DIRECTION('',(-0.,1.,0.));
#265 = ORIENTED_EDGE('',*,*,#266,.T.);
#266 = EDGE_CURVE('',#259,#267,#269,.T.);
#267 = VERTEX_POINT('',#268);
#268 = CARTESIAN_POINT('',(106.59,-162.225,0.));
#269 = CIRCLE('',#270,0.3);
#270 = AXIS2_PLACEMENT_3D('',#271,#272,#273);
#271 = CARTESIAN_POINT('',(106.29,-162.225,0.));
#272 = DIRECTION('',(0.,-0.,-1.));
#273 = DIRECTION('',(1.,0.,-0.));
#274 = ORIENTED_EDGE('',*,*,#275,.T.);
#275 = EDGE_CURVE('',#267,#248,#276,.T.);
#276 = LINE('',#277,#278);
#277 = CARTESIAN_POINT('',(106.59,-81.6625,0.));
#278 = VECTOR('',#279,1.);
#279 = DIRECTION('',(0.,-1.,0.));
#280 = FACE_BOUND('',#281,.F.);
#281 = EDGE_LOOP('',(#282));
#282 = ORIENTED_EDGE('',*,*,#283,.T.);
#283 = EDGE_CURVE('',#284,#284,#286,.T.);
#284 = VERTEX_POINT('',#285);
#285 = CARTESIAN_POINT('',(94.57,-155.83,0.));
#286 = CIRCLE('',#287,0.55);
#287 = AXIS2_PLACEMENT_3D('',#288,#289,#290);
#288 = CARTESIAN_POINT('',(94.57,-155.28,0.));
#289 = DIRECTION('',(-0.,0.,-1.));
#290 = DIRECTION('',(-0.,-1.,0.));
#291 = FACE_BOUND('',#292,.F.);
#292 = EDGE_LOOP('',(#293));
#293 = ORIENTED_EDGE('',*,*,#294,.T.);
#294 = EDGE_CURVE('',#295,#295,#297,.T.);
#295 = VERTEX_POINT('',#296);
#296 = CARTESIAN_POINT('',(97.97,-155.83,0.));
#297 = CIRCLE('',#298,0.55);
#298 = AXIS2_PLACEMENT_3D('',#299,#300,#301);
#299 = CARTESIAN_POINT('',(97.97,-155.28,0.));
#300 = DIRECTION('',(-0.,0.,-1.));
#301 = DIRECTION('',(-0.,-1.,0.));
#302 = FACE_BOUND('',#303,.F.);
#303 = EDGE_LOOP('',(#304));
#304 = ORIENTED_EDGE('',*,*,#305,.T.);
#305 = EDGE_CURVE('',#306,#306,#308,.T.);
#306 = VERTEX_POINT('',#307);
#307 = CARTESIAN_POINT('',(101.37,-155.83,0.));
#308 = CIRCLE('',#309,0.55);
#309 = AXIS2_PLACEMENT_3D('',#310,#311,#312);
#310 = CARTESIAN_POINT('',(101.37,-155.28,0.));
#311 = DIRECTION('',(-0.,0.,-1.));
#312 = DIRECTION('',(-0.,-1.,0.));
#313 = FACE_BOUND('',#314,.F.);
#314 = EDGE_LOOP('',(#315,#326,#334,#343));
#315 = ORIENTED_EDGE('',*,*,#316,.T.);
#316 = EDGE_CURVE('',#317,#319,#321,.T.);
#317 = VERTEX_POINT('',#318);
#318 = CARTESIAN_POINT('',(115.23,-167.355,0.));
#319 = VERTEX_POINT('',#320);
#320 = CARTESIAN_POINT('',(114.63,-167.355,0.));
#321 = CIRCLE('',#322,0.3);
#322 = AXIS2_PLACEMENT_3D('',#323,#324,#325);
#323 = CARTESIAN_POINT('',(114.93,-167.355,0.));
#324 = DIRECTION('',(-0.,0.,-1.));
#325 = DIRECTION('',(-1.,0.,0.));
#326 = ORIENTED_EDGE('',*,*,#327,.T.);
#327 = EDGE_CURVE('',#319,#328,#330,.T.);
#328 = VERTEX_POINT('',#329);
#329 = CARTESIAN_POINT('',(114.63,-166.555,0.));
#330 = LINE('',#331,#332);
#331 = CARTESIAN_POINT('',(114.63,-83.2775,0.));
#332 = VECTOR('',#333,1.);
#333 = DIRECTION('',(-0.,1.,0.));
#334 = ORIENTED_EDGE('',*,*,#335,.T.);
#335 = EDGE_CURVE('',#328,#336,#338,.T.);
#336 = VERTEX_POINT('',#337);
#337 = CARTESIAN_POINT('',(115.23,-166.555,0.));
#338 = CIRCLE('',#339,0.3);
#339 = AXIS2_PLACEMENT_3D('',#340,#341,#342);
#340 = CARTESIAN_POINT('',(114.93,-166.555,0.));
#341 = DIRECTION('',(0.,-0.,-1.));
#342 = DIRECTION('',(1.,0.,-0.));
#343 = ORIENTED_EDGE('',*,*,#344,.T.);
#344 = EDGE_CURVE('',#336,#317,#345,.T.);
#345 = LINE('',#346,#347);
#346 = CARTESIAN_POINT('',(115.23,-83.6775,0.));
#347 = VECTOR('',#348,1.);
#348 = DIRECTION('',(0.,-1.,0.));
#349 = FACE_BOUND('',#350,.F.);
#350 = EDGE_LOOP('',(#351));
#351 = ORIENTED_EDGE('',*,*,#352,.T.);
#352 = EDGE_CURVE('',#353,#353,#355,.T.);
#353 = VERTEX_POINT('',#354);
#354 = CARTESIAN_POINT('',(107.72,-163.6,0.));
#355 = CIRCLE('',#356,0.325);
#356 = AXIS2_PLACEMENT_3D('',#357,#358,#359);
#357 = CARTESIAN_POINT('',(107.72,-163.275,0.));
#358 = DIRECTION('',(-0.,0.,-1.));
#359 = DIRECTION('',(-0.,-1.,0.));
#360 = FACE_BOUND('',#361,.F.);
#361 = EDGE_LOOP('',(#362));
#362 = ORIENTED_EDGE('',*,*,#363,.T.);
#363 = EDGE_CURVE('',#364,#364,#366,.T.);
#364 = VERTEX_POINT('',#365);
#365 = CARTESIAN_POINT('',(113.5,-163.6,0.));
#366 = CIRCLE('',#367,0.325);
#367 = AXIS2_PLACEMENT_3D('',#368,#369,#370);
#368 = CARTESIAN_POINT('',(113.5,-163.275,0.));
#369 = DIRECTION('',(-0.,0.,-1.));
#370 = DIRECTION('',(-0.,-1.,0.));
#371 = FACE_BOUND('',#372,.F.);
#372 = EDGE_LOOP('',(#373,#384,#392,#401));
#373 = ORIENTED_EDGE('',*,*,#374,.T.);
#374 = EDGE_CURVE('',#375,#377,#379,.T.);
#375 = VERTEX_POINT('',#376);
#376 = CARTESIAN_POINT('',(115.23,-163.325,0.));
#377 = VERTEX_POINT('',#378);
#378 = CARTESIAN_POINT('',(114.63,-163.325,0.));
#379 = CIRCLE('',#380,0.3);
#380 = AXIS2_PLACEMENT_3D('',#381,#382,#383);
#381 = CARTESIAN_POINT('',(114.93,-163.325,0.));
#382 = DIRECTION('',(-0.,0.,-1.));
#383 = DIRECTION('',(-1.,0.,0.));
#384 = ORIENTED_EDGE('',*,*,#385,.T.);
#385 = EDGE_CURVE('',#377,#386,#388,.T.);
#386 = VERTEX_POINT('',#387);
#387 = CARTESIAN_POINT('',(114.63,-162.225,0.));
#388 = LINE('',#389,#390);
#389 = CARTESIAN_POINT('',(114.63,-81.1125,0.));
#390 = VECTOR('',#391,1.);
#391 = DIRECTION('',(-0.,1.,0.));
#392 = ORIENTED_EDGE('',*,*,#393,.T.);
#393 = EDGE_CURVE('',#386,#394,#396,.T.);
#394 = VERTEX_POINT('',#395);
#395 = CARTESIAN_POINT('',(115.23,-162.225,0.));
#396 = CIRCLE('',#397,0.3);
#397 = AXIS2_PLACEMENT_3D('',#398,#399,#400);
#398 = CARTESIAN_POINT('',(114.93,-162.225,0.));
#399 = DIRECTION('',(0.,-0.,-1.));
#400 = DIRECTION('',(1.,0.,-0.));
#401 = ORIENTED_EDGE('',*,*,#402,.T.);
#402 = EDGE_CURVE('',#394,#375,#403,.T.);
#403 = LINE('',#404,#405);
#404 = CARTESIAN_POINT('',(115.23,-81.6625,0.));
#405 = VECTOR('',#406,1.);
#406 = DIRECTION('',(0.,-1.,0.));
#407 = FACE_BOUND('',#408,.F.);
#408 = EDGE_LOOP('',(#409));
#409 = ORIENTED_EDGE('',*,*,#410,.T.);
#410 = EDGE_CURVE('',#411,#411,#413,.T.);
#411 = VERTEX_POINT('',#412);
#412 = CARTESIAN_POINT('',(127.77,-155.02,0.));
#413 = CIRCLE('',#414,0.55);
#414 = AXIS2_PLACEMENT_3D('',#415,#416,#417);
#415 = CARTESIAN_POINT('',(127.77,-154.47,0.));
#416 = DIRECTION('',(-0.,0.,-1.));
#417 = DIRECTION('',(-0.,-1.,0.));
#418 = FACE_BOUND('',#419,.F.);
#419 = EDGE_LOOP('',(#420));
#420 = ORIENTED_EDGE('',*,*,#421,.T.);
#421 = EDGE_CURVE('',#422,#422,#424,.T.);
#422 = VERTEX_POINT('',#423);
#423 = CARTESIAN_POINT('',(96.27,-152.13,0.));
#424 = CIRCLE('',#425,0.55);
#425 = AXIS2_PLACEMENT_3D('',#426,#427,#428);
#426 = CARTESIAN_POINT('',(96.27,-151.58,0.));
#427 = DIRECTION('',(-0.,0.,-1.));
#428 = DIRECTION('',(-0.,-1.,0.));
#429 = FACE_BOUND('',#430,.F.);
#430 = EDGE_LOOP('',(#431));
#431 = ORIENTED_EDGE('',*,*,#432,.T.);
#432 = EDGE_CURVE('',#433,#433,#435,.T.);
#433 = VERTEX_POINT('',#434);
#434 = CARTESIAN_POINT('',(99.67,-152.13,0.));
#435 = CIRCLE('',#436,0.55);
#436 = AXIS2_PLACEMENT_3D('',#437,#438,#439);
#437 = CARTESIAN_POINT('',(99.67,-151.58,0.));
#438 = DIRECTION('',(-0.,0.,-1.));
#439 = DIRECTION('',(-0.,-1.,0.));
#440 = FACE_BOUND('',#441,.F.);
#441 = EDGE_LOOP('',(#442));
#442 = ORIENTED_EDGE('',*,*,#443,.T.);
#443 = EDGE_CURVE('',#444,#444,#446,.T.);
#444 = VERTEX_POINT('',#445);
#445 = CARTESIAN_POINT('',(129.47,-151.32,0.));
#446 = CIRCLE('',#447,0.55);
#447 = AXIS2_PLACEMENT_3D('',#448,#449,#450);
#448 = CARTESIAN_POINT('',(129.47,-150.77,0.));
#449 = DIRECTION('',(-0.,0.,-1.));
#450 = DIRECTION('',(-0.,-1.,0.));
#451 = FACE_BOUND('',#452,.F.);
#452 = EDGE_LOOP('',(#453,#464,#472,#481));
#453 = ORIENTED_EDGE('',*,*,#454,.T.);
#454 = EDGE_CURVE('',#455,#457,#459,.T.);
#455 = VERTEX_POINT('',#456);
#456 = CARTESIAN_POINT('',(139.41,-167.395,0.));
#457 = VERTEX_POINT('',#458);
#458 = CARTESIAN_POINT('',(138.81,-167.395,0.));
#459 = CIRCLE('',#460,0.3);
#460 = AXIS2_PLACEMENT_3D('',#461,#462,#463);
#461 = CARTESIAN_POINT('',(139.11,-167.395,0.));
#462 = DIRECTION('',(-0.,0.,-1.));
#463 = DIRECTION('',(-1.,0.,0.));
#464 = ORIENTED_EDGE('',*,*,#465,.T.);
#465 = EDGE_CURVE('',#457,#466,#468,.T.);
#466 = VERTEX_POINT('',#467);
#467 = CARTESIAN_POINT('',(138.81,-166.595,0.));
#468 = LINE('',#469,#470);
#469 = CARTESIAN_POINT('',(138.81,-83.2975,0.));
#470 = VECTOR('',#471,1.);
#471 = DIRECTION('',(-0.,1.,0.));
#472 = ORIENTED_EDGE('',*,*,#473,.T.);
#473 = EDGE_CURVE('',#466,#474,#476,.T.);
#474 = VERTEX_POINT('',#475);
#475 = CARTESIAN_POINT('',(139.41,-166.595,0.));
#476 = CIRCLE('',#477,0.3);
#477 = AXIS2_PLACEMENT_3D('',#478,#479,#480);
#478 = CARTESIAN_POINT('',(139.11,-166.595,0.));
#479 = DIRECTION('',(0.,-0.,-1.));
#480 = DIRECTION('',(1.,-9.473903143468E-14,0.));
#481 = ORIENTED_EDGE('',*,*,#482,.T.);
#482 = EDGE_CURVE('',#474,#455,#483,.T.);
#483 = LINE('',#484,#485);
#484 = CARTESIAN_POINT('',(139.41,-83.6975,0.));
#485 = VECTOR('',#486,1.);
#486 = DIRECTION('',(0.,-1.,0.));
#487 = FACE_BOUND('',#488,.F.);
#488 = EDGE_LOOP('',(#489,#500,#508,#517));
#489 = ORIENTED_EDGE('',*,*,#490,.T.);
#490 = EDGE_CURVE('',#491,#493,#495,.T.);
#491 = VERTEX_POINT('',#492);
#492 = CARTESIAN_POINT('',(139.41,-163.365,0.));
#493 = VERTEX_POINT('',#494);
#494 = CARTESIAN_POINT('',(138.81,-163.365,0.));
#495 = CIRCLE('',#496,0.3);
#496 = AXIS2_PLACEMENT_3D('',#497,#498,#499);
#497 = CARTESIAN_POINT('',(139.11,-163.365,0.));
#498 = DIRECTION('',(-0.,0.,-1.));
#499 = DIRECTION('',(-1.,-9.473903143469E-14,0.));
#500 = ORIENTED_EDGE('',*,*,#501,.T.);
#501 = EDGE_CURVE('',#493,#502,#504,.T.);
#502 = VERTEX_POINT('',#503);
#503 = CARTESIAN_POINT('',(138.81,-162.265,0.));
#504 = LINE('',#505,#506);
#505 = CARTESIAN_POINT('',(138.81,-81.1325,0.));
#506 = VECTOR('',#507,1.);
#507 = DIRECTION('',(-0.,1.,0.));
#508 = ORIENTED_EDGE('',*,*,#509,.T.);
#509 = EDGE_CURVE('',#502,#510,#512,.T.);
#510 = VERTEX_POINT('',#511);
#511 = CARTESIAN_POINT('',(139.41,-162.265,0.));
#512 = CIRCLE('',#513,0.3);
#513 = AXIS2_PLACEMENT_3D('',#514,#515,#516);
#514 = CARTESIAN_POINT('',(139.11,-162.265,0.));
#515 = DIRECTION('',(0.,-0.,-1.));
#516 = DIRECTION('',(1.,9.473903143468E-14,-0.));
#517 = ORIENTED_EDGE('',*,*,#518,.T.);
#518 = EDGE_CURVE('',#510,#491,#519,.T.);
#519 = LINE('',#520,#521);
#520 = CARTESIAN_POINT('',(139.41,-81.6825,0.));
#521 = VECTOR('',#522,1.);
#522 = DIRECTION('',(0.,-1.,0.));
#523 = FACE_BOUND('',#524,.F.);
#524 = EDGE_LOOP('',(#525));
#525 = ORIENTED_EDGE('',*,*,#526,.T.);
#526 = EDGE_CURVE('',#527,#527,#529,.T.);
#527 = VERTEX_POINT('',#528);
#528 = CARTESIAN_POINT('',(140.54,-163.64,0.));
#529 = CIRCLE('',#530,0.325);
#530 = AXIS2_PLACEMENT_3D('',#531,#532,#533);
#531 = CARTESIAN_POINT('',(140.54,-163.315,0.));
#532 = DIRECTION('',(-0.,0.,-1.));
#533 = DIRECTION('',(-8.745141363202E-14,-1.,0.));
#534 = FACE_BOUND('',#535,.F.);
#535 = EDGE_LOOP('',(#536,#547,#555,#564));
#536 = ORIENTED_EDGE('',*,*,#537,.T.);
#537 = EDGE_CURVE('',#538,#540,#542,.T.);
#538 = VERTEX_POINT('',#539);
#539 = CARTESIAN_POINT('',(148.05,-167.395,0.));
#540 = VERTEX_POINT('',#541);
#541 = CARTESIAN_POINT('',(147.45,-167.395,0.));
#542 = CIRCLE('',#543,0.3);
#543 = AXIS2_PLACEMENT_3D('',#544,#545,#546);
#544 = CARTESIAN_POINT('',(147.75,-167.395,0.));
#545 = DIRECTION('',(-0.,0.,-1.));
#546 = DIRECTION('',(-1.,-9.473903143468E-14,0.));
#547 = ORIENTED_EDGE('',*,*,#548,.T.);
#548 = EDGE_CURVE('',#540,#549,#551,.T.);
#549 = VERTEX_POINT('',#550);
#550 = CARTESIAN_POINT('',(147.45,-166.595,0.));
#551 = LINE('',#552,#553);
#552 = CARTESIAN_POINT('',(147.45,-83.2975,0.));
#553 = VECTOR('',#554,1.);
#554 = DIRECTION('',(-0.,1.,0.));
#555 = ORIENTED_EDGE('',*,*,#556,.T.);
#556 = EDGE_CURVE('',#549,#557,#559,.T.);
#557 = VERTEX_POINT('',#558);
#558 = CARTESIAN_POINT('',(148.05,-166.595,0.));
#559 = CIRCLE('',#560,0.3);
#560 = AXIS2_PLACEMENT_3D('',#561,#562,#563);
#561 = CARTESIAN_POINT('',(147.75,-166.595,0.));
#562 = DIRECTION('',(0.,-0.,-1.));
#563 = DIRECTION('',(1.,0.,-0.));
#564 = ORIENTED_EDGE('',*,*,#565,.T.);
#565 = EDGE_CURVE('',#557,#538,#566,.T.);
#566 = LINE('',#567,#568);
#567 = CARTESIAN_POINT('',(148.05,-83.6975,0.));
#568 = VECTOR('',#569,1.);
#569 = DIRECTION('',(0.,-1.,0.));
#570 = FACE_BOUND('',#571,.F.);
#571 = EDGE_LOOP('',(#572));
#572 = ORIENTED_EDGE('',*,*,#573,.T.);
#573 = EDGE_CURVE('',#574,#574,#576,.T.);
#574 = VERTEX_POINT('',#575);
#575 = CARTESIAN_POINT('',(146.32,-163.64,0.));
#576 = CIRCLE('',#577,0.325);
#577 = AXIS2_PLACEMENT_3D('',#578,#579,#580);
#578 = CARTESIAN_POINT('',(146.32,-163.315,0.));
#579 = DIRECTION('',(-0.,0.,-1.));
#580 = DIRECTION('',(-0.,-1.,0.));
#581 = FACE_BOUND('',#582,.F.);
#582 = EDGE_LOOP('',(#583,#594,#602,#611));
#583 = ORIENTED_EDGE('',*,*,#584,.T.);
#584 = EDGE_CURVE('',#585,#587,#589,.T.);
#585 = VERTEX_POINT('',#586);
#586 = CARTESIAN_POINT('',(148.05,-163.365,0.));
#587 = VERTEX_POINT('',#588);
#588 = CARTESIAN_POINT('',(147.45,-163.365,0.));
#589 = CIRCLE('',#590,0.3);
#590 = AXIS2_PLACEMENT_3D('',#591,#592,#593);
#591 = CARTESIAN_POINT('',(147.75,-163.365,0.));
#592 = DIRECTION('',(-0.,0.,-1.));
#593 = DIRECTION('',(-1.,-1.894780628694E-13,0.));
#594 = ORIENTED_EDGE('',*,*,#595,.T.);
#595 = EDGE_CURVE('',#587,#596,#598,.T.);
#596 = VERTEX_POINT('',#597);
#597 = CARTESIAN_POINT('',(147.45,-162.265,0.));
#598 = LINE('',#599,#600);
#599 = CARTESIAN_POINT('',(147.45,-81.1325,0.));
#600 = VECTOR('',#601,1.);
#601 = DIRECTION('',(-0.,1.,0.));
#602 = ORIENTED_EDGE('',*,*,#603,.T.);
#603 = EDGE_CURVE('',#596,#604,#606,.T.);
#604 = VERTEX_POINT('',#605);
#605 = CARTESIAN_POINT('',(148.05,-162.265,0.));
#606 = CIRCLE('',#607,0.3);
#607 = AXIS2_PLACEMENT_3D('',#608,#609,#610);
#608 = CARTESIAN_POINT('',(147.75,-162.265,0.));
#609 = DIRECTION('',(0.,-0.,-1.));
#610 = DIRECTION('',(1.,1.894780628694E-13,-0.));
#611 = ORIENTED_EDGE('',*,*,#612,.T.);
#612 = EDGE_CURVE('',#604,#585,#613,.T.);
#613 = LINE('',#614,#615);
#614 = CARTESIAN_POINT('',(148.05,-81.6825,0.));
#615 = VECTOR('',#616,1.);
#616 = DIRECTION('',(0.,-1.,0.));
#617 = FACE_BOUND('',#618,.F.);
#618 = EDGE_LOOP('',(#619));
#619 = ORIENTED_EDGE('',*,*,#620,.T.);
#620 = EDGE_CURVE('',#621,#621,#623,.T.);
#621 = VERTEX_POINT('',#622);
#622 = CARTESIAN_POINT('',(131.17,-155.02,0.));
#623 = CIRCLE('',#624,0.55);
#624 = AXIS2_PLACEMENT_3D('',#625,#626,#627);
#625 = CARTESIAN_POINT('',(131.17,-154.47,0.));
#626 = DIRECTION('',(-0.,0.,-1.));
#627 = DIRECTION('',(-5.167583532801E-14,-1.,0.));
#628 = FACE_BOUND('',#629,.F.);
#629 = EDGE_LOOP('',(#630));
#630 = ORIENTED_EDGE('',*,*,#631,.T.);
#631 = EDGE_CURVE('',#632,#632,#634,.T.);
#632 = VERTEX_POINT('',#633);
#633 = CARTESIAN_POINT('',(134.57,-155.02,0.));
#634 = CIRCLE('',#635,0.55);
#635 = AXIS2_PLACEMENT_3D('',#636,#637,#638);
#636 = CARTESIAN_POINT('',(134.57,-154.47,0.));
#637 = DIRECTION('',(-0.,0.,-1.));
#638 = DIRECTION('',(-0.,-1.,0.));
#639 = FACE_BOUND('',#640,.F.);
#640 = EDGE_LOOP('',(#641));
#641 = ORIENTED_EDGE('',*,*,#642,.T.);
#642 = EDGE_CURVE('',#643,#643,#645,.T.);
#643 = VERTEX_POINT('',#644);
#644 = CARTESIAN_POINT('',(132.87,-151.32,0.));
#645 = CIRCLE('',#646,0.55);
#646 = AXIS2_PLACEMENT_3D('',#647,#648,#649);
#647 = CARTESIAN_POINT('',(132.87,-150.77,0.));
#648 = DIRECTION('',(-0.,0.,-1.));
#649 = DIRECTION('',(-0.,-1.,0.));
#650 = FACE_BOUND('',#651,.F.);
#651 = EDGE_LOOP('',(#652));
#652 = ORIENTED_EDGE('',*,*,#653,.T.);
#653 = EDGE_CURVE('',#654,#654,#656,.T.);
#654 = VERTEX_POINT('',#655);
#655 = CARTESIAN_POINT('',(147.066,-141.977,0.));
#656 = CIRCLE('',#657,2.15);
#657 = AXIS2_PLACEMENT_3D('',#658,#659,#660);
#658 = CARTESIAN_POINT('',(147.066,-139.827,0.));
#659 = DIRECTION('',(-0.,0.,-1.));
#660 = DIRECTION('',(-0.,-1.,0.));
#661 = FACE_BOUND('',#662,.F.);
#662 = EDGE_LOOP('',(#663));
#663 = ORIENTED_EDGE('',*,*,#664,.T.);
#664 = EDGE_CURVE('',#665,#665,#667,.T.);
#665 = VERTEX_POINT('',#666);
#666 = CARTESIAN_POINT('',(90.3,-129.2,0.));
#667 = CIRCLE('',#668,0.9);
#668 = AXIS2_PLACEMENT_3D('',#669,#670,#671);
#669 = CARTESIAN_POINT('',(90.3,-128.3,0.));
#670 = DIRECTION('',(-0.,0.,-1.));
#671 = DIRECTION('',(-1.578983857245E-14,-1.,0.));
#672 = FACE_BOUND('',#673,.F.);
#673 = EDGE_LOOP('',(#674));
#674 = ORIENTED_EDGE('',*,*,#675,.T.);
#675 = EDGE_CURVE('',#676,#676,#678,.T.);
#676 = VERTEX_POINT('',#677);
#677 = CARTESIAN_POINT('',(95.3,-129.2,0.));
#678 = CIRCLE('',#679,0.9);
#679 = AXIS2_PLACEMENT_3D('',#680,#681,#682);
#680 = CARTESIAN_POINT('',(95.3,-128.3,0.));
#681 = DIRECTION('',(-0.,0.,-1.));
#682 = DIRECTION('',(-1.578983857245E-14,-1.,0.));
#683 = FACE_BOUND('',#684,.F.);
#684 = EDGE_LOOP('',(#685));
#685 = ORIENTED_EDGE('',*,*,#686,.T.);
#686 = EDGE_CURVE('',#687,#687,#689,.T.);
#687 = VERTEX_POINT('',#688);
#688 = CARTESIAN_POINT('',(100.584,-109.084,0.));
#689 = CIRCLE('',#690,2.15);
#690 = AXIS2_PLACEMENT_3D('',#691,#692,#693);
#691 = CARTESIAN_POINT('',(100.584,-106.934,0.));
#692 = DIRECTION('',(-0.,0.,-1.));
#693 = DIRECTION('',(-0.,-1.,0.));
#694 = FACE_BOUND('',#695,.F.);
#695 = EDGE_LOOP('',(#696));
#696 = ORIENTED_EDGE('',*,*,#697,.T.);
#697 = EDGE_CURVE('',#698,#698,#700,.T.);
#698 = VERTEX_POINT('',#699);
#699 = CARTESIAN_POINT('',(112.755,-107.33,0.));
#700 = CIRCLE('',#701,0.9);
#701 = AXIS2_PLACEMENT_3D('',#702,#703,#704);
#702 = CARTESIAN_POINT('',(112.755,-106.43,0.));
#703 = DIRECTION('',(-0.,0.,-1.));
#704 = DIRECTION('',(-0.,-1.,0.));
#705 = FACE_BOUND('',#706,.F.);
#706 = EDGE_LOOP('',(#707));
#707 = ORIENTED_EDGE('',*,*,#708,.T.);
#708 = EDGE_CURVE('',#709,#709,#711,.T.);
#709 = VERTEX_POINT('',#710);
#710 = CARTESIAN_POINT('',(117.755,-107.33,0.));
#711 = CIRCLE('',#712,0.9);
#712 = AXIS2_PLACEMENT_3D('',#713,#714,#715);
#713 = CARTESIAN_POINT('',(117.755,-106.43,0.));
#714 = DIRECTION('',(-0.,0.,-1.));
#715 = DIRECTION('',(-0.,-1.,0.));
#716 = FACE_BOUND('',#717,.F.);
#717 = EDGE_LOOP('',(#718));
#718 = ORIENTED_EDGE('',*,*,#719,.T.);
#719 = EDGE_CURVE('',#720,#720,#722,.T.);
#720 = VERTEX_POINT('',#721);
#721 = CARTESIAN_POINT('',(141.35,-132.285,0.));
#722 = CIRCLE('',#723,0.635);
#723 = AXIS2_PLACEMENT_3D('',#724,#725,#726);
#724 = CARTESIAN_POINT('',(141.35,-131.65,0.));
#725 = DIRECTION('',(-0.,0.,-1.));
#726 = DIRECTION('',(-4.475859752819E-14,-1.,0.));
#727 = FACE_BOUND('',#728,.F.);
#728 = EDGE_LOOP('',(#729));
#729 = ORIENTED_EDGE('',*,*,#730,.T.);
#730 = EDGE_CURVE('',#731,#731,#733,.T.);
#731 = VERTEX_POINT('',#732);
#732 = CARTESIAN_POINT('',(143.89,-132.285,0.));
#733 = CIRCLE('',#734,0.635);
#734 = AXIS2_PLACEMENT_3D('',#735,#736,#737);
#735 = CARTESIAN_POINT('',(143.89,-131.65,0.));
#736 = DIRECTION('',(-0.,0.,-1.));
#737 = DIRECTION('',(-0.,-1.,0.));
#738 = FACE_BOUND('',#739,.F.);
#739 = EDGE_LOOP('',(#740));
#740 = ORIENTED_EDGE('',*,*,#741,.T.);
#741 = EDGE_CURVE('',#742,#742,#744,.T.);
#742 = VERTEX_POINT('',#743);
#743 = CARTESIAN_POINT('',(146.43,-132.285,0.));
#744 = CIRCLE('',#745,0.635);
#745 = AXIS2_PLACEMENT_3D('',#746,#747,#748);
#746 = CARTESIAN_POINT('',(146.43,-131.65,0.));
#747 = DIRECTION('',(-0.,0.,-1.));
#748 = DIRECTION('',(-0.,-1.,0.));
#749 = FACE_BOUND('',#750,.F.);
#750 = EDGE_LOOP('',(#751));
#751 = ORIENTED_EDGE('',*,*,#752,.T.);
#752 = EDGE_CURVE('',#753,#753,#755,.T.);
#753 = VERTEX_POINT('',#754);
#754 = CARTESIAN_POINT('',(148.97,-132.285,0.));
#755 = CIRCLE('',#756,0.635);
#756 = AXIS2_PLACEMENT_3D('',#757,#758,#759);
#757 = CARTESIAN_POINT('',(148.97,-131.65,0.));
#758 = DIRECTION('',(-0.,0.,-1.));
#759 = DIRECTION('',(-0.,-1.,0.));
#760 = FACE_BOUND('',#761,.F.);
#761 = EDGE_LOOP('',(#762));
#762 = ORIENTED_EDGE('',*,*,#763,.T.);
#763 = EDGE_CURVE('',#764,#764,#766,.T.);
#764 = VERTEX_POINT('',#765);
#765 = CARTESIAN_POINT('',(151.51,-132.285,0.));
#766 = CIRCLE('',#767,0.635);
#767 = AXIS2_PLACEMENT_3D('',#768,#769,#770);
#768 = CARTESIAN_POINT('',(151.51,-131.65,0.));
#769 = DIRECTION('',(-0.,0.,-1.));
#770 = DIRECTION('',(-0.,-1.,0.));
#771 = FACE_BOUND('',#772,.F.);
#772 = EDGE_LOOP('',(#773));
#773 = ORIENTED_EDGE('',*,*,#774,.T.);
#774 = EDGE_CURVE('',#775,#775,#777,.T.);
#775 = VERTEX_POINT('',#776);
#776 = CARTESIAN_POINT('',(154.05,-132.285,0.));
#777 = CIRCLE('',#778,0.635);
#778 = AXIS2_PLACEMENT_3D('',#779,#780,#781);
#779 = CARTESIAN_POINT('',(154.05,-131.65,0.));
#780 = DIRECTION('',(-0.,0.,-1.));
#781 = DIRECTION('',(-0.,-1.,0.));
#782 = FACE_BOUND('',#783,.F.);
#783 = EDGE_LOOP('',(#784));
#784 = ORIENTED_EDGE('',*,*,#785,.T.);
#785 = EDGE_CURVE('',#786,#786,#788,.T.);
#786 = VERTEX_POINT('',#787);
#787 = CARTESIAN_POINT('',(156.59,-132.285,0.));
#788 = CIRCLE('',#789,0.635);
#789 = AXIS2_PLACEMENT_3D('',#790,#791,#792);
#790 = CARTESIAN_POINT('',(156.59,-131.65,0.));
#791 = DIRECTION('',(-0.,0.,-1.));
#792 = DIRECTION('',(-0.,-1.,0.));
#793 = FACE_BOUND('',#794,.F.);
#794 = EDGE_LOOP('',(#795));
#795 = ORIENTED_EDGE('',*,*,#796,.T.);
#796 = EDGE_CURVE('',#797,#797,#799,.T.);
#797 = VERTEX_POINT('',#798);
#798 = CARTESIAN_POINT('',(159.13,-132.285,0.));
#799 = CIRCLE('',#800,0.635);
#800 = AXIS2_PLACEMENT_3D('',#801,#802,#803);
#801 = CARTESIAN_POINT('',(159.13,-131.65,0.));
#802 = DIRECTION('',(-0.,0.,-1.));
#803 = DIRECTION('',(-0.,-1.,0.));
#804 = FACE_BOUND('',#805,.F.);
#805 = EDGE_LOOP('',(#806));
#806 = ORIENTED_EDGE('',*,*,#807,.T.);
#807 = EDGE_CURVE('',#808,#808,#810,.T.);
#808 = VERTEX_POINT('',#809);
#809 = CARTESIAN_POINT('',(161.67,-132.285,0.));
#810 = CIRCLE('',#811,0.635);
#811 = AXIS2_PLACEMENT_3D('',#812,#813,#814);
#812 = CARTESIAN_POINT('',(161.67,-131.65,0.));
#813 = DIRECTION('',(-0.,0.,-1.));
#814 = DIRECTION('',(-4.475859752819E-14,-1.,0.));
#815 = FACE_BOUND('',#816,.F.);
#816 = EDGE_LOOP('',(#817));
#817 = ORIENTED_EDGE('',*,*,#818,.T.);
#818 = EDGE_CURVE('',#819,#819,#821,.T.);
#819 = VERTEX_POINT('',#820);
#820 = CARTESIAN_POINT('',(164.21,-132.285,0.));
#821 = CIRCLE('',#822,0.635);
#822 = AXIS2_PLACEMENT_3D('',#823,#824,#825);
#823 = CARTESIAN_POINT('',(164.21,-131.65,0.));
#824 = DIRECTION('',(-0.,0.,-1.));
#825 = DIRECTION('',(4.475859752819E-14,-1.,-0.));
#826 = FACE_BOUND('',#827,.F.);
#827 = EDGE_LOOP('',(#828));
#828 = ORIENTED_EDGE('',*,*,#829,.T.);
#829 = EDGE_CURVE('',#830,#830,#832,.T.);
#830 = VERTEX_POINT('',#831);
#831 = CARTESIAN_POINT('',(166.75,-132.285,0.));
#832 = CIRCLE('',#833,0.635);
#833 = AXIS2_PLACEMENT_3D('',#834,#835,#836);
#834 = CARTESIAN_POINT('',(166.75,-131.65,0.));
#835 = DIRECTION('',(-0.,0.,-1.));
#836 = DIRECTION('',(-0.,-1.,0.));
#837 = FACE_BOUND('',#838,.F.);
#838 = EDGE_LOOP('',(#839));
#839 = ORIENTED_EDGE('',*,*,#840,.T.);
#840 = EDGE_CURVE('',#841,#841,#843,.T.);
#841 = VERTEX_POINT('',#842);
#842 = CARTESIAN_POINT('',(169.29,-132.285,0.));
#843 = CIRCLE('',#844,0.635);
#844 = AXIS2_PLACEMENT_3D('',#845,#846,#847);
#845 = CARTESIAN_POINT('',(169.29,-131.65,0.));
#846 = DIRECTION('',(-0.,0.,-1.));
#847 = DIRECTION('',(-4.475859752819E-14,-1.,0.));
#848 = FACE_BOUND('',#849,.F.);
#849 = EDGE_LOOP('',(#850));
#850 = ORIENTED_EDGE('',*,*,#851,.T.);
#851 = EDGE_CURVE('',#852,#852,#854,.T.);
#852 = VERTEX_POINT('',#853);
#853 = CARTESIAN_POINT('',(171.83,-132.285,0.));
#854 = CIRCLE('',#855,0.635);
#855 = AXIS2_PLACEMENT_3D('',#856,#857,#858);
#856 = CARTESIAN_POINT('',(171.83,-131.65,0.));
#857 = DIRECTION('',(-0.,0.,-1.));
#858 = DIRECTION('',(4.475859752819E-14,-1.,-0.));
#859 = FACE_BOUND('',#860,.F.);
#860 = EDGE_LOOP('',(#861));
#861 = ORIENTED_EDGE('',*,*,#862,.T.);
#862 = EDGE_CURVE('',#863,#863,#865,.T.);
#863 = VERTEX_POINT('',#864);
#864 = CARTESIAN_POINT('',(174.37,-132.285,0.));
#865 = CIRCLE('',#866,0.635);
#866 = AXIS2_PLACEMENT_3D('',#867,#868,#869);
#867 = CARTESIAN_POINT('',(174.37,-131.65,0.));
#868 = DIRECTION('',(-0.,0.,-1.));
#869 = DIRECTION('',(-0.,-1.,0.));
#870 = FACE_BOUND('',#871,.F.);
#871 = EDGE_LOOP('',(#872));
#872 = ORIENTED_EDGE('',*,*,#873,.T.);
#873 = EDGE_CURVE('',#874,#874,#876,.T.);
#874 = VERTEX_POINT('',#875);
#875 = CARTESIAN_POINT('',(176.91,-132.285,0.));
#876 = CIRCLE('',#877,0.635);
#877 = AXIS2_PLACEMENT_3D('',#878,#879,#880);
#878 = CARTESIAN_POINT('',(176.91,-131.65,0.));
#879 = DIRECTION('',(-0.,0.,-1.));
#880 = DIRECTION('',(-0.,-1.,0.));
#881 = FACE_BOUND('',#882,.F.);
#882 = EDGE_LOOP('',(#883));
#883 = ORIENTED_EDGE('',*,*,#884,.T.);
#884 = EDGE_CURVE('',#885,#885,#887,.T.);
#885 = VERTEX_POINT('',#886);
#886 = CARTESIAN_POINT('',(141.35,-106.885,0.));
#887 = CIRCLE('',#888,0.635);
#888 = AXIS2_PLACEMENT_3D('',#889,#890,#891);
#889 = CARTESIAN_POINT('',(141.35,-106.25,0.));
#890 = DIRECTION('',(-0.,0.,-1.));
#891 = DIRECTION('',(-4.475859752819E-14,-1.,0.));
#892 = FACE_BOUND('',#893,.F.);
#893 = EDGE_LOOP('',(#894));
#894 = ORIENTED_EDGE('',*,*,#895,.T.);
#895 = EDGE_CURVE('',#896,#896,#898,.T.);
#896 = VERTEX_POINT('',#897);
#897 = CARTESIAN_POINT('',(143.89,-106.885,0.));
#898 = CIRCLE('',#899,0.635);
#899 = AXIS2_PLACEMENT_3D('',#900,#901,#902);
#900 = CARTESIAN_POINT('',(143.89,-106.25,0.));
#901 = DIRECTION('',(-0.,0.,-1.));
#902 = DIRECTION('',(-0.,-1.,0.));
#903 = FACE_BOUND('',#904,.F.);
#904 = EDGE_LOOP('',(#905));
#905 = ORIENTED_EDGE('',*,*,#906,.T.);
#906 = EDGE_CURVE('',#907,#907,#909,.T.);
#907 = VERTEX_POINT('',#908);
#908 = CARTESIAN_POINT('',(146.43,-106.885,0.));
#909 = CIRCLE('',#910,0.635);
#910 = AXIS2_PLACEMENT_3D('',#911,#912,#913);
#911 = CARTESIAN_POINT('',(146.43,-106.25,0.));
#912 = DIRECTION('',(-0.,0.,-1.));
#913 = DIRECTION('',(-0.,-1.,0.));
#914 = FACE_BOUND('',#915,.F.);
#915 = EDGE_LOOP('',(#916));
#916 = ORIENTED_EDGE('',*,*,#917,.T.);
#917 = EDGE_CURVE('',#918,#918,#920,.T.);
#918 = VERTEX_POINT('',#919);
#919 = CARTESIAN_POINT('',(148.97,-106.885,0.));
#920 = CIRCLE('',#921,0.635);
#921 = AXIS2_PLACEMENT_3D('',#922,#923,#924);
#922 = CARTESIAN_POINT('',(148.97,-106.25,0.));
#923 = DIRECTION('',(-0.,0.,-1.));
#924 = DIRECTION('',(-0.,-1.,0.));
#925 = FACE_BOUND('',#926,.F.);
#926 = EDGE_LOOP('',(#927));
#927 = ORIENTED_EDGE('',*,*,#928,.T.);
#928 = EDGE_CURVE('',#929,#929,#931,.T.);
#929 = VERTEX_POINT('',#930);
#930 = CARTESIAN_POINT('',(151.51,-106.885,0.));
#931 = CIRCLE('',#932,0.635);
#932 = AXIS2_PLACEMENT_3D('',#933,#934,#935);
#933 = CARTESIAN_POINT('',(151.51,-106.25,0.));
#934 = DIRECTION('',(-0.,0.,-1.));
#935 = DIRECTION('',(-0.,-1.,0.));
#936 = FACE_BOUND('',#937,.F.);
#937 = EDGE_LOOP('',(#938));
#938 = ORIENTED_EDGE('',*,*,#939,.T.);
#939 = EDGE_CURVE('',#940,#940,#942,.T.);
#940 = VERTEX_POINT('',#941);
#941 = CARTESIAN_POINT('',(154.05,-106.885,0.));
#942 = CIRCLE('',#943,0.635);
#943 = AXIS2_PLACEMENT_3D('',#944,#945,#946);
#944 = CARTESIAN_POINT('',(154.05,-106.25,0.));
#945 = DIRECTION('',(-0.,0.,-1.));
#946 = DIRECTION('',(-0.,-1.,0.));
#947 = FACE_BOUND('',#948,.F.);
#948 = EDGE_LOOP('',(#949));
#949 = ORIENTED_EDGE('',*,*,#950,.T.);
#950 = EDGE_CURVE('',#951,#951,#953,.T.);
#951 = VERTEX_POINT('',#952);
#952 = CARTESIAN_POINT('',(156.59,-106.885,0.));
#953 = CIRCLE('',#954,0.635);
#954 = AXIS2_PLACEMENT_3D('',#955,#956,#957);
#955 = CARTESIAN_POINT('',(156.59,-106.25,0.));
#956 = DIRECTION('',(-0.,0.,-1.));
#957 = DIRECTION('',(-0.,-1.,0.));
#958 = FACE_BOUND('',#959,.F.);
#959 = EDGE_LOOP('',(#960));
#960 = ORIENTED_EDGE('',*,*,#961,.T.);
#961 = EDGE_CURVE('',#962,#962,#964,.T.);
#962 = VERTEX_POINT('',#963);
#963 = CARTESIAN_POINT('',(159.13,-106.885,0.));
#964 = CIRCLE('',#965,0.635);
#965 = AXIS2_PLACEMENT_3D('',#966,#967,#968);
#966 = CARTESIAN_POINT('',(159.13,-106.25,0.));
#967 = DIRECTION('',(-0.,0.,-1.));
#968 = DIRECTION('',(-0.,-1.,0.));
#969 = FACE_BOUND('',#970,.F.);
#970 = EDGE_LOOP('',(#971));
#971 = ORIENTED_EDGE('',*,*,#972,.T.);
#972 = EDGE_CURVE('',#973,#973,#975,.T.);
#973 = VERTEX_POINT('',#974);
#974 = CARTESIAN_POINT('',(161.67,-106.885,0.));
#975 = CIRCLE('',#976,0.635);
#976 = AXIS2_PLACEMENT_3D('',#977,#978,#979);
#977 = CARTESIAN_POINT('',(161.67,-106.25,0.));
#978 = DIRECTION('',(-0.,0.,-1.));
#979 = DIRECTION('',(-4.475859752819E-14,-1.,0.));
#980 = FACE_BOUND('',#981,.F.);
#981 = EDGE_LOOP('',(#982));
#982 = ORIENTED_EDGE('',*,*,#983,.T.);
#983 = EDGE_CURVE('',#984,#984,#986,.T.);
#984 = VERTEX_POINT('',#985);
#985 = CARTESIAN_POINT('',(164.21,-106.885,0.));
#986 = CIRCLE('',#987,0.635);
#987 = AXIS2_PLACEMENT_3D('',#988,#989,#990);
#988 = CARTESIAN_POINT('',(164.21,-106.25,0.));
#989 = DIRECTION('',(-0.,0.,-1.));
#990 = DIRECTION('',(4.475859752819E-14,-1.,-0.));
#991 = FACE_BOUND('',#992,.F.);
#992 = EDGE_LOOP('',(#993));
#993 = ORIENTED_EDGE('',*,*,#994,.T.);
#994 = EDGE_CURVE('',#995,#995,#997,.T.);
#995 = VERTEX_POINT('',#996);
#996 = CARTESIAN_POINT('',(166.75,-106.885,0.));
#997 = CIRCLE('',#998,0.635);
#998 = AXIS2_PLACEMENT_3D('',#999,#1000,#1001);
#999 = CARTESIAN_POINT('',(166.75,-106.25,0.));
#1000 = DIRECTION('',(-0.,0.,-1.));
#1001 = DIRECTION('',(-0.,-1.,0.));
#1002 = FACE_BOUND('',#1003,.F.);
#1003 = EDGE_LOOP('',(#1004));
#1004 = ORIENTED_EDGE('',*,*,#1005,.T.);
#1005 = EDGE_CURVE('',#1006,#1006,#1008,.T.);
#1006 = VERTEX_POINT('',#1007);
#1007 = CARTESIAN_POINT('',(169.29,-106.885,0.));
#1008 = CIRCLE('',#1009,0.635);
#1009 = AXIS2_PLACEMENT_3D('',#1010,#1011,#1012);
#1010 = CARTESIAN_POINT('',(169.29,-106.25,0.));
#1011 = DIRECTION('',(-0.,0.,-1.));
#1012 = DIRECTION('',(-4.475859752819E-14,-1.,0.));
#1013 = FACE_BOUND('',#1014,.F.);
#1014 = EDGE_LOOP('',(#1015));
#1015 = ORIENTED_EDGE('',*,*,#1016,.T.);
#1016 = EDGE_CURVE('',#1017,#1017,#1019,.T.);
#1017 = VERTEX_POINT('',#1018);
#1018 = CARTESIAN_POINT('',(171.83,-106.885,0.));
#1019 = CIRCLE('',#1020,0.635);
#1020 = AXIS2_PLACEMENT_3D('',#1021,#1022,#1023);
#1021 = CARTESIAN_POINT('',(171.83,-106.25,0.));
#1022 = DIRECTION('',(-0.,0.,-1.));
#1023 = DIRECTION('',(4.475859752819E-14,-1.,-0.));
#1024 = FACE_BOUND('',#1025,.F.);
#1025 = EDGE_LOOP('',(#1026));
#1026 = ORIENTED_EDGE('',*,*,#1027,.T.);
#1027 = EDGE_CURVE('',#1028,#1028,#1030,.T.);
#1028 = VERTEX_POINT('',#1029);
#1029 = CARTESIAN_POINT('',(174.37,-106.885,0.));
#1030 = CIRCLE('',#1031,0.635);
#1031 = AXIS2_PLACEMENT_3D('',#1032,#1033,#1034);
#1032 = CARTESIAN_POINT('',(174.37,-106.25,0.));
#1033 = DIRECTION('',(-0.,0.,-1.));
#1034 = DIRECTION('',(-0.,-1.,0.));
#1035 = FACE_BOUND('',#1036,.F.);
#1036 = EDGE_LOOP('',(#1037));
#1037 = ORIENTED_EDGE('',*,*,#1038,.T.);
#1038 = EDGE_CURVE('',#1039,#1039,#1041,.T.);
#1039 = VERTEX_POINT('',#1040);
#1040 = CARTESIAN_POINT('',(176.91,-106.885,0.));
#1041 = CIRCLE('',#1042,0.635);
#1042 = AXIS2_PLACEMENT_3D('',#1043,#1044,#1045);
#1043 = CARTESIAN_POINT('',(176.91,-106.25,0.));
#1044 = DIRECTION('',(-0.,0.,-1.));
#1045 = DIRECTION('',(-0.,-1.,0.));
#1046 = PLANE('',#1047);
#1047 = AXIS2_PLACEMENT_3D('',#1048,#1049,#1050);
#1048 = CARTESIAN_POINT('',(0.,0.,0.));
#1049 = DIRECTION('',(0.,0.,1.));
#1050 = DIRECTION('',(1.,0.,-0.));
#1051 = ADVANCED_FACE('',(#1052,#1111,#1122,#1158,#1194,#1205,#1216,
    #1227,#1263,#1274,#1285,#1321,#1332,#1343,#1354,#1365,#1401,#1437,
    #1448,#1484,#1495,#1531,#1542,#1553,#1564,#1575,#1586,#1597,#1608,
    #1619,#1630,#1641,#1652,#1663,#1674,#1685,#1696,#1707,#1718,#1729,
    #1740,#1751,#1762,#1773,#1784,#1795,#1806,#1817,#1828,#1839,#1850,
    #1861,#1872,#1883,#1894,#1905,#1916,#1927,#1938,#1949),#1960,.T.);
#1052 = FACE_BOUND('',#1053,.T.);
#1053 = EDGE_LOOP('',(#1054,#1055,#1056,#1064,#1072,#1080,#1088,#1096,
    #1104,#1110));
#1054 = ORIENTED_EDGE('',*,*,#49,.F.);
#1055 = ORIENTED_EDGE('',*,*,#89,.F.);
#1056 = ORIENTED_EDGE('',*,*,#1057,.F.);
#1057 = EDGE_CURVE('',#1058,#82,#1060,.T.);
#1058 = VERTEX_POINT('',#1059);
#1059 = CARTESIAN_POINT('',(88.82,-101.6,1.510198));
#1060 = LINE('',#1061,#1062);
#1061 = CARTESIAN_POINT('',(88.82,-101.6,1.510198));
#1062 = VECTOR('',#1063,1.);
#1063 = DIRECTION('',(1.,0.,0.));
#1064 = ORIENTED_EDGE('',*,*,#1065,.F.);
#1065 = EDGE_CURVE('',#1066,#1058,#1068,.T.);
#1066 = VERTEX_POINT('',#1067);
#1067 = CARTESIAN_POINT('',(81.661,-108.759,1.510198));
#1068 = LINE('',#1069,#1070);
#1069 = CARTESIAN_POINT('',(81.661,-108.759,1.510198));
#1070 = VECTOR('',#1071,1.);
#1071 = DIRECTION('',(0.707106781187,0.707106781187,0.));
#1072 = ORIENTED_EDGE('',*,*,#1073,.F.);
#1073 = EDGE_CURVE('',#1074,#1066,#1076,.T.);
#1074 = VERTEX_POINT('',#1075);
#1075 = CARTESIAN_POINT('',(81.661,-163.021,1.510198));
#1076 = LINE('',#1077,#1078);
#1077 = CARTESIAN_POINT('',(81.661,-163.021,1.510198));
#1078 = VECTOR('',#1079,1.);
#1079 = DIRECTION('',(0.,1.,0.));
#1080 = ORIENTED_EDGE('',*,*,#1081,.F.);
#1081 = EDGE_CURVE('',#1082,#1074,#1084,.T.);
#1082 = VERTEX_POINT('',#1083);
#1083 = CARTESIAN_POINT('',(88.82,-170.18,1.510198));
#1084 = LINE('',#1085,#1086);
#1085 = CARTESIAN_POINT('',(88.82,-170.18,1.510198));
#1086 = VECTOR('',#1087,1.);
#1087 = DIRECTION('',(-0.707106781187,0.707106781187,0.));
#1088 = ORIENTED_EDGE('',*,*,#1089,.F.);
#1089 = EDGE_CURVE('',#1090,#1082,#1092,.T.);
#1090 = VERTEX_POINT('',#1091);
#1091 = CARTESIAN_POINT('',(149.86,-170.18,1.510198));
#1092 = LINE('',#1093,#1094);
#1093 = CARTESIAN_POINT('',(149.86,-170.18,1.510198));
#1094 = VECTOR('',#1095,1.);
#1095 = DIRECTION('',(-1.,0.,0.));
#1096 = ORIENTED_EDGE('',*,*,#1097,.F.);
#1097 = EDGE_CURVE('',#1098,#1090,#1100,.T.);
#1098 = VERTEX_POINT('',#1099);
#1099 = CARTESIAN_POINT('',(149.86,-144.446,1.510198));
#1100 = LINE('',#1101,#1102);
#1101 = CARTESIAN_POINT('',(149.86,-144.446,1.510198));
#1102 = VECTOR('',#1103,1.);
#1103 = DIRECTION('',(0.,-1.,0.));
#1104 = ORIENTED_EDGE('',*,*,#1105,.F.);
#1105 = EDGE_CURVE('',#112,#1098,#1106,.T.);
#1106 = LINE('',#1107,#1108);
#1107 = CARTESIAN_POINT('',(157.4,-136.906,1.510198));
#1108 = VECTOR('',#1109,1.);
#1109 = DIRECTION('',(-0.707106781187,-0.707106781187,0.));
#1110 = ORIENTED_EDGE('',*,*,#111,.F.);
#1111 = FACE_BOUND('',#1112,.T.);
#1112 = EDGE_LOOP('',(#1113));
#1113 = ORIENTED_EDGE('',*,*,#1114,.T.);
#1114 = EDGE_CURVE('',#1115,#1115,#1117,.T.);
#1115 = VERTEX_POINT('',#1116);
#1116 = CARTESIAN_POINT('',(86.36,-162.805,1.510198));
#1117 = CIRCLE('',#1118,2.15);
#1118 = AXIS2_PLACEMENT_3D('',#1119,#1120,#1121);
#1119 = CARTESIAN_POINT('',(86.36,-160.655,1.510198));
#1120 = DIRECTION('',(-0.,0.,-1.));
#1121 = DIRECTION('',(-0.,-1.,0.));
#1122 = FACE_BOUND('',#1123,.T.);
#1123 = EDGE_LOOP('',(#1124,#1135,#1143,#1152));
#1124 = ORIENTED_EDGE('',*,*,#1125,.T.);
#1125 = EDGE_CURVE('',#1126,#1128,#1130,.T.);
#1126 = VERTEX_POINT('',#1127);
#1127 = CARTESIAN_POINT('',(106.59,-167.355,1.510198));
#1128 = VERTEX_POINT('',#1129);
#1129 = CARTESIAN_POINT('',(105.99,-167.355,1.510198));
#1130 = CIRCLE('',#1131,0.3);
#1131 = AXIS2_PLACEMENT_3D('',#1132,#1133,#1134);
#1132 = CARTESIAN_POINT('',(106.29,-167.355,1.510198));
#1133 = DIRECTION('',(-0.,0.,-1.));
#1134 = DIRECTION('',(-1.,0.,0.));
#1135 = ORIENTED_EDGE('',*,*,#1136,.T.);
#1136 = EDGE_CURVE('',#1128,#1137,#1139,.T.);
#1137 = VERTEX_POINT('',#1138);
#1138 = CARTESIAN_POINT('',(105.99,-166.555,1.510198));
#1139 = LINE('',#1140,#1141);
#1140 = CARTESIAN_POINT('',(105.99,-83.2775,1.510198));
#1141 = VECTOR('',#1142,1.);
#1142 = DIRECTION('',(-0.,1.,0.));
#1143 = ORIENTED_EDGE('',*,*,#1144,.T.);
#1144 = EDGE_CURVE('',#1137,#1145,#1147,.T.);
#1145 = VERTEX_POINT('',#1146);
#1146 = CARTESIAN_POINT('',(106.59,-166.555,1.510198));
#1147 = CIRCLE('',#1148,0.3);
#1148 = AXIS2_PLACEMENT_3D('',#1149,#1150,#1151);
#1149 = CARTESIAN_POINT('',(106.29,-166.555,1.510198));
#1150 = DIRECTION('',(0.,-0.,-1.));
#1151 = DIRECTION('',(1.,0.,-0.));
#1152 = ORIENTED_EDGE('',*,*,#1153,.T.);
#1153 = EDGE_CURVE('',#1145,#1126,#1154,.T.);
#1154 = LINE('',#1155,#1156);
#1155 = CARTESIAN_POINT('',(106.59,-83.6775,1.510198));
#1156 = VECTOR('',#1157,1.);
#1157 = DIRECTION('',(0.,-1.,0.));
#1158 = FACE_BOUND('',#1159,.T.);
#1159 = EDGE_LOOP('',(#1160,#1171,#1179,#1188));
#1160 = ORIENTED_EDGE('',*,*,#1161,.T.);
#1161 = EDGE_CURVE('',#1162,#1164,#1166,.T.);
#1162 = VERTEX_POINT('',#1163);
#1163 = CARTESIAN_POINT('',(106.59,-163.325,1.510198));
#1164 = VERTEX_POINT('',#1165);
#1165 = CARTESIAN_POINT('',(105.99,-163.325,1.510198));
#1166 = CIRCLE('',#1167,0.3);
#1167 = AXIS2_PLACEMENT_3D('',#1168,#1169,#1170);
#1168 = CARTESIAN_POINT('',(106.29,-163.325,1.510198));
#1169 = DIRECTION('',(-0.,0.,-1.));
#1170 = DIRECTION('',(-1.,0.,0.));
#1171 = ORIENTED_EDGE('',*,*,#1172,.T.);
#1172 = EDGE_CURVE('',#1164,#1173,#1175,.T.);
#1173 = VERTEX_POINT('',#1174);
#1174 = CARTESIAN_POINT('',(105.99,-162.225,1.510198));
#1175 = LINE('',#1176,#1177);
#1176 = CARTESIAN_POINT('',(105.99,-81.1125,1.510198));
#1177 = VECTOR('',#1178,1.);
#1178 = DIRECTION('',(-0.,1.,0.));
#1179 = ORIENTED_EDGE('',*,*,#1180,.T.);
#1180 = EDGE_CURVE('',#1173,#1181,#1183,.T.);
#1181 = VERTEX_POINT('',#1182);
#1182 = CARTESIAN_POINT('',(106.59,-162.225,1.510198));
#1183 = CIRCLE('',#1184,0.3);
#1184 = AXIS2_PLACEMENT_3D('',#1185,#1186,#1187);
#1185 = CARTESIAN_POINT('',(106.29,-162.225,1.510198));
#1186 = DIRECTION('',(0.,-0.,-1.));
#1187 = DIRECTION('',(1.,0.,-0.));
#1188 = ORIENTED_EDGE('',*,*,#1189,.T.);
#1189 = EDGE_CURVE('',#1181,#1162,#1190,.T.);
#1190 = LINE('',#1191,#1192);
#1191 = CARTESIAN_POINT('',(106.59,-81.6625,1.510198));
#1192 = VECTOR('',#1193,1.);
#1193 = DIRECTION('',(0.,-1.,0.));
#1194 = FACE_BOUND('',#1195,.T.);
#1195 = EDGE_LOOP('',(#1196));
#1196 = ORIENTED_EDGE('',*,*,#1197,.T.);
#1197 = EDGE_CURVE('',#1198,#1198,#1200,.T.);
#1198 = VERTEX_POINT('',#1199);
#1199 = CARTESIAN_POINT('',(94.57,-155.83,1.510198));
#1200 = CIRCLE('',#1201,0.55);
#1201 = AXIS2_PLACEMENT_3D('',#1202,#1203,#1204);
#1202 = CARTESIAN_POINT('',(94.57,-155.28,1.510198));
#1203 = DIRECTION('',(-0.,0.,-1.));
#1204 = DIRECTION('',(-0.,-1.,0.));
#1205 = FACE_BOUND('',#1206,.T.);
#1206 = EDGE_LOOP('',(#1207));
#1207 = ORIENTED_EDGE('',*,*,#1208,.T.);
#1208 = EDGE_CURVE('',#1209,#1209,#1211,.T.);
#1209 = VERTEX_POINT('',#1210);
#1210 = CARTESIAN_POINT('',(97.97,-155.83,1.510198));
#1211 = CIRCLE('',#1212,0.55);
#1212 = AXIS2_PLACEMENT_3D('',#1213,#1214,#1215);
#1213 = CARTESIAN_POINT('',(97.97,-155.28,1.510198));
#1214 = DIRECTION('',(-0.,0.,-1.));
#1215 = DIRECTION('',(-0.,-1.,0.));
#1216 = FACE_BOUND('',#1217,.T.);
#1217 = EDGE_LOOP('',(#1218));
#1218 = ORIENTED_EDGE('',*,*,#1219,.T.);
#1219 = EDGE_CURVE('',#1220,#1220,#1222,.T.);
#1220 = VERTEX_POINT('',#1221);
#1221 = CARTESIAN_POINT('',(101.37,-155.83,1.510198));
#1222 = CIRCLE('',#1223,0.55);
#1223 = AXIS2_PLACEMENT_3D('',#1224,#1225,#1226);
#1224 = CARTESIAN_POINT('',(101.37,-155.28,1.510198));
#1225 = DIRECTION('',(-0.,0.,-1.));
#1226 = DIRECTION('',(-0.,-1.,0.));
#1227 = FACE_BOUND('',#1228,.T.);
#1228 = EDGE_LOOP('',(#1229,#1240,#1248,#1257));
#1229 = ORIENTED_EDGE('',*,*,#1230,.T.);
#1230 = EDGE_CURVE('',#1231,#1233,#1235,.T.);
#1231 = VERTEX_POINT('',#1232);
#1232 = CARTESIAN_POINT('',(115.23,-167.355,1.510198));
#1233 = VERTEX_POINT('',#1234);
#1234 = CARTESIAN_POINT('',(114.63,-167.355,1.510198));
#1235 = CIRCLE('',#1236,0.3);
#1236 = AXIS2_PLACEMENT_3D('',#1237,#1238,#1239);
#1237 = CARTESIAN_POINT('',(114.93,-167.355,1.510198));
#1238 = DIRECTION('',(-0.,0.,-1.));
#1239 = DIRECTION('',(-1.,0.,0.));
#1240 = ORIENTED_EDGE('',*,*,#1241,.T.);
#1241 = EDGE_CURVE('',#1233,#1242,#1244,.T.);
#1242 = VERTEX_POINT('',#1243);
#1243 = CARTESIAN_POINT('',(114.63,-166.555,1.510198));
#1244 = LINE('',#1245,#1246);
#1245 = CARTESIAN_POINT('',(114.63,-83.2775,1.510198));
#1246 = VECTOR('',#1247,1.);
#1247 = DIRECTION('',(-0.,1.,0.));
#1248 = ORIENTED_EDGE('',*,*,#1249,.T.);
#1249 = EDGE_CURVE('',#1242,#1250,#1252,.T.);
#1250 = VERTEX_POINT('',#1251);
#1251 = CARTESIAN_POINT('',(115.23,-166.555,1.510198));
#1252 = CIRCLE('',#1253,0.3);
#1253 = AXIS2_PLACEMENT_3D('',#1254,#1255,#1256);
#1254 = CARTESIAN_POINT('',(114.93,-166.555,1.510198));
#1255 = DIRECTION('',(0.,-0.,-1.));
#1256 = DIRECTION('',(1.,0.,-0.));
#1257 = ORIENTED_EDGE('',*,*,#1258,.T.);
#1258 = EDGE_CURVE('',#1250,#1231,#1259,.T.);
#1259 = LINE('',#1260,#1261);
#1260 = CARTESIAN_POINT('',(115.23,-83.6775,1.510198));
#1261 = VECTOR('',#1262,1.);
#1262 = DIRECTION('',(0.,-1.,0.));
#1263 = FACE_BOUND('',#1264,.T.);
#1264 = EDGE_LOOP('',(#1265));
#1265 = ORIENTED_EDGE('',*,*,#1266,.T.);
#1266 = EDGE_CURVE('',#1267,#1267,#1269,.T.);
#1267 = VERTEX_POINT('',#1268);
#1268 = CARTESIAN_POINT('',(107.72,-163.6,1.510198));
#1269 = CIRCLE('',#1270,0.325);
#1270 = AXIS2_PLACEMENT_3D('',#1271,#1272,#1273);
#1271 = CARTESIAN_POINT('',(107.72,-163.275,1.510198));
#1272 = DIRECTION('',(-0.,0.,-1.));
#1273 = DIRECTION('',(-0.,-1.,0.));
#1274 = FACE_BOUND('',#1275,.T.);
#1275 = EDGE_LOOP('',(#1276));
#1276 = ORIENTED_EDGE('',*,*,#1277,.T.);
#1277 = EDGE_CURVE('',#1278,#1278,#1280,.T.);
#1278 = VERTEX_POINT('',#1279);
#1279 = CARTESIAN_POINT('',(113.5,-163.6,1.510198));
#1280 = CIRCLE('',#1281,0.325);
#1281 = AXIS2_PLACEMENT_3D('',#1282,#1283,#1284);
#1282 = CARTESIAN_POINT('',(113.5,-163.275,1.510198));
#1283 = DIRECTION('',(-0.,0.,-1.));
#1284 = DIRECTION('',(-0.,-1.,0.));
#1285 = FACE_BOUND('',#1286,.T.);
#1286 = EDGE_LOOP('',(#1287,#1298,#1306,#1315));
#1287 = ORIENTED_EDGE('',*,*,#1288,.T.);
#1288 = EDGE_CURVE('',#1289,#1291,#1293,.T.);
#1289 = VERTEX_POINT('',#1290);
#1290 = CARTESIAN_POINT('',(115.23,-163.325,1.510198));
#1291 = VERTEX_POINT('',#1292);
#1292 = CARTESIAN_POINT('',(114.63,-163.325,1.510198));
#1293 = CIRCLE('',#1294,0.3);
#1294 = AXIS2_PLACEMENT_3D('',#1295,#1296,#1297);
#1295 = CARTESIAN_POINT('',(114.93,-163.325,1.510198));
#1296 = DIRECTION('',(-0.,0.,-1.));
#1297 = DIRECTION('',(-1.,0.,0.));
#1298 = ORIENTED_EDGE('',*,*,#1299,.T.);
#1299 = EDGE_CURVE('',#1291,#1300,#1302,.T.);
#1300 = VERTEX_POINT('',#1301);
#1301 = CARTESIAN_POINT('',(114.63,-162.225,1.510198));
#1302 = LINE('',#1303,#1304);
#1303 = CARTESIAN_POINT('',(114.63,-81.1125,1.510198));
#1304 = VECTOR('',#1305,1.);
#1305 = DIRECTION('',(-0.,1.,0.));
#1306 = ORIENTED_EDGE('',*,*,#1307,.T.);
#1307 = EDGE_CURVE('',#1300,#1308,#1310,.T.);
#1308 = VERTEX_POINT('',#1309);
#1309 = CARTESIAN_POINT('',(115.23,-162.225,1.510198));
#1310 = CIRCLE('',#1311,0.3);
#1311 = AXIS2_PLACEMENT_3D('',#1312,#1313,#1314);
#1312 = CARTESIAN_POINT('',(114.93,-162.225,1.510198));
#1313 = DIRECTION('',(0.,-0.,-1.));
#1314 = DIRECTION('',(1.,0.,-0.));
#1315 = ORIENTED_EDGE('',*,*,#1316,.T.);
#1316 = EDGE_CURVE('',#1308,#1289,#1317,.T.);
#1317 = LINE('',#1318,#1319);
#1318 = CARTESIAN_POINT('',(115.23,-81.6625,1.510198));
#1319 = VECTOR('',#1320,1.);
#1320 = DIRECTION('',(0.,-1.,0.));
#1321 = FACE_BOUND('',#1322,.T.);
#1322 = EDGE_LOOP('',(#1323));
#1323 = ORIENTED_EDGE('',*,*,#1324,.T.);
#1324 = EDGE_CURVE('',#1325,#1325,#1327,.T.);
#1325 = VERTEX_POINT('',#1326);
#1326 = CARTESIAN_POINT('',(127.77,-155.02,1.510198));
#1327 = CIRCLE('',#1328,0.55);
#1328 = AXIS2_PLACEMENT_3D('',#1329,#1330,#1331);
#1329 = CARTESIAN_POINT('',(127.77,-154.47,1.510198));
#1330 = DIRECTION('',(-0.,0.,-1.));
#1331 = DIRECTION('',(-0.,-1.,0.));
#1332 = FACE_BOUND('',#1333,.T.);
#1333 = EDGE_LOOP('',(#1334));
#1334 = ORIENTED_EDGE('',*,*,#1335,.T.);
#1335 = EDGE_CURVE('',#1336,#1336,#1338,.T.);
#1336 = VERTEX_POINT('',#1337);
#1337 = CARTESIAN_POINT('',(96.27,-152.13,1.510198));
#1338 = CIRCLE('',#1339,0.55);
#1339 = AXIS2_PLACEMENT_3D('',#1340,#1341,#1342);
#1340 = CARTESIAN_POINT('',(96.27,-151.58,1.510198));
#1341 = DIRECTION('',(-0.,0.,-1.));
#1342 = DIRECTION('',(-0.,-1.,0.));
#1343 = FACE_BOUND('',#1344,.T.);
#1344 = EDGE_LOOP('',(#1345));
#1345 = ORIENTED_EDGE('',*,*,#1346,.T.);
#1346 = EDGE_CURVE('',#1347,#1347,#1349,.T.);
#1347 = VERTEX_POINT('',#1348);
#1348 = CARTESIAN_POINT('',(99.67,-152.13,1.510198));
#1349 = CIRCLE('',#1350,0.55);
#1350 = AXIS2_PLACEMENT_3D('',#1351,#1352,#1353);
#1351 = CARTESIAN_POINT('',(99.67,-151.58,1.510198));
#1352 = DIRECTION('',(-0.,0.,-1.));
#1353 = DIRECTION('',(-0.,-1.,0.));
#1354 = FACE_BOUND('',#1355,.T.);
#1355 = EDGE_LOOP('',(#1356));
#1356 = ORIENTED_EDGE('',*,*,#1357,.T.);
#1357 = EDGE_CURVE('',#1358,#1358,#1360,.T.);
#1358 = VERTEX_POINT('',#1359);
#1359 = CARTESIAN_POINT('',(129.47,-151.32,1.510198));
#1360 = CIRCLE('',#1361,0.55);
#1361 = AXIS2_PLACEMENT_3D('',#1362,#1363,#1364);
#1362 = CARTESIAN_POINT('',(129.47,-150.77,1.510198));
#1363 = DIRECTION('',(-0.,0.,-1.));
#1364 = DIRECTION('',(-0.,-1.,0.));
#1365 = FACE_BOUND('',#1366,.T.);
#1366 = EDGE_LOOP('',(#1367,#1378,#1386,#1395));
#1367 = ORIENTED_EDGE('',*,*,#1368,.T.);
#1368 = EDGE_CURVE('',#1369,#1371,#1373,.T.);
#1369 = VERTEX_POINT('',#1370);
#1370 = CARTESIAN_POINT('',(139.41,-167.395,1.510198));
#1371 = VERTEX_POINT('',#1372);
#1372 = CARTESIAN_POINT('',(138.81,-167.395,1.510198));
#1373 = CIRCLE('',#1374,0.3);
#1374 = AXIS2_PLACEMENT_3D('',#1375,#1376,#1377);
#1375 = CARTESIAN_POINT('',(139.11,-167.395,1.510198));
#1376 = DIRECTION('',(-0.,0.,-1.));
#1377 = DIRECTION('',(-1.,0.,0.));
#1378 = ORIENTED_EDGE('',*,*,#1379,.T.);
#1379 = EDGE_CURVE('',#1371,#1380,#1382,.T.);
#1380 = VERTEX_POINT('',#1381);
#1381 = CARTESIAN_POINT('',(138.81,-166.595,1.510198));
#1382 = LINE('',#1383,#1384);
#1383 = CARTESIAN_POINT('',(138.81,-83.2975,1.510198));
#1384 = VECTOR('',#1385,1.);
#1385 = DIRECTION('',(-0.,1.,0.));
#1386 = ORIENTED_EDGE('',*,*,#1387,.T.);
#1387 = EDGE_CURVE('',#1380,#1388,#1390,.T.);
#1388 = VERTEX_POINT('',#1389);
#1389 = CARTESIAN_POINT('',(139.41,-166.595,1.510198));
#1390 = CIRCLE('',#1391,0.3);
#1391 = AXIS2_PLACEMENT_3D('',#1392,#1393,#1394);
#1392 = CARTESIAN_POINT('',(139.11,-166.595,1.510198));
#1393 = DIRECTION('',(0.,-0.,-1.));
#1394 = DIRECTION('',(1.,-9.473903143468E-14,0.));
#1395 = ORIENTED_EDGE('',*,*,#1396,.T.);
#1396 = EDGE_CURVE('',#1388,#1369,#1397,.T.);
#1397 = LINE('',#1398,#1399);
#1398 = CARTESIAN_POINT('',(139.41,-83.6975,1.510198));
#1399 = VECTOR('',#1400,1.);
#1400 = DIRECTION('',(0.,-1.,0.));
#1401 = FACE_BOUND('',#1402,.T.);
#1402 = EDGE_LOOP('',(#1403,#1414,#1422,#1431));
#1403 = ORIENTED_EDGE('',*,*,#1404,.T.);
#1404 = EDGE_CURVE('',#1405,#1407,#1409,.T.);
#1405 = VERTEX_POINT('',#1406);
#1406 = CARTESIAN_POINT('',(139.41,-163.365,1.510198));
#1407 = VERTEX_POINT('',#1408);
#1408 = CARTESIAN_POINT('',(138.81,-163.365,1.510198));
#1409 = CIRCLE('',#1410,0.3);
#1410 = AXIS2_PLACEMENT_3D('',#1411,#1412,#1413);
#1411 = CARTESIAN_POINT('',(139.11,-163.365,1.510198));
#1412 = DIRECTION('',(-0.,0.,-1.));
#1413 = DIRECTION('',(-1.,-9.473903143469E-14,0.));
#1414 = ORIENTED_EDGE('',*,*,#1415,.T.);
#1415 = EDGE_CURVE('',#1407,#1416,#1418,.T.);
#1416 = VERTEX_POINT('',#1417);
#1417 = CARTESIAN_POINT('',(138.81,-162.265,1.510198));
#1418 = LINE('',#1419,#1420);
#1419 = CARTESIAN_POINT('',(138.81,-81.1325,1.510198));
#1420 = VECTOR('',#1421,1.);
#1421 = DIRECTION('',(-0.,1.,0.));
#1422 = ORIENTED_EDGE('',*,*,#1423,.T.);
#1423 = EDGE_CURVE('',#1416,#1424,#1426,.T.);
#1424 = VERTEX_POINT('',#1425);
#1425 = CARTESIAN_POINT('',(139.41,-162.265,1.510198));
#1426 = CIRCLE('',#1427,0.3);
#1427 = AXIS2_PLACEMENT_3D('',#1428,#1429,#1430);
#1428 = CARTESIAN_POINT('',(139.11,-162.265,1.510198));
#1429 = DIRECTION('',(0.,-0.,-1.));
#1430 = DIRECTION('',(1.,9.473903143468E-14,-0.));
#1431 = ORIENTED_EDGE('',*,*,#1432,.T.);
#1432 = EDGE_CURVE('',#1424,#1405,#1433,.T.);
#1433 = LINE('',#1434,#1435);
#1434 = CARTESIAN_POINT('',(139.41,-81.6825,1.510198));
#1435 = VECTOR('',#1436,1.);
#1436 = DIRECTION('',(0.,-1.,0.));
#1437 = FACE_BOUND('',#1438,.T.);
#1438 = EDGE_LOOP('',(#1439));
#1439 = ORIENTED_EDGE('',*,*,#1440,.T.);
#1440 = EDGE_CURVE('',#1441,#1441,#1443,.T.);
#1441 = VERTEX_POINT('',#1442);
#1442 = CARTESIAN_POINT('',(140.54,-163.64,1.510198));
#1443 = CIRCLE('',#1444,0.325);
#1444 = AXIS2_PLACEMENT_3D('',#1445,#1446,#1447);
#1445 = CARTESIAN_POINT('',(140.54,-163.315,1.510198));
#1446 = DIRECTION('',(-0.,0.,-1.));
#1447 = DIRECTION('',(-8.745141363202E-14,-1.,0.));
#1448 = FACE_BOUND('',#1449,.T.);
#1449 = EDGE_LOOP('',(#1450,#1461,#1469,#1478));
#1450 = ORIENTED_EDGE('',*,*,#1451,.T.);
#1451 = EDGE_CURVE('',#1452,#1454,#1456,.T.);
#1452 = VERTEX_POINT('',#1453);
#1453 = CARTESIAN_POINT('',(148.05,-167.395,1.510198));
#1454 = VERTEX_POINT('',#1455);
#1455 = CARTESIAN_POINT('',(147.45,-167.395,1.510198));
#1456 = CIRCLE('',#1457,0.3);
#1457 = AXIS2_PLACEMENT_3D('',#1458,#1459,#1460);
#1458 = CARTESIAN_POINT('',(147.75,-167.395,1.510198));
#1459 = DIRECTION('',(-0.,0.,-1.));
#1460 = DIRECTION('',(-1.,-9.473903143468E-14,0.));
#1461 = ORIENTED_EDGE('',*,*,#1462,.T.);
#1462 = EDGE_CURVE('',#1454,#1463,#1465,.T.);
#1463 = VERTEX_POINT('',#1464);
#1464 = CARTESIAN_POINT('',(147.45,-166.595,1.510198));
#1465 = LINE('',#1466,#1467);
#1466 = CARTESIAN_POINT('',(147.45,-83.2975,1.510198));
#1467 = VECTOR('',#1468,1.);
#1468 = DIRECTION('',(-0.,1.,0.));
#1469 = ORIENTED_EDGE('',*,*,#1470,.T.);
#1470 = EDGE_CURVE('',#1463,#1471,#1473,.T.);
#1471 = VERTEX_POINT('',#1472);
#1472 = CARTESIAN_POINT('',(148.05,-166.595,1.510198));
#1473 = CIRCLE('',#1474,0.3);
#1474 = AXIS2_PLACEMENT_3D('',#1475,#1476,#1477);
#1475 = CARTESIAN_POINT('',(147.75,-166.595,1.510198));
#1476 = DIRECTION('',(0.,-0.,-1.));
#1477 = DIRECTION('',(1.,0.,-0.));
#1478 = ORIENTED_EDGE('',*,*,#1479,.T.);
#1479 = EDGE_CURVE('',#1471,#1452,#1480,.T.);
#1480 = LINE('',#1481,#1482);
#1481 = CARTESIAN_POINT('',(148.05,-83.6975,1.510198));
#1482 = VECTOR('',#1483,1.);
#1483 = DIRECTION('',(0.,-1.,0.));
#1484 = FACE_BOUND('',#1485,.T.);
#1485 = EDGE_LOOP('',(#1486));
#1486 = ORIENTED_EDGE('',*,*,#1487,.T.);
#1487 = EDGE_CURVE('',#1488,#1488,#1490,.T.);
#1488 = VERTEX_POINT('',#1489);
#1489 = CARTESIAN_POINT('',(146.32,-163.64,1.510198));
#1490 = CIRCLE('',#1491,0.325);
#1491 = AXIS2_PLACEMENT_3D('',#1492,#1493,#1494);
#1492 = CARTESIAN_POINT('',(146.32,-163.315,1.510198));
#1493 = DIRECTION('',(-0.,0.,-1.));
#1494 = DIRECTION('',(-0.,-1.,0.));
#1495 = FACE_BOUND('',#1496,.T.);
#1496 = EDGE_LOOP('',(#1497,#1508,#1516,#1525));
#1497 = ORIENTED_EDGE('',*,*,#1498,.T.);
#1498 = EDGE_CURVE('',#1499,#1501,#1503,.T.);
#1499 = VERTEX_POINT('',#1500);
#1500 = CARTESIAN_POINT('',(148.05,-163.365,1.510198));
#1501 = VERTEX_POINT('',#1502);
#1502 = CARTESIAN_POINT('',(147.45,-163.365,1.510198));
#1503 = CIRCLE('',#1504,0.3);
#1504 = AXIS2_PLACEMENT_3D('',#1505,#1506,#1507);
#1505 = CARTESIAN_POINT('',(147.75,-163.365,1.510198));
#1506 = DIRECTION('',(-0.,0.,-1.));
#1507 = DIRECTION('',(-1.,-1.894780628694E-13,0.));
#1508 = ORIENTED_EDGE('',*,*,#1509,.T.);
#1509 = EDGE_CURVE('',#1501,#1510,#1512,.T.);
#1510 = VERTEX_POINT('',#1511);
#1511 = CARTESIAN_POINT('',(147.45,-162.265,1.510198));
#1512 = LINE('',#1513,#1514);
#1513 = CARTESIAN_POINT('',(147.45,-81.1325,1.510198));
#1514 = VECTOR('',#1515,1.);
#1515 = DIRECTION('',(-0.,1.,0.));
#1516 = ORIENTED_EDGE('',*,*,#1517,.T.);
#1517 = EDGE_CURVE('',#1510,#1518,#1520,.T.);
#1518 = VERTEX_POINT('',#1519);
#1519 = CARTESIAN_POINT('',(148.05,-162.265,1.510198));
#1520 = CIRCLE('',#1521,0.3);
#1521 = AXIS2_PLACEMENT_3D('',#1522,#1523,#1524);
#1522 = CARTESIAN_POINT('',(147.75,-162.265,1.510198));
#1523 = DIRECTION('',(0.,-0.,-1.));
#1524 = DIRECTION('',(1.,1.894780628694E-13,-0.));
#1525 = ORIENTED_EDGE('',*,*,#1526,.T.);
#1526 = EDGE_CURVE('',#1518,#1499,#1527,.T.);
#1527 = LINE('',#1528,#1529);
#1528 = CARTESIAN_POINT('',(148.05,-81.6825,1.510198));
#1529 = VECTOR('',#1530,1.);
#1530 = DIRECTION('',(0.,-1.,0.));
#1531 = FACE_BOUND('',#1532,.T.);
#1532 = EDGE_LOOP('',(#1533));
#1533 = ORIENTED_EDGE('',*,*,#1534,.T.);
#1534 = EDGE_CURVE('',#1535,#1535,#1537,.T.);
#1535 = VERTEX_POINT('',#1536);
#1536 = CARTESIAN_POINT('',(131.17,-155.02,1.510198));
#1537 = CIRCLE('',#1538,0.55);
#1538 = AXIS2_PLACEMENT_3D('',#1539,#1540,#1541);
#1539 = CARTESIAN_POINT('',(131.17,-154.47,1.510198));
#1540 = DIRECTION('',(-0.,0.,-1.));
#1541 = DIRECTION('',(-5.167583532801E-14,-1.,0.));
#1542 = FACE_BOUND('',#1543,.T.);
#1543 = EDGE_LOOP('',(#1544));
#1544 = ORIENTED_EDGE('',*,*,#1545,.T.);
#1545 = EDGE_CURVE('',#1546,#1546,#1548,.T.);
#1546 = VERTEX_POINT('',#1547);
#1547 = CARTESIAN_POINT('',(134.57,-155.02,1.510198));
#1548 = CIRCLE('',#1549,0.55);
#1549 = AXIS2_PLACEMENT_3D('',#1550,#1551,#1552);
#1550 = CARTESIAN_POINT('',(134.57,-154.47,1.510198));
#1551 = DIRECTION('',(-0.,0.,-1.));
#1552 = DIRECTION('',(-0.,-1.,0.));
#1553 = FACE_BOUND('',#1554,.T.);
#1554 = EDGE_LOOP('',(#1555));
#1555 = ORIENTED_EDGE('',*,*,#1556,.T.);
#1556 = EDGE_CURVE('',#1557,#1557,#1559,.T.);
#1557 = VERTEX_POINT('',#1558);
#1558 = CARTESIAN_POINT('',(132.87,-151.32,1.510198));
#1559 = CIRCLE('',#1560,0.55);
#1560 = AXIS2_PLACEMENT_3D('',#1561,#1562,#1563);
#1561 = CARTESIAN_POINT('',(132.87,-150.77,1.510198));
#1562 = DIRECTION('',(-0.,0.,-1.));
#1563 = DIRECTION('',(-0.,-1.,0.));
#1564 = FACE_BOUND('',#1565,.T.);
#1565 = EDGE_LOOP('',(#1566));
#1566 = ORIENTED_EDGE('',*,*,#1567,.T.);
#1567 = EDGE_CURVE('',#1568,#1568,#1570,.T.);
#1568 = VERTEX_POINT('',#1569);
#1569 = CARTESIAN_POINT('',(147.066,-141.977,1.510198));
#1570 = CIRCLE('',#1571,2.15);
#1571 = AXIS2_PLACEMENT_3D('',#1572,#1573,#1574);
#1572 = CARTESIAN_POINT('',(147.066,-139.827,1.510198));
#1573 = DIRECTION('',(-0.,0.,-1.));
#1574 = DIRECTION('',(-0.,-1.,0.));
#1575 = FACE_BOUND('',#1576,.T.);
#1576 = EDGE_LOOP('',(#1577));
#1577 = ORIENTED_EDGE('',*,*,#1578,.T.);
#1578 = EDGE_CURVE('',#1579,#1579,#1581,.T.);
#1579 = VERTEX_POINT('',#1580);
#1580 = CARTESIAN_POINT('',(90.3,-129.2,1.510198));
#1581 = CIRCLE('',#1582,0.9);
#1582 = AXIS2_PLACEMENT_3D('',#1583,#1584,#1585);
#1583 = CARTESIAN_POINT('',(90.3,-128.3,1.510198));
#1584 = DIRECTION('',(-0.,0.,-1.));
#1585 = DIRECTION('',(-1.578983857245E-14,-1.,0.));
#1586 = FACE_BOUND('',#1587,.T.);
#1587 = EDGE_LOOP('',(#1588));
#1588 = ORIENTED_EDGE('',*,*,#1589,.T.);
#1589 = EDGE_CURVE('',#1590,#1590,#1592,.T.);
#1590 = VERTEX_POINT('',#1591);
#1591 = CARTESIAN_POINT('',(95.3,-129.2,1.510198));
#1592 = CIRCLE('',#1593,0.9);
#1593 = AXIS2_PLACEMENT_3D('',#1594,#1595,#1596);
#1594 = CARTESIAN_POINT('',(95.3,-128.3,1.510198));
#1595 = DIRECTION('',(-0.,0.,-1.));
#1596 = DIRECTION('',(-1.578983857245E-14,-1.,0.));
#1597 = FACE_BOUND('',#1598,.T.);
#1598 = EDGE_LOOP('',(#1599));
#1599 = ORIENTED_EDGE('',*,*,#1600,.T.);
#1600 = EDGE_CURVE('',#1601,#1601,#1603,.T.);
#1601 = VERTEX_POINT('',#1602);
#1602 = CARTESIAN_POINT('',(100.584,-109.084,1.510198));
#1603 = CIRCLE('',#1604,2.15);
#1604 = AXIS2_PLACEMENT_3D('',#1605,#1606,#1607);
#1605 = CARTESIAN_POINT('',(100.584,-106.934,1.510198));
#1606 = DIRECTION('',(-0.,0.,-1.));
#1607 = DIRECTION('',(-0.,-1.,0.));
#1608 = FACE_BOUND('',#1609,.T.);
#1609 = EDGE_LOOP('',(#1610));
#1610 = ORIENTED_EDGE('',*,*,#1611,.T.);
#1611 = EDGE_CURVE('',#1612,#1612,#1614,.T.);
#1612 = VERTEX_POINT('',#1613);
#1613 = CARTESIAN_POINT('',(112.755,-107.33,1.510198));
#1614 = CIRCLE('',#1615,0.9);
#1615 = AXIS2_PLACEMENT_3D('',#1616,#1617,#1618);
#1616 = CARTESIAN_POINT('',(112.755,-106.43,1.510198));
#1617 = DIRECTION('',(-0.,0.,-1.));
#1618 = DIRECTION('',(-0.,-1.,0.));
#1619 = FACE_BOUND('',#1620,.T.);
#1620 = EDGE_LOOP('',(#1621));
#1621 = ORIENTED_EDGE('',*,*,#1622,.T.);
#1622 = EDGE_CURVE('',#1623,#1623,#1625,.T.);
#1623 = VERTEX_POINT('',#1624);
#1624 = CARTESIAN_POINT('',(117.755,-107.33,1.510198));
#1625 = CIRCLE('',#1626,0.9);
#1626 = AXIS2_PLACEMENT_3D('',#1627,#1628,#1629);
#1627 = CARTESIAN_POINT('',(117.755,-106.43,1.510198));
#1628 = DIRECTION('',(-0.,0.,-1.));
#1629 = DIRECTION('',(-0.,-1.,0.));
#1630 = FACE_BOUND('',#1631,.T.);
#1631 = EDGE_LOOP('',(#1632));
#1632 = ORIENTED_EDGE('',*,*,#1633,.T.);
#1633 = EDGE_CURVE('',#1634,#1634,#1636,.T.);
#1634 = VERTEX_POINT('',#1635);
#1635 = CARTESIAN_POINT('',(141.35,-132.285,1.510198));
#1636 = CIRCLE('',#1637,0.635);
#1637 = AXIS2_PLACEMENT_3D('',#1638,#1639,#1640);
#1638 = CARTESIAN_POINT('',(141.35,-131.65,1.510198));
#1639 = DIRECTION('',(-0.,0.,-1.));
#1640 = DIRECTION('',(-4.475859752819E-14,-1.,0.));
#1641 = FACE_BOUND('',#1642,.T.);
#1642 = EDGE_LOOP('',(#1643));
#1643 = ORIENTED_EDGE('',*,*,#1644,.T.);
#1644 = EDGE_CURVE('',#1645,#1645,#1647,.T.);
#1645 = VERTEX_POINT('',#1646);
#1646 = CARTESIAN_POINT('',(143.89,-132.285,1.510198));
#1647 = CIRCLE('',#1648,0.635);
#1648 = AXIS2_PLACEMENT_3D('',#1649,#1650,#1651);
#1649 = CARTESIAN_POINT('',(143.89,-131.65,1.510198));
#1650 = DIRECTION('',(-0.,0.,-1.));
#1651 = DIRECTION('',(-0.,-1.,0.));
#1652 = FACE_BOUND('',#1653,.T.);
#1653 = EDGE_LOOP('',(#1654));
#1654 = ORIENTED_EDGE('',*,*,#1655,.T.);
#1655 = EDGE_CURVE('',#1656,#1656,#1658,.T.);
#1656 = VERTEX_POINT('',#1657);
#1657 = CARTESIAN_POINT('',(146.43,-132.285,1.510198));
#1658 = CIRCLE('',#1659,0.635);
#1659 = AXIS2_PLACEMENT_3D('',#1660,#1661,#1662);
#1660 = CARTESIAN_POINT('',(146.43,-131.65,1.510198));
#1661 = DIRECTION('',(-0.,0.,-1.));
#1662 = DIRECTION('',(-0.,-1.,0.));
#1663 = FACE_BOUND('',#1664,.T.);
#1664 = EDGE_LOOP('',(#1665));
#1665 = ORIENTED_EDGE('',*,*,#1666,.T.);
#1666 = EDGE_CURVE('',#1667,#1667,#1669,.T.);
#1667 = VERTEX_POINT('',#1668);
#1668 = CARTESIAN_POINT('',(148.97,-132.285,1.510198));
#1669 = CIRCLE('',#1670,0.635);
#1670 = AXIS2_PLACEMENT_3D('',#1671,#1672,#1673);
#1671 = CARTESIAN_POINT('',(148.97,-131.65,1.510198));
#1672 = DIRECTION('',(-0.,0.,-1.));
#1673 = DIRECTION('',(-0.,-1.,0.));
#1674 = FACE_BOUND('',#1675,.T.);
#1675 = EDGE_LOOP('',(#1676));
#1676 = ORIENTED_EDGE('',*,*,#1677,.T.);
#1677 = EDGE_CURVE('',#1678,#1678,#1680,.T.);
#1678 = VERTEX_POINT('',#1679);
#1679 = CARTESIAN_POINT('',(151.51,-132.285,1.510198));
#1680 = CIRCLE('',#1681,0.635);
#1681 = AXIS2_PLACEMENT_3D('',#1682,#1683,#1684);
#1682 = CARTESIAN_POINT('',(151.51,-131.65,1.510198));
#1683 = DIRECTION('',(-0.,0.,-1.));
#1684 = DIRECTION('',(-0.,-1.,0.));
#1685 = FACE_BOUND('',#1686,.T.);
#1686 = EDGE_LOOP('',(#1687));
#1687 = ORIENTED_EDGE('',*,*,#1688,.T.);
#1688 = EDGE_CURVE('',#1689,#1689,#1691,.T.);
#1689 = VERTEX_POINT('',#1690);
#1690 = CARTESIAN_POINT('',(154.05,-132.285,1.510198));
#1691 = CIRCLE('',#1692,0.635);
#1692 = AXIS2_PLACEMENT_3D('',#1693,#1694,#1695);
#1693 = CARTESIAN_POINT('',(154.05,-131.65,1.510198));
#1694 = DIRECTION('',(-0.,0.,-1.));
#1695 = DIRECTION('',(-0.,-1.,0.));
#1696 = FACE_BOUND('',#1697,.T.);
#1697 = EDGE_LOOP('',(#1698));
#1698 = ORIENTED_EDGE('',*,*,#1699,.T.);
#1699 = EDGE_CURVE('',#1700,#1700,#1702,.T.);
#1700 = VERTEX_POINT('',#1701);
#1701 = CARTESIAN_POINT('',(156.59,-132.285,1.510198));
#1702 = CIRCLE('',#1703,0.635);
#1703 = AXIS2_PLACEMENT_3D('',#1704,#1705,#1706);
#1704 = CARTESIAN_POINT('',(156.59,-131.65,1.510198));
#1705 = DIRECTION('',(-0.,0.,-1.));
#1706 = DIRECTION('',(-0.,-1.,0.));
#1707 = FACE_BOUND('',#1708,.T.);
#1708 = EDGE_LOOP('',(#1709));
#1709 = ORIENTED_EDGE('',*,*,#1710,.T.);
#1710 = EDGE_CURVE('',#1711,#1711,#1713,.T.);
#1711 = VERTEX_POINT('',#1712);
#1712 = CARTESIAN_POINT('',(159.13,-132.285,1.510198));
#1713 = CIRCLE('',#1714,0.635);
#1714 = AXIS2_PLACEMENT_3D('',#1715,#1716,#1717);
#1715 = CARTESIAN_POINT('',(159.13,-131.65,1.510198));
#1716 = DIRECTION('',(-0.,0.,-1.));
#1717 = DIRECTION('',(-0.,-1.,0.));
#1718 = FACE_BOUND('',#1719,.T.);
#1719 = EDGE_LOOP('',(#1720));
#1720 = ORIENTED_EDGE('',*,*,#1721,.T.);
#1721 = EDGE_CURVE('',#1722,#1722,#1724,.T.);
#1722 = VERTEX_POINT('',#1723);
#1723 = CARTESIAN_POINT('',(161.67,-132.285,1.510198));
#1724 = CIRCLE('',#1725,0.635);
#1725 = AXIS2_PLACEMENT_3D('',#1726,#1727,#1728);
#1726 = CARTESIAN_POINT('',(161.67,-131.65,1.510198));
#1727 = DIRECTION('',(-0.,0.,-1.));
#1728 = DIRECTION('',(-4.475859752819E-14,-1.,0.));
#1729 = FACE_BOUND('',#1730,.T.);
#1730 = EDGE_LOOP('',(#1731));
#1731 = ORIENTED_EDGE('',*,*,#1732,.T.);
#1732 = EDGE_CURVE('',#1733,#1733,#1735,.T.);
#1733 = VERTEX_POINT('',#1734);
#1734 = CARTESIAN_POINT('',(164.21,-132.285,1.510198));
#1735 = CIRCLE('',#1736,0.635);
#1736 = AXIS2_PLACEMENT_3D('',#1737,#1738,#1739);
#1737 = CARTESIAN_POINT('',(164.21,-131.65,1.510198));
#1738 = DIRECTION('',(-0.,0.,-1.));
#1739 = DIRECTION('',(4.475859752819E-14,-1.,-0.));
#1740 = FACE_BOUND('',#1741,.T.);
#1741 = EDGE_LOOP('',(#1742));
#1742 = ORIENTED_EDGE('',*,*,#1743,.T.);
#1743 = EDGE_CURVE('',#1744,#1744,#1746,.T.);
#1744 = VERTEX_POINT('',#1745);
#1745 = CARTESIAN_POINT('',(166.75,-132.285,1.510198));
#1746 = CIRCLE('',#1747,0.635);
#1747 = AXIS2_PLACEMENT_3D('',#1748,#1749,#1750);
#1748 = CARTESIAN_POINT('',(166.75,-131.65,1.510198));
#1749 = DIRECTION('',(-0.,0.,-1.));
#1750 = DIRECTION('',(-0.,-1.,0.));
#1751 = FACE_BOUND('',#1752,.T.);
#1752 = EDGE_LOOP('',(#1753));
#1753 = ORIENTED_EDGE('',*,*,#1754,.T.);
#1754 = EDGE_CURVE('',#1755,#1755,#1757,.T.);
#1755 = VERTEX_POINT('',#1756);
#1756 = CARTESIAN_POINT('',(169.29,-132.285,1.510198));
#1757 = CIRCLE('',#1758,0.635);
#1758 = AXIS2_PLACEMENT_3D('',#1759,#1760,#1761);
#1759 = CARTESIAN_POINT('',(169.29,-131.65,1.510198));
#1760 = DIRECTION('',(-0.,0.,-1.));
#1761 = DIRECTION('',(-4.475859752819E-14,-1.,0.));
#1762 = FACE_BOUND('',#1763,.T.);
#1763 = EDGE_LOOP('',(#1764));
#1764 = ORIENTED_EDGE('',*,*,#1765,.T.);
#1765 = EDGE_CURVE('',#1766,#1766,#1768,.T.);
#1766 = VERTEX_POINT('',#1767);
#1767 = CARTESIAN_POINT('',(171.83,-132.285,1.510198));
#1768 = CIRCLE('',#1769,0.635);
#1769 = AXIS2_PLACEMENT_3D('',#1770,#1771,#1772);
#1770 = CARTESIAN_POINT('',(171.83,-131.65,1.510198));
#1771 = DIRECTION('',(-0.,0.,-1.));
#1772 = DIRECTION('',(4.475859752819E-14,-1.,-0.));
#1773 = FACE_BOUND('',#1774,.T.);
#1774 = EDGE_LOOP('',(#1775));
#1775 = ORIENTED_EDGE('',*,*,#1776,.T.);
#1776 = EDGE_CURVE('',#1777,#1777,#1779,.T.);
#1777 = VERTEX_POINT('',#1778);
#1778 = CARTESIAN_POINT('',(174.37,-132.285,1.510198));
#1779 = CIRCLE('',#1780,0.635);
#1780 = AXIS2_PLACEMENT_3D('',#1781,#1782,#1783);
#1781 = CARTESIAN_POINT('',(174.37,-131.65,1.510198));
#1782 = DIRECTION('',(-0.,0.,-1.));
#1783 = DIRECTION('',(-0.,-1.,0.));
#1784 = FACE_BOUND('',#1785,.T.);
#1785 = EDGE_LOOP('',(#1786));
#1786 = ORIENTED_EDGE('',*,*,#1787,.T.);
#1787 = EDGE_CURVE('',#1788,#1788,#1790,.T.);
#1788 = VERTEX_POINT('',#1789);
#1789 = CARTESIAN_POINT('',(176.91,-132.285,1.510198));
#1790 = CIRCLE('',#1791,0.635);
#1791 = AXIS2_PLACEMENT_3D('',#1792,#1793,#1794);
#1792 = CARTESIAN_POINT('',(176.91,-131.65,1.510198));
#1793 = DIRECTION('',(-0.,0.,-1.));
#1794 = DIRECTION('',(-0.,-1.,0.));
#1795 = FACE_BOUND('',#1796,.T.);
#1796 = EDGE_LOOP('',(#1797));
#1797 = ORIENTED_EDGE('',*,*,#1798,.T.);
#1798 = EDGE_CURVE('',#1799,#1799,#1801,.T.);
#1799 = VERTEX_POINT('',#1800);
#1800 = CARTESIAN_POINT('',(141.35,-106.885,1.510198));
#1801 = CIRCLE('',#1802,0.635);
#1802 = AXIS2_PLACEMENT_3D('',#1803,#1804,#1805);
#1803 = CARTESIAN_POINT('',(141.35,-106.25,1.510198));
#1804 = DIRECTION('',(-0.,0.,-1.));
#1805 = DIRECTION('',(-4.475859752819E-14,-1.,0.));
#1806 = FACE_BOUND('',#1807,.T.);
#1807 = EDGE_LOOP('',(#1808));
#1808 = ORIENTED_EDGE('',*,*,#1809,.T.);
#1809 = EDGE_CURVE('',#1810,#1810,#1812,.T.);
#1810 = VERTEX_POINT('',#1811);
#1811 = CARTESIAN_POINT('',(143.89,-106.885,1.510198));
#1812 = CIRCLE('',#1813,0.635);
#1813 = AXIS2_PLACEMENT_3D('',#1814,#1815,#1816);
#1814 = CARTESIAN_POINT('',(143.89,-106.25,1.510198));
#1815 = DIRECTION('',(-0.,0.,-1.));
#1816 = DIRECTION('',(-0.,-1.,0.));
#1817 = FACE_BOUND('',#1818,.T.);
#1818 = EDGE_LOOP('',(#1819));
#1819 = ORIENTED_EDGE('',*,*,#1820,.T.);
#1820 = EDGE_CURVE('',#1821,#1821,#1823,.T.);
#1821 = VERTEX_POINT('',#1822);
#1822 = CARTESIAN_POINT('',(146.43,-106.885,1.510198));
#1823 = CIRCLE('',#1824,0.635);
#1824 = AXIS2_PLACEMENT_3D('',#1825,#1826,#1827);
#1825 = CARTESIAN_POINT('',(146.43,-106.25,1.510198));
#1826 = DIRECTION('',(-0.,0.,-1.));
#1827 = DIRECTION('',(-0.,-1.,0.));
#1828 = FACE_BOUND('',#1829,.T.);
#1829 = EDGE_LOOP('',(#1830));
#1830 = ORIENTED_EDGE('',*,*,#1831,.T.);
#1831 = EDGE_CURVE('',#1832,#1832,#1834,.T.);
#1832 = VERTEX_POINT('',#1833);
#1833 = CARTESIAN_POINT('',(148.97,-106.885,1.510198));
#1834 = CIRCLE('',#1835,0.635);
#1835 = AXIS2_PLACEMENT_3D('',#1836,#1837,#1838);
#1836 = CARTESIAN_POINT('',(148.97,-106.25,1.510198));
#1837 = DIRECTION('',(-0.,0.,-1.));
#1838 = DIRECTION('',(-0.,-1.,0.));
#1839 = FACE_BOUND('',#1840,.T.);
#1840 = EDGE_LOOP('',(#1841));
#1841 = ORIENTED_EDGE('',*,*,#1842,.T.);
#1842 = EDGE_CURVE('',#1843,#1843,#1845,.T.);
#1843 = VERTEX_POINT('',#1844);
#1844 = CARTESIAN_POINT('',(151.51,-106.885,1.510198));
#1845 = CIRCLE('',#1846,0.635);
#1846 = AXIS2_PLACEMENT_3D('',#1847,#1848,#1849);
#1847 = CARTESIAN_POINT('',(151.51,-106.25,1.510198));
#1848 = DIRECTION('',(-0.,0.,-1.));
#1849 = DIRECTION('',(-0.,-1.,0.));
#1850 = FACE_BOUND('',#1851,.T.);
#1851 = EDGE_LOOP('',(#1852));
#1852 = ORIENTED_EDGE('',*,*,#1853,.T.);
#1853 = EDGE_CURVE('',#1854,#1854,#1856,.T.);
#1854 = VERTEX_POINT('',#1855);
#1855 = CARTESIAN_POINT('',(154.05,-106.885,1.510198));
#1856 = CIRCLE('',#1857,0.635);
#1857 = AXIS2_PLACEMENT_3D('',#1858,#1859,#1860);
#1858 = CARTESIAN_POINT('',(154.05,-106.25,1.510198));
#1859 = DIRECTION('',(-0.,0.,-1.));
#1860 = DIRECTION('',(-0.,-1.,0.));
#1861 = FACE_BOUND('',#1862,.T.);
#1862 = EDGE_LOOP('',(#1863));
#1863 = ORIENTED_EDGE('',*,*,#1864,.T.);
#1864 = EDGE_CURVE('',#1865,#1865,#1867,.T.);
#1865 = VERTEX_POINT('',#1866);
#1866 = CARTESIAN_POINT('',(156.59,-106.885,1.510198));
#1867 = CIRCLE('',#1868,0.635);
#1868 = AXIS2_PLACEMENT_3D('',#1869,#1870,#1871);
#1869 = CARTESIAN_POINT('',(156.59,-106.25,1.510198));
#1870 = DIRECTION('',(-0.,0.,-1.));
#1871 = DIRECTION('',(-0.,-1.,0.));
#1872 = FACE_BOUND('',#1873,.T.);
#1873 = EDGE_LOOP('',(#1874));
#1874 = ORIENTED_EDGE('',*,*,#1875,.T.);
#1875 = EDGE_CURVE('',#1876,#1876,#1878,.T.);
#1876 = VERTEX_POINT('',#1877);
#1877 = CARTESIAN_POINT('',(159.13,-106.885,1.510198));
#1878 = CIRCLE('',#1879,0.635);
#1879 = AXIS2_PLACEMENT_3D('',#1880,#1881,#1882);
#1880 = CARTESIAN_POINT('',(159.13,-106.25,1.510198));
#1881 = DIRECTION('',(-0.,0.,-1.));
#1882 = DIRECTION('',(-0.,-1.,0.));
#1883 = FACE_BOUND('',#1884,.T.);
#1884 = EDGE_LOOP('',(#1885));
#1885 = ORIENTED_EDGE('',*,*,#1886,.T.);
#1886 = EDGE_CURVE('',#1887,#1887,#1889,.T.);
#1887 = VERTEX_POINT('',#1888);
#1888 = CARTESIAN_POINT('',(161.67,-106.885,1.510198));
#1889 = CIRCLE('',#1890,0.635);
#1890 = AXIS2_PLACEMENT_3D('',#1891,#1892,#1893);
#1891 = CARTESIAN_POINT('',(161.67,-106.25,1.510198));
#1892 = DIRECTION('',(-0.,0.,-1.));
#1893 = DIRECTION('',(-4.475859752819E-14,-1.,0.));
#1894 = FACE_BOUND('',#1895,.T.);
#1895 = EDGE_LOOP('',(#1896));
#1896 = ORIENTED_EDGE('',*,*,#1897,.T.);
#1897 = EDGE_CURVE('',#1898,#1898,#1900,.T.);
#1898 = VERTEX_POINT('',#1899);
#1899 = CARTESIAN_POINT('',(164.21,-106.885,1.510198));
#1900 = CIRCLE('',#1901,0.635);
#1901 = AXIS2_PLACEMENT_3D('',#1902,#1903,#1904);
#1902 = CARTESIAN_POINT('',(164.21,-106.25,1.510198));
#1903 = DIRECTION('',(-0.,0.,-1.));
#1904 = DIRECTION('',(4.475859752819E-14,-1.,-0.));
#1905 = FACE_BOUND('',#1906,.T.);
#1906 = EDGE_LOOP('',(#1907));
#1907 = ORIENTED_EDGE('',*,*,#1908,.T.);
#1908 = EDGE_CURVE('',#1909,#1909,#1911,.T.);
#1909 = VERTEX_POINT('',#1910);
#1910 = CARTESIAN_POINT('',(166.75,-106.885,1.510198));
#1911 = CIRCLE('',#1912,0.635);
#1912 = AXIS2_PLACEMENT_3D('',#1913,#1914,#1915);
#1913 = CARTESIAN_POINT('',(166.75,-106.25,1.510198));
#1914 = DIRECTION('',(-0.,0.,-1.));
#1915 = DIRECTION('',(-0.,-1.,0.));
#1916 = FACE_BOUND('',#1917,.T.);
#1917 = EDGE_LOOP('',(#1918));
#1918 = ORIENTED_EDGE('',*,*,#1919,.T.);
#1919 = EDGE_CURVE('',#1920,#1920,#1922,.T.);
#1920 = VERTEX_POINT('',#1921);
#1921 = CARTESIAN_POINT('',(169.29,-106.885,1.510198));
#1922 = CIRCLE('',#1923,0.635);
#1923 = AXIS2_PLACEMENT_3D('',#1924,#1925,#1926);
#1924 = CARTESIAN_POINT('',(169.29,-106.25,1.510198));
#1925 = DIRECTION('',(-0.,0.,-1.));
#1926 = DIRECTION('',(-4.475859752819E-14,-1.,0.));
#1927 = FACE_BOUND('',#1928,.T.);
#1928 = EDGE_LOOP('',(#1929));
#1929 = ORIENTED_EDGE('',*,*,#1930,.T.);
#1930 = EDGE_CURVE('',#1931,#1931,#1933,.T.);
#1931 = VERTEX_POINT('',#1932);
#1932 = CARTESIAN_POINT('',(171.83,-106.885,1.510198));
#1933 = CIRCLE('',#1934,0.635);
#1934 = AXIS2_PLACEMENT_3D('',#1935,#1936,#1937);
#1935 = CARTESIAN_POINT('',(171.83,-106.25,1.510198));
#1936 = DIRECTION('',(-0.,0.,-1.));
#1937 = DIRECTION('',(4.475859752819E-14,-1.,-0.));
#1938 = FACE_BOUND('',#1939,.T.);
#1939 = EDGE_LOOP('',(#1940));
#1940 = ORIENTED_EDGE('',*,*,#1941,.T.);
#1941 = EDGE_CURVE('',#1942,#1942,#1944,.T.);
#1942 = VERTEX_POINT('',#1943);
#1943 = CARTESIAN_POINT('',(174.37,-106.885,1.510198));
#1944 = CIRCLE('',#1945,0.635);
#1945 = AXIS2_PLACEMENT_3D('',#1946,#1947,#1948);
#1946 = CARTESIAN_POINT('',(174.37,-106.25,1.510198));
#1947 = DIRECTION('',(-0.,0.,-1.));
#1948 = DIRECTION('',(-0.,-1.,0.));
#1949 = FACE_BOUND('',#1950,.T.);
#1950 = EDGE_LOOP('',(#1951));
#1951 = ORIENTED_EDGE('',*,*,#1952,.T.);
#1952 = EDGE_CURVE('',#1953,#1953,#1955,.T.);
#1953 = VERTEX_POINT('',#1954);
#1954 = CARTESIAN_POINT('',(176.91,-106.885,1.510198));
#1955 = CIRCLE('',#1956,0.635);
#1956 = AXIS2_PLACEMENT_3D('',#1957,#1958,#1959);
#1957 = CARTESIAN_POINT('',(176.91,-106.25,1.510198));
#1958 = DIRECTION('',(-0.,0.,-1.));
#1959 = DIRECTION('',(-0.,-1.,0.));
#1960 = PLANE('',#1961);
#1961 = AXIS2_PLACEMENT_3D('',#1962,#1963,#1964);
#1962 = CARTESIAN_POINT('',(0.,0.,1.510198));
#1963 = DIRECTION('',(0.,0.,1.));
#1964 = DIRECTION('',(1.,0.,-0.));
#1965 = ADVANCED_FACE('',(#1966),#1977,.T.);
#1966 = FACE_BOUND('',#1967,.T.);
#1967 = EDGE_LOOP('',(#1968,#1974,#1975,#1976));
#1968 = ORIENTED_EDGE('',*,*,#1969,.T.);
#1969 = EDGE_CURVE('',#144,#1058,#1970,.T.);
#1970 = LINE('',#1971,#1972);
#1971 = CARTESIAN_POINT('',(88.82,-101.6,0.));
#1972 = VECTOR('',#1973,1.);
#1973 = DIRECTION('',(0.,0.,1.));
#1974 = ORIENTED_EDGE('',*,*,#1057,.T.);
#1975 = ORIENTED_EDGE('',*,*,#79,.F.);
#1976 = ORIENTED_EDGE('',*,*,#143,.F.);
#1977 = PLANE('',#1978);
#1978 = AXIS2_PLACEMENT_3D('',#1979,#1980,#1981);
#1979 = CARTESIAN_POINT('',(88.82,-101.6,0.));
#1980 = DIRECTION('',(0.,1.,0.));
#1981 = DIRECTION('',(1.,0.,0.));
#1982 = ADVANCED_FACE('',(#1983),#1994,.T.);
#1983 = FACE_BOUND('',#1984,.T.);
#1984 = EDGE_LOOP('',(#1985,#1986,#1987,#1993));
#1985 = ORIENTED_EDGE('',*,*,#119,.T.);
#1986 = ORIENTED_EDGE('',*,*,#1105,.T.);
#1987 = ORIENTED_EDGE('',*,*,#1988,.F.);
#1988 = EDGE_CURVE('',#184,#1098,#1989,.T.);
#1989 = LINE('',#1990,#1991);
#1990 = CARTESIAN_POINT('',(149.86,-144.446,0.));
#1991 = VECTOR('',#1992,1.);
#1992 = DIRECTION('',(0.,0.,1.));
#1993 = ORIENTED_EDGE('',*,*,#191,.F.);
#1994 = PLANE('',#1995);
#1995 = AXIS2_PLACEMENT_3D('',#1996,#1997,#1998);
#1996 = CARTESIAN_POINT('',(157.4,-136.906,0.));
#1997 = DIRECTION('',(0.707106781187,-0.707106781187,0.));
#1998 = DIRECTION('',(-0.707106781187,-0.707106781187,0.));
#1999 = ADVANCED_FACE('',(#2000),#2011,.T.);
#2000 = FACE_BOUND('',#2001,.T.);
#2001 = EDGE_LOOP('',(#2002,#2008,#2009,#2010));
#2002 = ORIENTED_EDGE('',*,*,#2003,.T.);
#2003 = EDGE_CURVE('',#152,#1066,#2004,.T.);
#2004 = LINE('',#2005,#2006);
#2005 = CARTESIAN_POINT('',(81.661,-108.759,0.));
#2006 = VECTOR('',#2007,1.);
#2007 = DIRECTION('',(0.,0.,1.));
#2008 = ORIENTED_EDGE('',*,*,#1065,.T.);
#2009 = ORIENTED_EDGE('',*,*,#1969,.F.);
#2010 = ORIENTED_EDGE('',*,*,#151,.F.);
#2011 = PLANE('',#2012);
#2012 = AXIS2_PLACEMENT_3D('',#2013,#2014,#2015);
#2013 = CARTESIAN_POINT('',(81.661,-108.759,0.));
#2014 = DIRECTION('',(-0.707106781187,0.707106781187,0.));
#2015 = DIRECTION('',(0.707106781187,0.707106781187,0.));
#2016 = ADVANCED_FACE('',(#2017),#2028,.T.);
#2017 = FACE_BOUND('',#2018,.T.);
#2018 = EDGE_LOOP('',(#2019,#2020,#2021,#2027));
#2019 = ORIENTED_EDGE('',*,*,#1988,.T.);
#2020 = ORIENTED_EDGE('',*,*,#1097,.T.);
#2021 = ORIENTED_EDGE('',*,*,#2022,.F.);
#2022 = EDGE_CURVE('',#176,#1090,#2023,.T.);
#2023 = LINE('',#2024,#2025);
#2024 = CARTESIAN_POINT('',(149.86,-170.18,0.));
#2025 = VECTOR('',#2026,1.);
#2026 = DIRECTION('',(0.,0.,1.));
#2027 = ORIENTED_EDGE('',*,*,#183,.F.);
#2028 = PLANE('',#2029);
#2029 = AXIS2_PLACEMENT_3D('',#2030,#2031,#2032);
#2030 = CARTESIAN_POINT('',(149.86,-144.446,0.));
#2031 = DIRECTION('',(1.,0.,-0.));
#2032 = DIRECTION('',(0.,-1.,0.));
#2033 = ADVANCED_FACE('',(#2034),#2045,.T.);
#2034 = FACE_BOUND('',#2035,.T.);
#2035 = EDGE_LOOP('',(#2036,#2042,#2043,#2044));
#2036 = ORIENTED_EDGE('',*,*,#2037,.T.);
#2037 = EDGE_CURVE('',#160,#1074,#2038,.T.);
#2038 = LINE('',#2039,#2040);
#2039 = CARTESIAN_POINT('',(81.661,-163.021,0.));
#2040 = VECTOR('',#2041,1.);
#2041 = DIRECTION('',(0.,0.,1.));
#2042 = ORIENTED_EDGE('',*,*,#1073,.T.);
#2043 = ORIENTED_EDGE('',*,*,#2003,.F.);
#2044 = ORIENTED_EDGE('',*,*,#159,.F.);
#2045 = PLANE('',#2046);
#2046 = AXIS2_PLACEMENT_3D('',#2047,#2048,#2049);
#2047 = CARTESIAN_POINT('',(81.661,-163.021,0.));
#2048 = DIRECTION('',(-1.,0.,0.));
#2049 = DIRECTION('',(0.,1.,0.));
#2050 = ADVANCED_FACE('',(#2051),#2062,.T.);
#2051 = FACE_BOUND('',#2052,.T.);
#2052 = EDGE_LOOP('',(#2053,#2054,#2055,#2061));
#2053 = ORIENTED_EDGE('',*,*,#2022,.T.);
#2054 = ORIENTED_EDGE('',*,*,#1089,.T.);
#2055 = ORIENTED_EDGE('',*,*,#2056,.F.);
#2056 = EDGE_CURVE('',#168,#1082,#2057,.T.);
#2057 = LINE('',#2058,#2059);
#2058 = CARTESIAN_POINT('',(88.82,-170.18,0.));
#2059 = VECTOR('',#2060,1.);
#2060 = DIRECTION('',(0.,0.,1.));
#2061 = ORIENTED_EDGE('',*,*,#175,.F.);
#2062 = PLANE('',#2063);
#2063 = AXIS2_PLACEMENT_3D('',#2064,#2065,#2066);
#2064 = CARTESIAN_POINT('',(149.86,-170.18,0.));
#2065 = DIRECTION('',(0.,-1.,0.));
#2066 = DIRECTION('',(-1.,0.,0.));
#2067 = ADVANCED_FACE('',(#2068),#2074,.T.);
#2068 = FACE_BOUND('',#2069,.T.);
#2069 = EDGE_LOOP('',(#2070,#2071,#2072,#2073));
#2070 = ORIENTED_EDGE('',*,*,#2056,.T.);
#2071 = ORIENTED_EDGE('',*,*,#1081,.T.);
#2072 = ORIENTED_EDGE('',*,*,#2037,.F.);
#2073 = ORIENTED_EDGE('',*,*,#167,.F.);
#2074 = PLANE('',#2075);
#2075 = AXIS2_PLACEMENT_3D('',#2076,#2077,#2078);
#2076 = CARTESIAN_POINT('',(88.82,-170.18,0.));
#2077 = DIRECTION('',(-0.707106781187,-0.707106781187,0.));
#2078 = DIRECTION('',(-0.707106781187,0.707106781187,0.));
#2079 = ADVANCED_FACE('',(#2080),#2091,.F.);
#2080 = FACE_BOUND('',#2081,.T.);
#2081 = EDGE_LOOP('',(#2082,#2083,#2089,#2090));
#2082 = ORIENTED_EDGE('',*,*,#200,.T.);
#2083 = ORIENTED_EDGE('',*,*,#2084,.T.);
#2084 = EDGE_CURVE('',#201,#1115,#2085,.T.);
#2085 = LINE('',#2086,#2087);
#2086 = CARTESIAN_POINT('',(86.36,-162.805,-4.6E-02));
#2087 = VECTOR('',#2088,1.);
#2088 = DIRECTION('',(0.,0.,1.));
#2089 = ORIENTED_EDGE('',*,*,#1114,.F.);
#2090 = ORIENTED_EDGE('',*,*,#2084,.F.);
#2091 = CYLINDRICAL_SURFACE('',#2092,2.15);
#2092 = AXIS2_PLACEMENT_3D('',#2093,#2094,#2095);
#2093 = CARTESIAN_POINT('',(86.36,-160.655,-4.6E-02));
#2094 = DIRECTION('',(-0.,-0.,-1.));
#2095 = DIRECTION('',(-0.,-1.,0.));
#2096 = ADVANCED_FACE('',(#2097),#2113,.F.);
#2097 = FACE_BOUND('',#2098,.T.);
#2098 = EDGE_LOOP('',(#2099,#2100,#2106,#2107));
#2099 = ORIENTED_EDGE('',*,*,#211,.T.);
#2100 = ORIENTED_EDGE('',*,*,#2101,.T.);
#2101 = EDGE_CURVE('',#214,#1128,#2102,.T.);
#2102 = LINE('',#2103,#2104);
#2103 = CARTESIAN_POINT('',(105.99,-167.355,-4.6E-02));
#2104 = VECTOR('',#2105,1.);
#2105 = DIRECTION('',(0.,0.,1.));
#2106 = ORIENTED_EDGE('',*,*,#1125,.F.);
#2107 = ORIENTED_EDGE('',*,*,#2108,.F.);
#2108 = EDGE_CURVE('',#212,#1126,#2109,.T.);
#2109 = LINE('',#2110,#2111);
#2110 = CARTESIAN_POINT('',(106.59,-167.355,-4.6E-02));
#2111 = VECTOR('',#2112,1.);
#2112 = DIRECTION('',(0.,0.,1.));
#2113 = CYLINDRICAL_SURFACE('',#2114,0.3);
#2114 = AXIS2_PLACEMENT_3D('',#2115,#2116,#2117);
#2115 = CARTESIAN_POINT('',(106.29,-167.355,-4.6E-02));
#2116 = DIRECTION('',(-0.,-0.,-1.));
#2117 = DIRECTION('',(-1.,0.,-0.));
#2118 = ADVANCED_FACE('',(#2119),#2130,.T.);
#2119 = FACE_BOUND('',#2120,.T.);
#2120 = EDGE_LOOP('',(#2121,#2122,#2123,#2124));
#2121 = ORIENTED_EDGE('',*,*,#239,.T.);
#2122 = ORIENTED_EDGE('',*,*,#2108,.T.);
#2123 = ORIENTED_EDGE('',*,*,#1153,.F.);
#2124 = ORIENTED_EDGE('',*,*,#2125,.F.);
#2125 = EDGE_CURVE('',#231,#1145,#2126,.T.);
#2126 = LINE('',#2127,#2128);
#2127 = CARTESIAN_POINT('',(106.59,-166.555,-4.6E-02));
#2128 = VECTOR('',#2129,1.);
#2129 = DIRECTION('',(0.,0.,1.));
#2130 = PLANE('',#2131);
#2131 = AXIS2_PLACEMENT_3D('',#2132,#2133,#2134);
#2132 = CARTESIAN_POINT('',(106.59,-167.355,-4.6E-02));
#2133 = DIRECTION('',(-1.,0.,0.));
#2134 = DIRECTION('',(0.,1.,0.));
#2135 = ADVANCED_FACE('',(#2136),#2147,.F.);
#2136 = FACE_BOUND('',#2137,.T.);
#2137 = EDGE_LOOP('',(#2138,#2139,#2140,#2141));
#2138 = ORIENTED_EDGE('',*,*,#230,.T.);
#2139 = ORIENTED_EDGE('',*,*,#2125,.T.);
#2140 = ORIENTED_EDGE('',*,*,#1144,.F.);
#2141 = ORIENTED_EDGE('',*,*,#2142,.F.);
#2142 = EDGE_CURVE('',#223,#1137,#2143,.T.);
#2143 = LINE('',#2144,#2145);
#2144 = CARTESIAN_POINT('',(105.99,-166.555,-4.6E-02));
#2145 = VECTOR('',#2146,1.);
#2146 = DIRECTION('',(0.,0.,1.));
#2147 = CYLINDRICAL_SURFACE('',#2148,0.3);
#2148 = AXIS2_PLACEMENT_3D('',#2149,#2150,#2151);
#2149 = CARTESIAN_POINT('',(106.29,-166.555,-4.6E-02));
#2150 = DIRECTION('',(-0.,-0.,-1.));
#2151 = DIRECTION('',(1.,0.,-0.));
#2152 = ADVANCED_FACE('',(#2153),#2159,.T.);
#2153 = FACE_BOUND('',#2154,.T.);
#2154 = EDGE_LOOP('',(#2155,#2156,#2157,#2158));
#2155 = ORIENTED_EDGE('',*,*,#222,.T.);
#2156 = ORIENTED_EDGE('',*,*,#2142,.T.);
#2157 = ORIENTED_EDGE('',*,*,#1136,.F.);
#2158 = ORIENTED_EDGE('',*,*,#2101,.F.);
#2159 = PLANE('',#2160);
#2160 = AXIS2_PLACEMENT_3D('',#2161,#2162,#2163);
#2161 = CARTESIAN_POINT('',(105.99,-166.555,-4.6E-02));
#2162 = DIRECTION('',(1.,0.,-0.));
#2163 = DIRECTION('',(0.,-1.,0.));
#2164 = ADVANCED_FACE('',(#2165),#2181,.F.);
#2165 = FACE_BOUND('',#2166,.T.);
#2166 = EDGE_LOOP('',(#2167,#2168,#2174,#2175));
#2167 = ORIENTED_EDGE('',*,*,#247,.T.);
#2168 = ORIENTED_EDGE('',*,*,#2169,.T.);
#2169 = EDGE_CURVE('',#250,#1164,#2170,.T.);
#2170 = LINE('',#2171,#2172);
#2171 = CARTESIAN_POINT('',(105.99,-163.325,-4.6E-02));
#2172 = VECTOR('',#2173,1.);
#2173 = DIRECTION('',(0.,0.,1.));
#2174 = ORIENTED_EDGE('',*,*,#1161,.F.);
#2175 = ORIENTED_EDGE('',*,*,#2176,.F.);
#2176 = EDGE_CURVE('',#248,#1162,#2177,.T.);
#2177 = LINE('',#2178,#2179);
#2178 = CARTESIAN_POINT('',(106.59,-163.325,-4.6E-02));
#2179 = VECTOR('',#2180,1.);
#2180 = DIRECTION('',(0.,0.,1.));
#2181 = CYLINDRICAL_SURFACE('',#2182,0.3);
#2182 = AXIS2_PLACEMENT_3D('',#2183,#2184,#2185);
#2183 = CARTESIAN_POINT('',(106.29,-163.325,-4.6E-02));
#2184 = DIRECTION('',(-0.,-0.,-1.));
#2185 = DIRECTION('',(-1.,0.,-0.));
#2186 = ADVANCED_FACE('',(#2187),#2198,.T.);
#2187 = FACE_BOUND('',#2188,.T.);
#2188 = EDGE_LOOP('',(#2189,#2190,#2191,#2192));
#2189 = ORIENTED_EDGE('',*,*,#275,.T.);
#2190 = ORIENTED_EDGE('',*,*,#2176,.T.);
#2191 = ORIENTED_EDGE('',*,*,#1189,.F.);
#2192 = ORIENTED_EDGE('',*,*,#2193,.F.);
#2193 = EDGE_CURVE('',#267,#1181,#2194,.T.);
#2194 = LINE('',#2195,#2196);
#2195 = CARTESIAN_POINT('',(106.59,-162.225,-4.6E-02));
#2196 = VECTOR('',#2197,1.);
#2197 = DIRECTION('',(0.,0.,1.));
#2198 = PLANE('',#2199);
#2199 = AXIS2_PLACEMENT_3D('',#2200,#2201,#2202);
#2200 = CARTESIAN_POINT('',(106.59,-163.325,-4.6E-02));
#2201 = DIRECTION('',(-1.,0.,0.));
#2202 = DIRECTION('',(0.,1.,0.));
#2203 = ADVANCED_FACE('',(#2204),#2215,.F.);
#2204 = FACE_BOUND('',#2205,.T.);
#2205 = EDGE_LOOP('',(#2206,#2207,#2208,#2209));
#2206 = ORIENTED_EDGE('',*,*,#266,.T.);
#2207 = ORIENTED_EDGE('',*,*,#2193,.T.);
#2208 = ORIENTED_EDGE('',*,*,#1180,.F.);
#2209 = ORIENTED_EDGE('',*,*,#2210,.F.);
#2210 = EDGE_CURVE('',#259,#1173,#2211,.T.);
#2211 = LINE('',#2212,#2213);
#2212 = CARTESIAN_POINT('',(105.99,-162.225,-4.6E-02));
#2213 = VECTOR('',#2214,1.);
#2214 = DIRECTION('',(0.,0.,1.));
#2215 = CYLINDRICAL_SURFACE('',#2216,0.3);
#2216 = AXIS2_PLACEMENT_3D('',#2217,#2218,#2219);
#2217 = CARTESIAN_POINT('',(106.29,-162.225,-4.6E-02));
#2218 = DIRECTION('',(-0.,-0.,-1.));
#2219 = DIRECTION('',(1.,0.,-0.));
#2220 = ADVANCED_FACE('',(#2221),#2227,.T.);
#2221 = FACE_BOUND('',#2222,.T.);
#2222 = EDGE_LOOP('',(#2223,#2224,#2225,#2226));
#2223 = ORIENTED_EDGE('',*,*,#258,.T.);
#2224 = ORIENTED_EDGE('',*,*,#2210,.T.);
#2225 = ORIENTED_EDGE('',*,*,#1172,.F.);
#2226 = ORIENTED_EDGE('',*,*,#2169,.F.);
#2227 = PLANE('',#2228);
#2228 = AXIS2_PLACEMENT_3D('',#2229,#2230,#2231);
#2229 = CARTESIAN_POINT('',(105.99,-162.225,-4.6E-02));
#2230 = DIRECTION('',(1.,0.,-0.));
#2231 = DIRECTION('',(0.,-1.,0.));
#2232 = ADVANCED_FACE('',(#2233),#2244,.F.);
#2233 = FACE_BOUND('',#2234,.T.);
#2234 = EDGE_LOOP('',(#2235,#2236,#2242,#2243));
#2235 = ORIENTED_EDGE('',*,*,#283,.T.);
#2236 = ORIENTED_EDGE('',*,*,#2237,.T.);
#2237 = EDGE_CURVE('',#284,#1198,#2238,.T.);
#2238 = LINE('',#2239,#2240);
#2239 = CARTESIAN_POINT('',(94.57,-155.83,-4.6E-02));
#2240 = VECTOR('',#2241,1.);
#2241 = DIRECTION('',(0.,0.,1.));
#2242 = ORIENTED_EDGE('',*,*,#1197,.F.);
#2243 = ORIENTED_EDGE('',*,*,#2237,.F.);
#2244 = CYLINDRICAL_SURFACE('',#2245,0.55);
#2245 = AXIS2_PLACEMENT_3D('',#2246,#2247,#2248);
#2246 = CARTESIAN_POINT('',(94.57,-155.28,-4.6E-02));
#2247 = DIRECTION('',(-0.,-0.,-1.));
#2248 = DIRECTION('',(-0.,-1.,0.));
#2249 = ADVANCED_FACE('',(#2250),#2261,.F.);
#2250 = FACE_BOUND('',#2251,.T.);
#2251 = EDGE_LOOP('',(#2252,#2253,#2259,#2260));
#2252 = ORIENTED_EDGE('',*,*,#294,.T.);
#2253 = ORIENTED_EDGE('',*,*,#2254,.T.);
#2254 = EDGE_CURVE('',#295,#1209,#2255,.T.);
#2255 = LINE('',#2256,#2257);
#2256 = CARTESIAN_POINT('',(97.97,-155.83,-4.6E-02));
#2257 = VECTOR('',#2258,1.);
#2258 = DIRECTION('',(0.,0.,1.));
#2259 = ORIENTED_EDGE('',*,*,#1208,.F.);
#2260 = ORIENTED_EDGE('',*,*,#2254,.F.);
#2261 = CYLINDRICAL_SURFACE('',#2262,0.55);
#2262 = AXIS2_PLACEMENT_3D('',#2263,#2264,#2265);
#2263 = CARTESIAN_POINT('',(97.97,-155.28,-4.6E-02));
#2264 = DIRECTION('',(-0.,-0.,-1.));
#2265 = DIRECTION('',(-0.,-1.,0.));
#2266 = ADVANCED_FACE('',(#2267),#2278,.F.);
#2267 = FACE_BOUND('',#2268,.T.);
#2268 = EDGE_LOOP('',(#2269,#2270,#2276,#2277));
#2269 = ORIENTED_EDGE('',*,*,#305,.T.);
#2270 = ORIENTED_EDGE('',*,*,#2271,.T.);
#2271 = EDGE_CURVE('',#306,#1220,#2272,.T.);
#2272 = LINE('',#2273,#2274);
#2273 = CARTESIAN_POINT('',(101.37,-155.83,-4.6E-02));
#2274 = VECTOR('',#2275,1.);
#2275 = DIRECTION('',(0.,0.,1.));
#2276 = ORIENTED_EDGE('',*,*,#1219,.F.);
#2277 = ORIENTED_EDGE('',*,*,#2271,.F.);
#2278 = CYLINDRICAL_SURFACE('',#2279,0.55);
#2279 = AXIS2_PLACEMENT_3D('',#2280,#2281,#2282);
#2280 = CARTESIAN_POINT('',(101.37,-155.28,-4.6E-02));
#2281 = DIRECTION('',(-0.,-0.,-1.));
#2282 = DIRECTION('',(-0.,-1.,0.));
#2283 = ADVANCED_FACE('',(#2284),#2300,.F.);
#2284 = FACE_BOUND('',#2285,.T.);
#2285 = EDGE_LOOP('',(#2286,#2287,#2293,#2294));
#2286 = ORIENTED_EDGE('',*,*,#316,.T.);
#2287 = ORIENTED_EDGE('',*,*,#2288,.T.);
#2288 = EDGE_CURVE('',#319,#1233,#2289,.T.);
#2289 = LINE('',#2290,#2291);
#2290 = CARTESIAN_POINT('',(114.63,-167.355,-4.6E-02));
#2291 = VECTOR('',#2292,1.);
#2292 = DIRECTION('',(0.,0.,1.));
#2293 = ORIENTED_EDGE('',*,*,#1230,.F.);
#2294 = ORIENTED_EDGE('',*,*,#2295,.F.);
#2295 = EDGE_CURVE('',#317,#1231,#2296,.T.);
#2296 = LINE('',#2297,#2298);
#2297 = CARTESIAN_POINT('',(115.23,-167.355,-4.6E-02));
#2298 = VECTOR('',#2299,1.);
#2299 = DIRECTION('',(0.,0.,1.));
#2300 = CYLINDRICAL_SURFACE('',#2301,0.3);
#2301 = AXIS2_PLACEMENT_3D('',#2302,#2303,#2304);
#2302 = CARTESIAN_POINT('',(114.93,-167.355,-4.6E-02));
#2303 = DIRECTION('',(-0.,-0.,-1.));
#2304 = DIRECTION('',(-1.,0.,-0.));
#2305 = ADVANCED_FACE('',(#2306),#2317,.T.);
#2306 = FACE_BOUND('',#2307,.T.);
#2307 = EDGE_LOOP('',(#2308,#2309,#2310,#2311));
#2308 = ORIENTED_EDGE('',*,*,#344,.T.);
#2309 = ORIENTED_EDGE('',*,*,#2295,.T.);
#2310 = ORIENTED_EDGE('',*,*,#1258,.F.);
#2311 = ORIENTED_EDGE('',*,*,#2312,.F.);
#2312 = EDGE_CURVE('',#336,#1250,#2313,.T.);
#2313 = LINE('',#2314,#2315);
#2314 = CARTESIAN_POINT('',(115.23,-166.555,-4.6E-02));
#2315 = VECTOR('',#2316,1.);
#2316 = DIRECTION('',(0.,0.,1.));
#2317 = PLANE('',#2318);
#2318 = AXIS2_PLACEMENT_3D('',#2319,#2320,#2321);
#2319 = CARTESIAN_POINT('',(115.23,-167.355,-4.6E-02));
#2320 = DIRECTION('',(-1.,0.,0.));
#2321 = DIRECTION('',(0.,1.,0.));
#2322 = ADVANCED_FACE('',(#2323),#2334,.F.);
#2323 = FACE_BOUND('',#2324,.T.);
#2324 = EDGE_LOOP('',(#2325,#2326,#2327,#2328));
#2325 = ORIENTED_EDGE('',*,*,#335,.T.);
#2326 = ORIENTED_EDGE('',*,*,#2312,.T.);
#2327 = ORIENTED_EDGE('',*,*,#1249,.F.);
#2328 = ORIENTED_EDGE('',*,*,#2329,.F.);
#2329 = EDGE_CURVE('',#328,#1242,#2330,.T.);
#2330 = LINE('',#2331,#2332);
#2331 = CARTESIAN_POINT('',(114.63,-166.555,-4.6E-02));
#2332 = VECTOR('',#2333,1.);
#2333 = DIRECTION('',(0.,0.,1.));
#2334 = CYLINDRICAL_SURFACE('',#2335,0.3);
#2335 = AXIS2_PLACEMENT_3D('',#2336,#2337,#2338);
#2336 = CARTESIAN_POINT('',(114.93,-166.555,-4.6E-02));
#2337 = DIRECTION('',(-0.,-0.,-1.));
#2338 = DIRECTION('',(1.,0.,-0.));
#2339 = ADVANCED_FACE('',(#2340),#2346,.T.);
#2340 = FACE_BOUND('',#2341,.T.);
#2341 = EDGE_LOOP('',(#2342,#2343,#2344,#2345));
#2342 = ORIENTED_EDGE('',*,*,#327,.T.);
#2343 = ORIENTED_EDGE('',*,*,#2329,.T.);
#2344 = ORIENTED_EDGE('',*,*,#1241,.F.);
#2345 = ORIENTED_EDGE('',*,*,#2288,.F.);
#2346 = PLANE('',#2347);
#2347 = AXIS2_PLACEMENT_3D('',#2348,#2349,#2350);
#2348 = CARTESIAN_POINT('',(114.63,-166.555,-4.6E-02));
#2349 = DIRECTION('',(1.,0.,-0.));
#2350 = DIRECTION('',(0.,-1.,0.));
#2351 = ADVANCED_FACE('',(#2352),#2363,.F.);
#2352 = FACE_BOUND('',#2353,.T.);
#2353 = EDGE_LOOP('',(#2354,#2355,#2361,#2362));
#2354 = ORIENTED_EDGE('',*,*,#352,.T.);
#2355 = ORIENTED_EDGE('',*,*,#2356,.T.);
#2356 = EDGE_CURVE('',#353,#1267,#2357,.T.);
#2357 = LINE('',#2358,#2359);
#2358 = CARTESIAN_POINT('',(107.72,-163.6,-4.6E-02));
#2359 = VECTOR('',#2360,1.);
#2360 = DIRECTION('',(0.,0.,1.));
#2361 = ORIENTED_EDGE('',*,*,#1266,.F.);
#2362 = ORIENTED_EDGE('',*,*,#2356,.F.);
#2363 = CYLINDRICAL_SURFACE('',#2364,0.325);
#2364 = AXIS2_PLACEMENT_3D('',#2365,#2366,#2367);
#2365 = CARTESIAN_POINT('',(107.72,-163.275,-4.6E-02));
#2366 = DIRECTION('',(-0.,-0.,-1.));
#2367 = DIRECTION('',(-0.,-1.,0.));
#2368 = ADVANCED_FACE('',(#2369),#2380,.F.);
#2369 = FACE_BOUND('',#2370,.T.);
#2370 = EDGE_LOOP('',(#2371,#2372,#2378,#2379));
#2371 = ORIENTED_EDGE('',*,*,#363,.T.);
#2372 = ORIENTED_EDGE('',*,*,#2373,.T.);
#2373 = EDGE_CURVE('',#364,#1278,#2374,.T.);
#2374 = LINE('',#2375,#2376);
#2375 = CARTESIAN_POINT('',(113.5,-163.6,-4.6E-02));
#2376 = VECTOR('',#2377,1.);
#2377 = DIRECTION('',(0.,0.,1.));
#2378 = ORIENTED_EDGE('',*,*,#1277,.F.);
#2379 = ORIENTED_EDGE('',*,*,#2373,.F.);
#2380 = CYLINDRICAL_SURFACE('',#2381,0.325);
#2381 = AXIS2_PLACEMENT_3D('',#2382,#2383,#2384);
#2382 = CARTESIAN_POINT('',(113.5,-163.275,-4.6E-02));
#2383 = DIRECTION('',(-0.,-0.,-1.));
#2384 = DIRECTION('',(-0.,-1.,0.));
#2385 = ADVANCED_FACE('',(#2386),#2402,.F.);
#2386 = FACE_BOUND('',#2387,.T.);
#2387 = EDGE_LOOP('',(#2388,#2389,#2395,#2396));
#2388 = ORIENTED_EDGE('',*,*,#374,.T.);
#2389 = ORIENTED_EDGE('',*,*,#2390,.T.);
#2390 = EDGE_CURVE('',#377,#1291,#2391,.T.);
#2391 = LINE('',#2392,#2393);
#2392 = CARTESIAN_POINT('',(114.63,-163.325,-4.6E-02));
#2393 = VECTOR('',#2394,1.);
#2394 = DIRECTION('',(0.,0.,1.));
#2395 = ORIENTED_EDGE('',*,*,#1288,.F.);
#2396 = ORIENTED_EDGE('',*,*,#2397,.F.);
#2397 = EDGE_CURVE('',#375,#1289,#2398,.T.);
#2398 = LINE('',#2399,#2400);
#2399 = CARTESIAN_POINT('',(115.23,-163.325,-4.6E-02));
#2400 = VECTOR('',#2401,1.);
#2401 = DIRECTION('',(0.,0.,1.));
#2402 = CYLINDRICAL_SURFACE('',#2403,0.3);
#2403 = AXIS2_PLACEMENT_3D('',#2404,#2405,#2406);
#2404 = CARTESIAN_POINT('',(114.93,-163.325,-4.6E-02));
#2405 = DIRECTION('',(-0.,-0.,-1.));
#2406 = DIRECTION('',(-1.,0.,-0.));
#2407 = ADVANCED_FACE('',(#2408),#2419,.T.);
#2408 = FACE_BOUND('',#2409,.T.);
#2409 = EDGE_LOOP('',(#2410,#2411,#2412,#2413));
#2410 = ORIENTED_EDGE('',*,*,#402,.T.);
#2411 = ORIENTED_EDGE('',*,*,#2397,.T.);
#2412 = ORIENTED_EDGE('',*,*,#1316,.F.);
#2413 = ORIENTED_EDGE('',*,*,#2414,.F.);
#2414 = EDGE_CURVE('',#394,#1308,#2415,.T.);
#2415 = LINE('',#2416,#2417);
#2416 = CARTESIAN_POINT('',(115.23,-162.225,-4.6E-02));
#2417 = VECTOR('',#2418,1.);
#2418 = DIRECTION('',(0.,0.,1.));
#2419 = PLANE('',#2420);
#2420 = AXIS2_PLACEMENT_3D('',#2421,#2422,#2423);
#2421 = CARTESIAN_POINT('',(115.23,-163.325,-4.6E-02));
#2422 = DIRECTION('',(-1.,0.,0.));
#2423 = DIRECTION('',(0.,1.,0.));
#2424 = ADVANCED_FACE('',(#2425),#2436,.F.);
#2425 = FACE_BOUND('',#2426,.T.);
#2426 = EDGE_LOOP('',(#2427,#2428,#2429,#2430));
#2427 = ORIENTED_EDGE('',*,*,#393,.T.);
#2428 = ORIENTED_EDGE('',*,*,#2414,.T.);
#2429 = ORIENTED_EDGE('',*,*,#1307,.F.);
#2430 = ORIENTED_EDGE('',*,*,#2431,.F.);
#2431 = EDGE_CURVE('',#386,#1300,#2432,.T.);
#2432 = LINE('',#2433,#2434);
#2433 = CARTESIAN_POINT('',(114.63,-162.225,-4.6E-02));
#2434 = VECTOR('',#2435,1.);
#2435 = DIRECTION('',(0.,0.,1.));
#2436 = CYLINDRICAL_SURFACE('',#2437,0.3);
#2437 = AXIS2_PLACEMENT_3D('',#2438,#2439,#2440);
#2438 = CARTESIAN_POINT('',(114.93,-162.225,-4.6E-02));
#2439 = DIRECTION('',(-0.,-0.,-1.));
#2440 = DIRECTION('',(1.,0.,-0.));
#2441 = ADVANCED_FACE('',(#2442),#2448,.T.);
#2442 = FACE_BOUND('',#2443,.T.);
#2443 = EDGE_LOOP('',(#2444,#2445,#2446,#2447));
#2444 = ORIENTED_EDGE('',*,*,#385,.T.);
#2445 = ORIENTED_EDGE('',*,*,#2431,.T.);
#2446 = ORIENTED_EDGE('',*,*,#1299,.F.);
#2447 = ORIENTED_EDGE('',*,*,#2390,.F.);
#2448 = PLANE('',#2449);
#2449 = AXIS2_PLACEMENT_3D('',#2450,#2451,#2452);
#2450 = CARTESIAN_POINT('',(114.63,-162.225,-4.6E-02));
#2451 = DIRECTION('',(1.,0.,-0.));
#2452 = DIRECTION('',(0.,-1.,0.));
#2453 = ADVANCED_FACE('',(#2454),#2465,.F.);
#2454 = FACE_BOUND('',#2455,.T.);
#2455 = EDGE_LOOP('',(#2456,#2457,#2463,#2464));
#2456 = ORIENTED_EDGE('',*,*,#410,.T.);
#2457 = ORIENTED_EDGE('',*,*,#2458,.T.);
#2458 = EDGE_CURVE('',#411,#1325,#2459,.T.);
#2459 = LINE('',#2460,#2461);
#2460 = CARTESIAN_POINT('',(127.77,-155.02,-4.6E-02));
#2461 = VECTOR('',#2462,1.);
#2462 = DIRECTION('',(0.,0.,1.));
#2463 = ORIENTED_EDGE('',*,*,#1324,.F.);
#2464 = ORIENTED_EDGE('',*,*,#2458,.F.);
#2465 = CYLINDRICAL_SURFACE('',#2466,0.55);
#2466 = AXIS2_PLACEMENT_3D('',#2467,#2468,#2469);
#2467 = CARTESIAN_POINT('',(127.77,-154.47,-4.6E-02));
#2468 = DIRECTION('',(-0.,-0.,-1.));
#2469 = DIRECTION('',(-0.,-1.,0.));
#2470 = ADVANCED_FACE('',(#2471),#2482,.F.);
#2471 = FACE_BOUND('',#2472,.T.);
#2472 = EDGE_LOOP('',(#2473,#2474,#2480,#2481));
#2473 = ORIENTED_EDGE('',*,*,#421,.T.);
#2474 = ORIENTED_EDGE('',*,*,#2475,.T.);
#2475 = EDGE_CURVE('',#422,#1336,#2476,.T.);
#2476 = LINE('',#2477,#2478);
#2477 = CARTESIAN_POINT('',(96.27,-152.13,-4.6E-02));
#2478 = VECTOR('',#2479,1.);
#2479 = DIRECTION('',(0.,0.,1.));
#2480 = ORIENTED_EDGE('',*,*,#1335,.F.);
#2481 = ORIENTED_EDGE('',*,*,#2475,.F.);
#2482 = CYLINDRICAL_SURFACE('',#2483,0.55);
#2483 = AXIS2_PLACEMENT_3D('',#2484,#2485,#2486);
#2484 = CARTESIAN_POINT('',(96.27,-151.58,-4.6E-02));
#2485 = DIRECTION('',(-0.,-0.,-1.));
#2486 = DIRECTION('',(-0.,-1.,0.));
#2487 = ADVANCED_FACE('',(#2488),#2499,.F.);
#2488 = FACE_BOUND('',#2489,.T.);
#2489 = EDGE_LOOP('',(#2490,#2491,#2497,#2498));
#2490 = ORIENTED_EDGE('',*,*,#432,.T.);
#2491 = ORIENTED_EDGE('',*,*,#2492,.T.);
#2492 = EDGE_CURVE('',#433,#1347,#2493,.T.);
#2493 = LINE('',#2494,#2495);
#2494 = CARTESIAN_POINT('',(99.67,-152.13,-4.6E-02));
#2495 = VECTOR('',#2496,1.);
#2496 = DIRECTION('',(0.,0.,1.));
#2497 = ORIENTED_EDGE('',*,*,#1346,.F.);
#2498 = ORIENTED_EDGE('',*,*,#2492,.F.);
#2499 = CYLINDRICAL_SURFACE('',#2500,0.55);
#2500 = AXIS2_PLACEMENT_3D('',#2501,#2502,#2503);
#2501 = CARTESIAN_POINT('',(99.67,-151.58,-4.6E-02));
#2502 = DIRECTION('',(-0.,-0.,-1.));
#2503 = DIRECTION('',(-0.,-1.,0.));
#2504 = ADVANCED_FACE('',(#2505),#2516,.F.);
#2505 = FACE_BOUND('',#2506,.T.);
#2506 = EDGE_LOOP('',(#2507,#2508,#2514,#2515));
#2507 = ORIENTED_EDGE('',*,*,#443,.T.);
#2508 = ORIENTED_EDGE('',*,*,#2509,.T.);
#2509 = EDGE_CURVE('',#444,#1358,#2510,.T.);
#2510 = LINE('',#2511,#2512);
#2511 = CARTESIAN_POINT('',(129.47,-151.32,-4.6E-02));
#2512 = VECTOR('',#2513,1.);
#2513 = DIRECTION('',(0.,0.,1.));
#2514 = ORIENTED_EDGE('',*,*,#1357,.F.);
#2515 = ORIENTED_EDGE('',*,*,#2509,.F.);
#2516 = CYLINDRICAL_SURFACE('',#2517,0.55);
#2517 = AXIS2_PLACEMENT_3D('',#2518,#2519,#2520);
#2518 = CARTESIAN_POINT('',(129.47,-150.77,-4.6E-02));
#2519 = DIRECTION('',(-0.,-0.,-1.));
#2520 = DIRECTION('',(-0.,-1.,0.));
#2521 = ADVANCED_FACE('',(#2522),#2538,.F.);
#2522 = FACE_BOUND('',#2523,.T.);
#2523 = EDGE_LOOP('',(#2524,#2525,#2531,#2532));
#2524 = ORIENTED_EDGE('',*,*,#454,.T.);
#2525 = ORIENTED_EDGE('',*,*,#2526,.T.);
#2526 = EDGE_CURVE('',#457,#1371,#2527,.T.);
#2527 = LINE('',#2528,#2529);
#2528 = CARTESIAN_POINT('',(138.81,-167.395,-4.6E-02));
#2529 = VECTOR('',#2530,1.);
#2530 = DIRECTION('',(0.,0.,1.));
#2531 = ORIENTED_EDGE('',*,*,#1368,.F.);
#2532 = ORIENTED_EDGE('',*,*,#2533,.F.);
#2533 = EDGE_CURVE('',#455,#1369,#2534,.T.);
#2534 = LINE('',#2535,#2536);
#2535 = CARTESIAN_POINT('',(139.41,-167.395,-4.6E-02));
#2536 = VECTOR('',#2537,1.);
#2537 = DIRECTION('',(0.,0.,1.));
#2538 = CYLINDRICAL_SURFACE('',#2539,0.3);
#2539 = AXIS2_PLACEMENT_3D('',#2540,#2541,#2542);
#2540 = CARTESIAN_POINT('',(139.11,-167.395,-4.6E-02));
#2541 = DIRECTION('',(-0.,-0.,-1.));
#2542 = DIRECTION('',(-1.,0.,-0.));
#2543 = ADVANCED_FACE('',(#2544),#2555,.T.);
#2544 = FACE_BOUND('',#2545,.T.);
#2545 = EDGE_LOOP('',(#2546,#2547,#2548,#2549));
#2546 = ORIENTED_EDGE('',*,*,#482,.T.);
#2547 = ORIENTED_EDGE('',*,*,#2533,.T.);
#2548 = ORIENTED_EDGE('',*,*,#1396,.F.);
#2549 = ORIENTED_EDGE('',*,*,#2550,.F.);
#2550 = EDGE_CURVE('',#474,#1388,#2551,.T.);
#2551 = LINE('',#2552,#2553);
#2552 = CARTESIAN_POINT('',(139.41,-166.595,-4.6E-02));
#2553 = VECTOR('',#2554,1.);
#2554 = DIRECTION('',(0.,0.,1.));
#2555 = PLANE('',#2556);
#2556 = AXIS2_PLACEMENT_3D('',#2557,#2558,#2559);
#2557 = CARTESIAN_POINT('',(139.41,-167.395,-4.6E-02));
#2558 = DIRECTION('',(-1.,0.,0.));
#2559 = DIRECTION('',(0.,1.,0.));
#2560 = ADVANCED_FACE('',(#2561),#2572,.F.);
#2561 = FACE_BOUND('',#2562,.T.);
#2562 = EDGE_LOOP('',(#2563,#2564,#2565,#2566));
#2563 = ORIENTED_EDGE('',*,*,#473,.T.);
#2564 = ORIENTED_EDGE('',*,*,#2550,.T.);
#2565 = ORIENTED_EDGE('',*,*,#1387,.F.);
#2566 = ORIENTED_EDGE('',*,*,#2567,.F.);
#2567 = EDGE_CURVE('',#466,#1380,#2568,.T.);
#2568 = LINE('',#2569,#2570);
#2569 = CARTESIAN_POINT('',(138.81,-166.595,-4.6E-02));
#2570 = VECTOR('',#2571,1.);
#2571 = DIRECTION('',(0.,0.,1.));
#2572 = CYLINDRICAL_SURFACE('',#2573,0.3);
#2573 = AXIS2_PLACEMENT_3D('',#2574,#2575,#2576);
#2574 = CARTESIAN_POINT('',(139.11,-166.595,-4.6E-02));
#2575 = DIRECTION('',(-0.,-0.,-1.));
#2576 = DIRECTION('',(1.,-9.473903143468E-14,0.));
#2577 = ADVANCED_FACE('',(#2578),#2584,.T.);
#2578 = FACE_BOUND('',#2579,.T.);
#2579 = EDGE_LOOP('',(#2580,#2581,#2582,#2583));
#2580 = ORIENTED_EDGE('',*,*,#465,.T.);
#2581 = ORIENTED_EDGE('',*,*,#2567,.T.);
#2582 = ORIENTED_EDGE('',*,*,#1379,.F.);
#2583 = ORIENTED_EDGE('',*,*,#2526,.F.);
#2584 = PLANE('',#2585);
#2585 = AXIS2_PLACEMENT_3D('',#2586,#2587,#2588);
#2586 = CARTESIAN_POINT('',(138.81,-166.595,-4.6E-02));
#2587 = DIRECTION('',(1.,0.,-0.));
#2588 = DIRECTION('',(0.,-1.,0.));
#2589 = ADVANCED_FACE('',(#2590),#2606,.F.);
#2590 = FACE_BOUND('',#2591,.T.);
#2591 = EDGE_LOOP('',(#2592,#2593,#2599,#2600));
#2592 = ORIENTED_EDGE('',*,*,#490,.T.);
#2593 = ORIENTED_EDGE('',*,*,#2594,.T.);
#2594 = EDGE_CURVE('',#493,#1407,#2595,.T.);
#2595 = LINE('',#2596,#2597);
#2596 = CARTESIAN_POINT('',(138.81,-163.365,-4.6E-02));
#2597 = VECTOR('',#2598,1.);
#2598 = DIRECTION('',(0.,0.,1.));
#2599 = ORIENTED_EDGE('',*,*,#1404,.F.);
#2600 = ORIENTED_EDGE('',*,*,#2601,.F.);
#2601 = EDGE_CURVE('',#491,#1405,#2602,.T.);
#2602 = LINE('',#2603,#2604);
#2603 = CARTESIAN_POINT('',(139.41,-163.365,-4.6E-02));
#2604 = VECTOR('',#2605,1.);
#2605 = DIRECTION('',(0.,0.,1.));
#2606 = CYLINDRICAL_SURFACE('',#2607,0.3);
#2607 = AXIS2_PLACEMENT_3D('',#2608,#2609,#2610);
#2608 = CARTESIAN_POINT('',(139.11,-163.365,-4.6E-02));
#2609 = DIRECTION('',(-0.,-0.,-1.));
#2610 = DIRECTION('',(-1.,-9.473903143469E-14,0.));
#2611 = ADVANCED_FACE('',(#2612),#2623,.T.);
#2612 = FACE_BOUND('',#2613,.T.);
#2613 = EDGE_LOOP('',(#2614,#2615,#2616,#2617));
#2614 = ORIENTED_EDGE('',*,*,#518,.T.);
#2615 = ORIENTED_EDGE('',*,*,#2601,.T.);
#2616 = ORIENTED_EDGE('',*,*,#1432,.F.);
#2617 = ORIENTED_EDGE('',*,*,#2618,.F.);
#2618 = EDGE_CURVE('',#510,#1424,#2619,.T.);
#2619 = LINE('',#2620,#2621);
#2620 = CARTESIAN_POINT('',(139.41,-162.265,-4.6E-02));
#2621 = VECTOR('',#2622,1.);
#2622 = DIRECTION('',(0.,0.,1.));
#2623 = PLANE('',#2624);
#2624 = AXIS2_PLACEMENT_3D('',#2625,#2626,#2627);
#2625 = CARTESIAN_POINT('',(139.41,-163.365,-4.6E-02));
#2626 = DIRECTION('',(-1.,0.,0.));
#2627 = DIRECTION('',(0.,1.,0.));
#2628 = ADVANCED_FACE('',(#2629),#2640,.F.);
#2629 = FACE_BOUND('',#2630,.T.);
#2630 = EDGE_LOOP('',(#2631,#2632,#2633,#2634));
#2631 = ORIENTED_EDGE('',*,*,#509,.T.);
#2632 = ORIENTED_EDGE('',*,*,#2618,.T.);
#2633 = ORIENTED_EDGE('',*,*,#1423,.F.);
#2634 = ORIENTED_EDGE('',*,*,#2635,.F.);
#2635 = EDGE_CURVE('',#502,#1416,#2636,.T.);
#2636 = LINE('',#2637,#2638);
#2637 = CARTESIAN_POINT('',(138.81,-162.265,-4.6E-02));
#2638 = VECTOR('',#2639,1.);
#2639 = DIRECTION('',(0.,0.,1.));
#2640 = CYLINDRICAL_SURFACE('',#2641,0.3);
#2641 = AXIS2_PLACEMENT_3D('',#2642,#2643,#2644);
#2642 = CARTESIAN_POINT('',(139.11,-162.265,-4.6E-02));
#2643 = DIRECTION('',(-0.,-0.,-1.));
#2644 = DIRECTION('',(1.,9.473903143468E-14,-0.));
#2645 = ADVANCED_FACE('',(#2646),#2652,.T.);
#2646 = FACE_BOUND('',#2647,.T.);
#2647 = EDGE_LOOP('',(#2648,#2649,#2650,#2651));
#2648 = ORIENTED_EDGE('',*,*,#501,.T.);
#2649 = ORIENTED_EDGE('',*,*,#2635,.T.);
#2650 = ORIENTED_EDGE('',*,*,#1415,.F.);
#2651 = ORIENTED_EDGE('',*,*,#2594,.F.);
#2652 = PLANE('',#2653);
#2653 = AXIS2_PLACEMENT_3D('',#2654,#2655,#2656);
#2654 = CARTESIAN_POINT('',(138.81,-162.265,-4.6E-02));
#2655 = DIRECTION('',(1.,0.,-0.));
#2656 = DIRECTION('',(0.,-1.,0.));
#2657 = ADVANCED_FACE('',(#2658),#2669,.F.);
#2658 = FACE_BOUND('',#2659,.T.);
#2659 = EDGE_LOOP('',(#2660,#2661,#2667,#2668));
#2660 = ORIENTED_EDGE('',*,*,#526,.T.);
#2661 = ORIENTED_EDGE('',*,*,#2662,.T.);
#2662 = EDGE_CURVE('',#527,#1441,#2663,.T.);
#2663 = LINE('',#2664,#2665);
#2664 = CARTESIAN_POINT('',(140.54,-163.64,-4.6E-02));
#2665 = VECTOR('',#2666,1.);
#2666 = DIRECTION('',(0.,0.,1.));
#2667 = ORIENTED_EDGE('',*,*,#1440,.F.);
#2668 = ORIENTED_EDGE('',*,*,#2662,.F.);
#2669 = CYLINDRICAL_SURFACE('',#2670,0.325);
#2670 = AXIS2_PLACEMENT_3D('',#2671,#2672,#2673);
#2671 = CARTESIAN_POINT('',(140.54,-163.315,-4.6E-02));
#2672 = DIRECTION('',(-0.,-0.,-1.));
#2673 = DIRECTION('',(-8.745141363202E-14,-1.,0.));
#2674 = ADVANCED_FACE('',(#2675),#2691,.F.);
#2675 = FACE_BOUND('',#2676,.T.);
#2676 = EDGE_LOOP('',(#2677,#2678,#2684,#2685));
#2677 = ORIENTED_EDGE('',*,*,#537,.T.);
#2678 = ORIENTED_EDGE('',*,*,#2679,.T.);
#2679 = EDGE_CURVE('',#540,#1454,#2680,.T.);
#2680 = LINE('',#2681,#2682);
#2681 = CARTESIAN_POINT('',(147.45,-167.395,-4.6E-02));
#2682 = VECTOR('',#2683,1.);
#2683 = DIRECTION('',(0.,0.,1.));
#2684 = ORIENTED_EDGE('',*,*,#1451,.F.);
#2685 = ORIENTED_EDGE('',*,*,#2686,.F.);
#2686 = EDGE_CURVE('',#538,#1452,#2687,.T.);
#2687 = LINE('',#2688,#2689);
#2688 = CARTESIAN_POINT('',(148.05,-167.395,-4.6E-02));
#2689 = VECTOR('',#2690,1.);
#2690 = DIRECTION('',(0.,0.,1.));
#2691 = CYLINDRICAL_SURFACE('',#2692,0.3);
#2692 = AXIS2_PLACEMENT_3D('',#2693,#2694,#2695);
#2693 = CARTESIAN_POINT('',(147.75,-167.395,-4.6E-02));
#2694 = DIRECTION('',(-0.,-0.,-1.));
#2695 = DIRECTION('',(-1.,-9.473903143468E-14,0.));
#2696 = ADVANCED_FACE('',(#2697),#2708,.T.);
#2697 = FACE_BOUND('',#2698,.T.);
#2698 = EDGE_LOOP('',(#2699,#2700,#2701,#2702));
#2699 = ORIENTED_EDGE('',*,*,#565,.T.);
#2700 = ORIENTED_EDGE('',*,*,#2686,.T.);
#2701 = ORIENTED_EDGE('',*,*,#1479,.F.);
#2702 = ORIENTED_EDGE('',*,*,#2703,.F.);
#2703 = EDGE_CURVE('',#557,#1471,#2704,.T.);
#2704 = LINE('',#2705,#2706);
#2705 = CARTESIAN_POINT('',(148.05,-166.595,-4.6E-02));
#2706 = VECTOR('',#2707,1.);
#2707 = DIRECTION('',(0.,0.,1.));
#2708 = PLANE('',#2709);
#2709 = AXIS2_PLACEMENT_3D('',#2710,#2711,#2712);
#2710 = CARTESIAN_POINT('',(148.05,-167.395,-4.6E-02));
#2711 = DIRECTION('',(-1.,0.,0.));
#2712 = DIRECTION('',(0.,1.,0.));
#2713 = ADVANCED_FACE('',(#2714),#2725,.F.);
#2714 = FACE_BOUND('',#2715,.T.);
#2715 = EDGE_LOOP('',(#2716,#2717,#2718,#2719));
#2716 = ORIENTED_EDGE('',*,*,#556,.T.);
#2717 = ORIENTED_EDGE('',*,*,#2703,.T.);
#2718 = ORIENTED_EDGE('',*,*,#1470,.F.);
#2719 = ORIENTED_EDGE('',*,*,#2720,.F.);
#2720 = EDGE_CURVE('',#549,#1463,#2721,.T.);
#2721 = LINE('',#2722,#2723);
#2722 = CARTESIAN_POINT('',(147.45,-166.595,-4.6E-02));
#2723 = VECTOR('',#2724,1.);
#2724 = DIRECTION('',(0.,0.,1.));
#2725 = CYLINDRICAL_SURFACE('',#2726,0.3);
#2726 = AXIS2_PLACEMENT_3D('',#2727,#2728,#2729);
#2727 = CARTESIAN_POINT('',(147.75,-166.595,-4.6E-02));
#2728 = DIRECTION('',(-0.,-0.,-1.));
#2729 = DIRECTION('',(1.,0.,-0.));
#2730 = ADVANCED_FACE('',(#2731),#2737,.T.);
#2731 = FACE_BOUND('',#2732,.T.);
#2732 = EDGE_LOOP('',(#2733,#2734,#2735,#2736));
#2733 = ORIENTED_EDGE('',*,*,#548,.T.);
#2734 = ORIENTED_EDGE('',*,*,#2720,.T.);
#2735 = ORIENTED_EDGE('',*,*,#1462,.F.);
#2736 = ORIENTED_EDGE('',*,*,#2679,.F.);
#2737 = PLANE('',#2738);
#2738 = AXIS2_PLACEMENT_3D('',#2739,#2740,#2741);
#2739 = CARTESIAN_POINT('',(147.45,-166.595,-4.6E-02));
#2740 = DIRECTION('',(1.,0.,-0.));
#2741 = DIRECTION('',(0.,-1.,0.));
#2742 = ADVANCED_FACE('',(#2743),#2754,.F.);
#2743 = FACE_BOUND('',#2744,.T.);
#2744 = EDGE_LOOP('',(#2745,#2746,#2752,#2753));
#2745 = ORIENTED_EDGE('',*,*,#573,.T.);
#2746 = ORIENTED_EDGE('',*,*,#2747,.T.);
#2747 = EDGE_CURVE('',#574,#1488,#2748,.T.);
#2748 = LINE('',#2749,#2750);
#2749 = CARTESIAN_POINT('',(146.32,-163.64,-4.6E-02));
#2750 = VECTOR('',#2751,1.);
#2751 = DIRECTION('',(0.,0.,1.));
#2752 = ORIENTED_EDGE('',*,*,#1487,.F.);
#2753 = ORIENTED_EDGE('',*,*,#2747,.F.);
#2754 = CYLINDRICAL_SURFACE('',#2755,0.325);
#2755 = AXIS2_PLACEMENT_3D('',#2756,#2757,#2758);
#2756 = CARTESIAN_POINT('',(146.32,-163.315,-4.6E-02));
#2757 = DIRECTION('',(-0.,-0.,-1.));
#2758 = DIRECTION('',(-0.,-1.,0.));
#2759 = ADVANCED_FACE('',(#2760),#2776,.F.);
#2760 = FACE_BOUND('',#2761,.T.);
#2761 = EDGE_LOOP('',(#2762,#2763,#2769,#2770));
#2762 = ORIENTED_EDGE('',*,*,#584,.T.);
#2763 = ORIENTED_EDGE('',*,*,#2764,.T.);
#2764 = EDGE_CURVE('',#587,#1501,#2765,.T.);
#2765 = LINE('',#2766,#2767);
#2766 = CARTESIAN_POINT('',(147.45,-163.365,-4.6E-02));
#2767 = VECTOR('',#2768,1.);
#2768 = DIRECTION('',(0.,0.,1.));
#2769 = ORIENTED_EDGE('',*,*,#1498,.F.);
#2770 = ORIENTED_EDGE('',*,*,#2771,.F.);
#2771 = EDGE_CURVE('',#585,#1499,#2772,.T.);
#2772 = LINE('',#2773,#2774);
#2773 = CARTESIAN_POINT('',(148.05,-163.365,-4.6E-02));
#2774 = VECTOR('',#2775,1.);
#2775 = DIRECTION('',(0.,0.,1.));
#2776 = CYLINDRICAL_SURFACE('',#2777,0.3);
#2777 = AXIS2_PLACEMENT_3D('',#2778,#2779,#2780);
#2778 = CARTESIAN_POINT('',(147.75,-163.365,-4.6E-02));
#2779 = DIRECTION('',(-0.,-0.,-1.));
#2780 = DIRECTION('',(-1.,-1.894780628694E-13,0.));
#2781 = ADVANCED_FACE('',(#2782),#2793,.T.);
#2782 = FACE_BOUND('',#2783,.T.);
#2783 = EDGE_LOOP('',(#2784,#2785,#2786,#2787));
#2784 = ORIENTED_EDGE('',*,*,#612,.T.);
#2785 = ORIENTED_EDGE('',*,*,#2771,.T.);
#2786 = ORIENTED_EDGE('',*,*,#1526,.F.);
#2787 = ORIENTED_EDGE('',*,*,#2788,.F.);
#2788 = EDGE_CURVE('',#604,#1518,#2789,.T.);
#2789 = LINE('',#2790,#2791);
#2790 = CARTESIAN_POINT('',(148.05,-162.265,-4.6E-02));
#2791 = VECTOR('',#2792,1.);
#2792 = DIRECTION('',(0.,0.,1.));
#2793 = PLANE('',#2794);
#2794 = AXIS2_PLACEMENT_3D('',#2795,#2796,#2797);
#2795 = CARTESIAN_POINT('',(148.05,-163.365,-4.6E-02));
#2796 = DIRECTION('',(-1.,0.,0.));
#2797 = DIRECTION('',(0.,1.,0.));
#2798 = ADVANCED_FACE('',(#2799),#2810,.F.);
#2799 = FACE_BOUND('',#2800,.T.);
#2800 = EDGE_LOOP('',(#2801,#2802,#2803,#2804));
#2801 = ORIENTED_EDGE('',*,*,#603,.T.);
#2802 = ORIENTED_EDGE('',*,*,#2788,.T.);
#2803 = ORIENTED_EDGE('',*,*,#1517,.F.);
#2804 = ORIENTED_EDGE('',*,*,#2805,.F.);
#2805 = EDGE_CURVE('',#596,#1510,#2806,.T.);
#2806 = LINE('',#2807,#2808);
#2807 = CARTESIAN_POINT('',(147.45,-162.265,-4.6E-02));
#2808 = VECTOR('',#2809,1.);
#2809 = DIRECTION('',(0.,0.,1.));
#2810 = CYLINDRICAL_SURFACE('',#2811,0.3);
#2811 = AXIS2_PLACEMENT_3D('',#2812,#2813,#2814);
#2812 = CARTESIAN_POINT('',(147.75,-162.265,-4.6E-02));
#2813 = DIRECTION('',(-0.,-0.,-1.));
#2814 = DIRECTION('',(1.,1.894780628694E-13,-0.));
#2815 = ADVANCED_FACE('',(#2816),#2822,.T.);
#2816 = FACE_BOUND('',#2817,.T.);
#2817 = EDGE_LOOP('',(#2818,#2819,#2820,#2821));
#2818 = ORIENTED_EDGE('',*,*,#595,.T.);
#2819 = ORIENTED_EDGE('',*,*,#2805,.T.);
#2820 = ORIENTED_EDGE('',*,*,#1509,.F.);
#2821 = ORIENTED_EDGE('',*,*,#2764,.F.);
#2822 = PLANE('',#2823);
#2823 = AXIS2_PLACEMENT_3D('',#2824,#2825,#2826);
#2824 = CARTESIAN_POINT('',(147.45,-162.265,-4.6E-02));
#2825 = DIRECTION('',(1.,0.,-0.));
#2826 = DIRECTION('',(0.,-1.,0.));
#2827 = ADVANCED_FACE('',(#2828),#2839,.F.);
#2828 = FACE_BOUND('',#2829,.T.);
#2829 = EDGE_LOOP('',(#2830,#2831,#2837,#2838));
#2830 = ORIENTED_EDGE('',*,*,#620,.T.);
#2831 = ORIENTED_EDGE('',*,*,#2832,.T.);
#2832 = EDGE_CURVE('',#621,#1535,#2833,.T.);
#2833 = LINE('',#2834,#2835);
#2834 = CARTESIAN_POINT('',(131.17,-155.02,-4.6E-02));
#2835 = VECTOR('',#2836,1.);
#2836 = DIRECTION('',(0.,0.,1.));
#2837 = ORIENTED_EDGE('',*,*,#1534,.F.);
#2838 = ORIENTED_EDGE('',*,*,#2832,.F.);
#2839 = CYLINDRICAL_SURFACE('',#2840,0.55);
#2840 = AXIS2_PLACEMENT_3D('',#2841,#2842,#2843);
#2841 = CARTESIAN_POINT('',(131.17,-154.47,-4.6E-02));
#2842 = DIRECTION('',(-0.,-0.,-1.));
#2843 = DIRECTION('',(-5.167583532801E-14,-1.,0.));
#2844 = ADVANCED_FACE('',(#2845),#2856,.F.);
#2845 = FACE_BOUND('',#2846,.T.);
#2846 = EDGE_LOOP('',(#2847,#2848,#2854,#2855));
#2847 = ORIENTED_EDGE('',*,*,#631,.T.);
#2848 = ORIENTED_EDGE('',*,*,#2849,.T.);
#2849 = EDGE_CURVE('',#632,#1546,#2850,.T.);
#2850 = LINE('',#2851,#2852);
#2851 = CARTESIAN_POINT('',(134.57,-155.02,-4.6E-02));
#2852 = VECTOR('',#2853,1.);
#2853 = DIRECTION('',(0.,0.,1.));
#2854 = ORIENTED_EDGE('',*,*,#1545,.F.);
#2855 = ORIENTED_EDGE('',*,*,#2849,.F.);
#2856 = CYLINDRICAL_SURFACE('',#2857,0.55);
#2857 = AXIS2_PLACEMENT_3D('',#2858,#2859,#2860);
#2858 = CARTESIAN_POINT('',(134.57,-154.47,-4.6E-02));
#2859 = DIRECTION('',(-0.,-0.,-1.));
#2860 = DIRECTION('',(-0.,-1.,0.));
#2861 = ADVANCED_FACE('',(#2862),#2873,.F.);
#2862 = FACE_BOUND('',#2863,.T.);
#2863 = EDGE_LOOP('',(#2864,#2865,#2871,#2872));
#2864 = ORIENTED_EDGE('',*,*,#642,.T.);
#2865 = ORIENTED_EDGE('',*,*,#2866,.T.);
#2866 = EDGE_CURVE('',#643,#1557,#2867,.T.);
#2867 = LINE('',#2868,#2869);
#2868 = CARTESIAN_POINT('',(132.87,-151.32,-4.6E-02));
#2869 = VECTOR('',#2870,1.);
#2870 = DIRECTION('',(0.,0.,1.));
#2871 = ORIENTED_EDGE('',*,*,#1556,.F.);
#2872 = ORIENTED_EDGE('',*,*,#2866,.F.);
#2873 = CYLINDRICAL_SURFACE('',#2874,0.55);
#2874 = AXIS2_PLACEMENT_3D('',#2875,#2876,#2877);
#2875 = CARTESIAN_POINT('',(132.87,-150.77,-4.6E-02));
#2876 = DIRECTION('',(-0.,-0.,-1.));
#2877 = DIRECTION('',(-0.,-1.,0.));
#2878 = ADVANCED_FACE('',(#2879),#2890,.F.);
#2879 = FACE_BOUND('',#2880,.T.);
#2880 = EDGE_LOOP('',(#2881,#2882,#2888,#2889));
#2881 = ORIENTED_EDGE('',*,*,#653,.T.);
#2882 = ORIENTED_EDGE('',*,*,#2883,.T.);
#2883 = EDGE_CURVE('',#654,#1568,#2884,.T.);
#2884 = LINE('',#2885,#2886);
#2885 = CARTESIAN_POINT('',(147.066,-141.977,-4.6E-02));
#2886 = VECTOR('',#2887,1.);
#2887 = DIRECTION('',(0.,0.,1.));
#2888 = ORIENTED_EDGE('',*,*,#1567,.F.);
#2889 = ORIENTED_EDGE('',*,*,#2883,.F.);
#2890 = CYLINDRICAL_SURFACE('',#2891,2.15);
#2891 = AXIS2_PLACEMENT_3D('',#2892,#2893,#2894);
#2892 = CARTESIAN_POINT('',(147.066,-139.827,-4.6E-02));
#2893 = DIRECTION('',(-0.,-0.,-1.));
#2894 = DIRECTION('',(-0.,-1.,0.));
#2895 = ADVANCED_FACE('',(#2896),#2907,.F.);
#2896 = FACE_BOUND('',#2897,.T.);
#2897 = EDGE_LOOP('',(#2898,#2899,#2905,#2906));
#2898 = ORIENTED_EDGE('',*,*,#664,.T.);
#2899 = ORIENTED_EDGE('',*,*,#2900,.T.);
#2900 = EDGE_CURVE('',#665,#1579,#2901,.T.);
#2901 = LINE('',#2902,#2903);
#2902 = CARTESIAN_POINT('',(90.3,-129.2,-4.6E-02));
#2903 = VECTOR('',#2904,1.);
#2904 = DIRECTION('',(0.,0.,1.));
#2905 = ORIENTED_EDGE('',*,*,#1578,.F.);
#2906 = ORIENTED_EDGE('',*,*,#2900,.F.);
#2907 = CYLINDRICAL_SURFACE('',#2908,0.9);
#2908 = AXIS2_PLACEMENT_3D('',#2909,#2910,#2911);
#2909 = CARTESIAN_POINT('',(90.3,-128.3,-4.6E-02));
#2910 = DIRECTION('',(-0.,-0.,-1.));
#2911 = DIRECTION('',(-1.578983857245E-14,-1.,0.));
#2912 = ADVANCED_FACE('',(#2913),#2924,.F.);
#2913 = FACE_BOUND('',#2914,.T.);
#2914 = EDGE_LOOP('',(#2915,#2916,#2922,#2923));
#2915 = ORIENTED_EDGE('',*,*,#675,.T.);
#2916 = ORIENTED_EDGE('',*,*,#2917,.T.);
#2917 = EDGE_CURVE('',#676,#1590,#2918,.T.);
#2918 = LINE('',#2919,#2920);
#2919 = CARTESIAN_POINT('',(95.3,-129.2,-4.6E-02));
#2920 = VECTOR('',#2921,1.);
#2921 = DIRECTION('',(0.,0.,1.));
#2922 = ORIENTED_EDGE('',*,*,#1589,.F.);
#2923 = ORIENTED_EDGE('',*,*,#2917,.F.);
#2924 = CYLINDRICAL_SURFACE('',#2925,0.9);
#2925 = AXIS2_PLACEMENT_3D('',#2926,#2927,#2928);
#2926 = CARTESIAN_POINT('',(95.3,-128.3,-4.6E-02));
#2927 = DIRECTION('',(-0.,-0.,-1.));
#2928 = DIRECTION('',(-1.578983857245E-14,-1.,0.));
#2929 = ADVANCED_FACE('',(#2930),#2941,.F.);
#2930 = FACE_BOUND('',#2931,.T.);
#2931 = EDGE_LOOP('',(#2932,#2933,#2939,#2940));
#2932 = ORIENTED_EDGE('',*,*,#686,.T.);
#2933 = ORIENTED_EDGE('',*,*,#2934,.T.);
#2934 = EDGE_CURVE('',#687,#1601,#2935,.T.);
#2935 = LINE('',#2936,#2937);
#2936 = CARTESIAN_POINT('',(100.584,-109.084,-4.6E-02));
#2937 = VECTOR('',#2938,1.);
#2938 = DIRECTION('',(0.,0.,1.));
#2939 = ORIENTED_EDGE('',*,*,#1600,.F.);
#2940 = ORIENTED_EDGE('',*,*,#2934,.F.);
#2941 = CYLINDRICAL_SURFACE('',#2942,2.15);
#2942 = AXIS2_PLACEMENT_3D('',#2943,#2944,#2945);
#2943 = CARTESIAN_POINT('',(100.584,-106.934,-4.6E-02));
#2944 = DIRECTION('',(-0.,-0.,-1.));
#2945 = DIRECTION('',(-0.,-1.,0.));
#2946 = ADVANCED_FACE('',(#2947),#2958,.F.);
#2947 = FACE_BOUND('',#2948,.T.);
#2948 = EDGE_LOOP('',(#2949,#2950,#2956,#2957));
#2949 = ORIENTED_EDGE('',*,*,#697,.T.);
#2950 = ORIENTED_EDGE('',*,*,#2951,.T.);
#2951 = EDGE_CURVE('',#698,#1612,#2952,.T.);
#2952 = LINE('',#2953,#2954);
#2953 = CARTESIAN_POINT('',(112.755,-107.33,-4.6E-02));
#2954 = VECTOR('',#2955,1.);
#2955 = DIRECTION('',(0.,0.,1.));
#2956 = ORIENTED_EDGE('',*,*,#1611,.F.);
#2957 = ORIENTED_EDGE('',*,*,#2951,.F.);
#2958 = CYLINDRICAL_SURFACE('',#2959,0.9);
#2959 = AXIS2_PLACEMENT_3D('',#2960,#2961,#2962);
#2960 = CARTESIAN_POINT('',(112.755,-106.43,-4.6E-02));
#2961 = DIRECTION('',(-0.,-0.,-1.));
#2962 = DIRECTION('',(-0.,-1.,0.));
#2963 = ADVANCED_FACE('',(#2964),#2975,.F.);
#2964 = FACE_BOUND('',#2965,.T.);
#2965 = EDGE_LOOP('',(#2966,#2967,#2973,#2974));
#2966 = ORIENTED_EDGE('',*,*,#708,.T.);
#2967 = ORIENTED_EDGE('',*,*,#2968,.T.);
#2968 = EDGE_CURVE('',#709,#1623,#2969,.T.);
#2969 = LINE('',#2970,#2971);
#2970 = CARTESIAN_POINT('',(117.755,-107.33,-4.6E-02));
#2971 = VECTOR('',#2972,1.);
#2972 = DIRECTION('',(0.,0.,1.));
#2973 = ORIENTED_EDGE('',*,*,#1622,.F.);
#2974 = ORIENTED_EDGE('',*,*,#2968,.F.);
#2975 = CYLINDRICAL_SURFACE('',#2976,0.9);
#2976 = AXIS2_PLACEMENT_3D('',#2977,#2978,#2979);
#2977 = CARTESIAN_POINT('',(117.755,-106.43,-4.6E-02));
#2978 = DIRECTION('',(-0.,-0.,-1.));
#2979 = DIRECTION('',(-0.,-1.,0.));
#2980 = ADVANCED_FACE('',(#2981),#2992,.F.);
#2981 = FACE_BOUND('',#2982,.T.);
#2982 = EDGE_LOOP('',(#2983,#2984,#2990,#2991));
#2983 = ORIENTED_EDGE('',*,*,#719,.T.);
#2984 = ORIENTED_EDGE('',*,*,#2985,.T.);
#2985 = EDGE_CURVE('',#720,#1634,#2986,.T.);
#2986 = LINE('',#2987,#2988);
#2987 = CARTESIAN_POINT('',(141.35,-132.285,-4.6E-02));
#2988 = VECTOR('',#2989,1.);
#2989 = DIRECTION('',(0.,0.,1.));
#2990 = ORIENTED_EDGE('',*,*,#1633,.F.);
#2991 = ORIENTED_EDGE('',*,*,#2985,.F.);
#2992 = CYLINDRICAL_SURFACE('',#2993,0.635);
#2993 = AXIS2_PLACEMENT_3D('',#2994,#2995,#2996);
#2994 = CARTESIAN_POINT('',(141.35,-131.65,-4.6E-02));
#2995 = DIRECTION('',(-0.,-0.,-1.));
#2996 = DIRECTION('',(-4.475859752819E-14,-1.,0.));
#2997 = ADVANCED_FACE('',(#2998),#3009,.F.);
#2998 = FACE_BOUND('',#2999,.T.);
#2999 = EDGE_LOOP('',(#3000,#3001,#3007,#3008));
#3000 = ORIENTED_EDGE('',*,*,#730,.T.);
#3001 = ORIENTED_EDGE('',*,*,#3002,.T.);
#3002 = EDGE_CURVE('',#731,#1645,#3003,.T.);
#3003 = LINE('',#3004,#3005);
#3004 = CARTESIAN_POINT('',(143.89,-132.285,-4.6E-02));
#3005 = VECTOR('',#3006,1.);
#3006 = DIRECTION('',(0.,0.,1.));
#3007 = ORIENTED_EDGE('',*,*,#1644,.F.);
#3008 = ORIENTED_EDGE('',*,*,#3002,.F.);
#3009 = CYLINDRICAL_SURFACE('',#3010,0.635);
#3010 = AXIS2_PLACEMENT_3D('',#3011,#3012,#3013);
#3011 = CARTESIAN_POINT('',(143.89,-131.65,-4.6E-02));
#3012 = DIRECTION('',(-0.,-0.,-1.));
#3013 = DIRECTION('',(-0.,-1.,0.));
#3014 = ADVANCED_FACE('',(#3015),#3026,.F.);
#3015 = FACE_BOUND('',#3016,.T.);
#3016 = EDGE_LOOP('',(#3017,#3018,#3024,#3025));
#3017 = ORIENTED_EDGE('',*,*,#741,.T.);
#3018 = ORIENTED_EDGE('',*,*,#3019,.T.);
#3019 = EDGE_CURVE('',#742,#1656,#3020,.T.);
#3020 = LINE('',#3021,#3022);
#3021 = CARTESIAN_POINT('',(146.43,-132.285,-4.6E-02));
#3022 = VECTOR('',#3023,1.);
#3023 = DIRECTION('',(0.,0.,1.));
#3024 = ORIENTED_EDGE('',*,*,#1655,.F.);
#3025 = ORIENTED_EDGE('',*,*,#3019,.F.);
#3026 = CYLINDRICAL_SURFACE('',#3027,0.635);
#3027 = AXIS2_PLACEMENT_3D('',#3028,#3029,#3030);
#3028 = CARTESIAN_POINT('',(146.43,-131.65,-4.6E-02));
#3029 = DIRECTION('',(-0.,-0.,-1.));
#3030 = DIRECTION('',(-0.,-1.,0.));
#3031 = ADVANCED_FACE('',(#3032),#3043,.F.);
#3032 = FACE_BOUND('',#3033,.T.);
#3033 = EDGE_LOOP('',(#3034,#3035,#3041,#3042));
#3034 = ORIENTED_EDGE('',*,*,#752,.T.);
#3035 = ORIENTED_EDGE('',*,*,#3036,.T.);
#3036 = EDGE_CURVE('',#753,#1667,#3037,.T.);
#3037 = LINE('',#3038,#3039);
#3038 = CARTESIAN_POINT('',(148.97,-132.285,-4.6E-02));
#3039 = VECTOR('',#3040,1.);
#3040 = DIRECTION('',(0.,0.,1.));
#3041 = ORIENTED_EDGE('',*,*,#1666,.F.);
#3042 = ORIENTED_EDGE('',*,*,#3036,.F.);
#3043 = CYLINDRICAL_SURFACE('',#3044,0.635);
#3044 = AXIS2_PLACEMENT_3D('',#3045,#3046,#3047);
#3045 = CARTESIAN_POINT('',(148.97,-131.65,-4.6E-02));
#3046 = DIRECTION('',(-0.,-0.,-1.));
#3047 = DIRECTION('',(-0.,-1.,0.));
#3048 = ADVANCED_FACE('',(#3049),#3060,.F.);
#3049 = FACE_BOUND('',#3050,.T.);
#3050 = EDGE_LOOP('',(#3051,#3052,#3058,#3059));
#3051 = ORIENTED_EDGE('',*,*,#763,.T.);
#3052 = ORIENTED_EDGE('',*,*,#3053,.T.);
#3053 = EDGE_CURVE('',#764,#1678,#3054,.T.);
#3054 = LINE('',#3055,#3056);
#3055 = CARTESIAN_POINT('',(151.51,-132.285,-4.6E-02));
#3056 = VECTOR('',#3057,1.);
#3057 = DIRECTION('',(0.,0.,1.));
#3058 = ORIENTED_EDGE('',*,*,#1677,.F.);
#3059 = ORIENTED_EDGE('',*,*,#3053,.F.);
#3060 = CYLINDRICAL_SURFACE('',#3061,0.635);
#3061 = AXIS2_PLACEMENT_3D('',#3062,#3063,#3064);
#3062 = CARTESIAN_POINT('',(151.51,-131.65,-4.6E-02));
#3063 = DIRECTION('',(-0.,-0.,-1.));
#3064 = DIRECTION('',(-0.,-1.,0.));
#3065 = ADVANCED_FACE('',(#3066),#3077,.F.);
#3066 = FACE_BOUND('',#3067,.T.);
#3067 = EDGE_LOOP('',(#3068,#3069,#3075,#3076));
#3068 = ORIENTED_EDGE('',*,*,#774,.T.);
#3069 = ORIENTED_EDGE('',*,*,#3070,.T.);
#3070 = EDGE_CURVE('',#775,#1689,#3071,.T.);
#3071 = LINE('',#3072,#3073);
#3072 = CARTESIAN_POINT('',(154.05,-132.285,-4.6E-02));
#3073 = VECTOR('',#3074,1.);
#3074 = DIRECTION('',(0.,0.,1.));
#3075 = ORIENTED_EDGE('',*,*,#1688,.F.);
#3076 = ORIENTED_EDGE('',*,*,#3070,.F.);
#3077 = CYLINDRICAL_SURFACE('',#3078,0.635);
#3078 = AXIS2_PLACEMENT_3D('',#3079,#3080,#3081);
#3079 = CARTESIAN_POINT('',(154.05,-131.65,-4.6E-02));
#3080 = DIRECTION('',(-0.,-0.,-1.));
#3081 = DIRECTION('',(-0.,-1.,0.));
#3082 = ADVANCED_FACE('',(#3083),#3094,.F.);
#3083 = FACE_BOUND('',#3084,.T.);
#3084 = EDGE_LOOP('',(#3085,#3086,#3092,#3093));
#3085 = ORIENTED_EDGE('',*,*,#785,.T.);
#3086 = ORIENTED_EDGE('',*,*,#3087,.T.);
#3087 = EDGE_CURVE('',#786,#1700,#3088,.T.);
#3088 = LINE('',#3089,#3090);
#3089 = CARTESIAN_POINT('',(156.59,-132.285,-4.6E-02));
#3090 = VECTOR('',#3091,1.);
#3091 = DIRECTION('',(0.,0.,1.));
#3092 = ORIENTED_EDGE('',*,*,#1699,.F.);
#3093 = ORIENTED_EDGE('',*,*,#3087,.F.);
#3094 = CYLINDRICAL_SURFACE('',#3095,0.635);
#3095 = AXIS2_PLACEMENT_3D('',#3096,#3097,#3098);
#3096 = CARTESIAN_POINT('',(156.59,-131.65,-4.6E-02));
#3097 = DIRECTION('',(-0.,-0.,-1.));
#3098 = DIRECTION('',(-0.,-1.,0.));
#3099 = ADVANCED_FACE('',(#3100),#3111,.F.);
#3100 = FACE_BOUND('',#3101,.T.);
#3101 = EDGE_LOOP('',(#3102,#3103,#3109,#3110));
#3102 = ORIENTED_EDGE('',*,*,#796,.T.);
#3103 = ORIENTED_EDGE('',*,*,#3104,.T.);
#3104 = EDGE_CURVE('',#797,#1711,#3105,.T.);
#3105 = LINE('',#3106,#3107);
#3106 = CARTESIAN_POINT('',(159.13,-132.285,-4.6E-02));
#3107 = VECTOR('',#3108,1.);
#3108 = DIRECTION('',(0.,0.,1.));
#3109 = ORIENTED_EDGE('',*,*,#1710,.F.);
#3110 = ORIENTED_EDGE('',*,*,#3104,.F.);
#3111 = CYLINDRICAL_SURFACE('',#3112,0.635);
#3112 = AXIS2_PLACEMENT_3D('',#3113,#3114,#3115);
#3113 = CARTESIAN_POINT('',(159.13,-131.65,-4.6E-02));
#3114 = DIRECTION('',(-0.,-0.,-1.));
#3115 = DIRECTION('',(-0.,-1.,0.));
#3116 = ADVANCED_FACE('',(#3117),#3128,.F.);
#3117 = FACE_BOUND('',#3118,.T.);
#3118 = EDGE_LOOP('',(#3119,#3120,#3126,#3127));
#3119 = ORIENTED_EDGE('',*,*,#807,.T.);
#3120 = ORIENTED_EDGE('',*,*,#3121,.T.);
#3121 = EDGE_CURVE('',#808,#1722,#3122,.T.);
#3122 = LINE('',#3123,#3124);
#3123 = CARTESIAN_POINT('',(161.67,-132.285,-4.6E-02));
#3124 = VECTOR('',#3125,1.);
#3125 = DIRECTION('',(0.,0.,1.));
#3126 = ORIENTED_EDGE('',*,*,#1721,.F.);
#3127 = ORIENTED_EDGE('',*,*,#3121,.F.);
#3128 = CYLINDRICAL_SURFACE('',#3129,0.635);
#3129 = AXIS2_PLACEMENT_3D('',#3130,#3131,#3132);
#3130 = CARTESIAN_POINT('',(161.67,-131.65,-4.6E-02));
#3131 = DIRECTION('',(-0.,-0.,-1.));
#3132 = DIRECTION('',(-4.475859752819E-14,-1.,0.));
#3133 = ADVANCED_FACE('',(#3134),#3145,.F.);
#3134 = FACE_BOUND('',#3135,.T.);
#3135 = EDGE_LOOP('',(#3136,#3137,#3143,#3144));
#3136 = ORIENTED_EDGE('',*,*,#818,.T.);
#3137 = ORIENTED_EDGE('',*,*,#3138,.T.);
#3138 = EDGE_CURVE('',#819,#1733,#3139,.T.);
#3139 = LINE('',#3140,#3141);
#3140 = CARTESIAN_POINT('',(164.21,-132.285,-4.6E-02));
#3141 = VECTOR('',#3142,1.);
#3142 = DIRECTION('',(0.,0.,1.));
#3143 = ORIENTED_EDGE('',*,*,#1732,.F.);
#3144 = ORIENTED_EDGE('',*,*,#3138,.F.);
#3145 = CYLINDRICAL_SURFACE('',#3146,0.635);
#3146 = AXIS2_PLACEMENT_3D('',#3147,#3148,#3149);
#3147 = CARTESIAN_POINT('',(164.21,-131.65,-4.6E-02));
#3148 = DIRECTION('',(-0.,0.,-1.));
#3149 = DIRECTION('',(4.475859752819E-14,-1.,-0.));
#3150 = ADVANCED_FACE('',(#3151),#3162,.F.);
#3151 = FACE_BOUND('',#3152,.T.);
#3152 = EDGE_LOOP('',(#3153,#3154,#3160,#3161));
#3153 = ORIENTED_EDGE('',*,*,#829,.T.);
#3154 = ORIENTED_EDGE('',*,*,#3155,.T.);
#3155 = EDGE_CURVE('',#830,#1744,#3156,.T.);
#3156 = LINE('',#3157,#3158);
#3157 = CARTESIAN_POINT('',(166.75,-132.285,-4.6E-02));
#3158 = VECTOR('',#3159,1.);
#3159 = DIRECTION('',(0.,0.,1.));
#3160 = ORIENTED_EDGE('',*,*,#1743,.F.);
#3161 = ORIENTED_EDGE('',*,*,#3155,.F.);
#3162 = CYLINDRICAL_SURFACE('',#3163,0.635);
#3163 = AXIS2_PLACEMENT_3D('',#3164,#3165,#3166);
#3164 = CARTESIAN_POINT('',(166.75,-131.65,-4.6E-02));
#3165 = DIRECTION('',(-0.,-0.,-1.));
#3166 = DIRECTION('',(-0.,-1.,0.));
#3167 = ADVANCED_FACE('',(#3168),#3179,.F.);
#3168 = FACE_BOUND('',#3169,.T.);
#3169 = EDGE_LOOP('',(#3170,#3171,#3177,#3178));
#3170 = ORIENTED_EDGE('',*,*,#840,.T.);
#3171 = ORIENTED_EDGE('',*,*,#3172,.T.);
#3172 = EDGE_CURVE('',#841,#1755,#3173,.T.);
#3173 = LINE('',#3174,#3175);
#3174 = CARTESIAN_POINT('',(169.29,-132.285,-4.6E-02));
#3175 = VECTOR('',#3176,1.);
#3176 = DIRECTION('',(0.,0.,1.));
#3177 = ORIENTED_EDGE('',*,*,#1754,.F.);
#3178 = ORIENTED_EDGE('',*,*,#3172,.F.);
#3179 = CYLINDRICAL_SURFACE('',#3180,0.635);
#3180 = AXIS2_PLACEMENT_3D('',#3181,#3182,#3183);
#3181 = CARTESIAN_POINT('',(169.29,-131.65,-4.6E-02));
#3182 = DIRECTION('',(-0.,-0.,-1.));
#3183 = DIRECTION('',(-4.475859752819E-14,-1.,0.));
#3184 = ADVANCED_FACE('',(#3185),#3196,.F.);
#3185 = FACE_BOUND('',#3186,.T.);
#3186 = EDGE_LOOP('',(#3187,#3188,#3194,#3195));
#3187 = ORIENTED_EDGE('',*,*,#851,.T.);
#3188 = ORIENTED_EDGE('',*,*,#3189,.T.);
#3189 = EDGE_CURVE('',#852,#1766,#3190,.T.);
#3190 = LINE('',#3191,#3192);
#3191 = CARTESIAN_POINT('',(171.83,-132.285,-4.6E-02));
#3192 = VECTOR('',#3193,1.);
#3193 = DIRECTION('',(0.,0.,1.));
#3194 = ORIENTED_EDGE('',*,*,#1765,.F.);
#3195 = ORIENTED_EDGE('',*,*,#3189,.F.);
#3196 = CYLINDRICAL_SURFACE('',#3197,0.635);
#3197 = AXIS2_PLACEMENT_3D('',#3198,#3199,#3200);
#3198 = CARTESIAN_POINT('',(171.83,-131.65,-4.6E-02));
#3199 = DIRECTION('',(-0.,0.,-1.));
#3200 = DIRECTION('',(4.475859752819E-14,-1.,-0.));
#3201 = ADVANCED_FACE('',(#3202),#3213,.F.);
#3202 = FACE_BOUND('',#3203,.T.);
#3203 = EDGE_LOOP('',(#3204,#3205,#3211,#3212));
#3204 = ORIENTED_EDGE('',*,*,#862,.T.);
#3205 = ORIENTED_EDGE('',*,*,#3206,.T.);
#3206 = EDGE_CURVE('',#863,#1777,#3207,.T.);
#3207 = LINE('',#3208,#3209);
#3208 = CARTESIAN_POINT('',(174.37,-132.285,-4.6E-02));
#3209 = VECTOR('',#3210,1.);
#3210 = DIRECTION('',(0.,0.,1.));
#3211 = ORIENTED_EDGE('',*,*,#1776,.F.);
#3212 = ORIENTED_EDGE('',*,*,#3206,.F.);
#3213 = CYLINDRICAL_SURFACE('',#3214,0.635);
#3214 = AXIS2_PLACEMENT_3D('',#3215,#3216,#3217);
#3215 = CARTESIAN_POINT('',(174.37,-131.65,-4.6E-02));
#3216 = DIRECTION('',(-0.,-0.,-1.));
#3217 = DIRECTION('',(-0.,-1.,0.));
#3218 = ADVANCED_FACE('',(#3219),#3230,.F.);
#3219 = FACE_BOUND('',#3220,.T.);
#3220 = EDGE_LOOP('',(#3221,#3222,#3228,#3229));
#3221 = ORIENTED_EDGE('',*,*,#873,.T.);
#3222 = ORIENTED_EDGE('',*,*,#3223,.T.);
#3223 = EDGE_CURVE('',#874,#1788,#3224,.T.);
#3224 = LINE('',#3225,#3226);
#3225 = CARTESIAN_POINT('',(176.91,-132.285,-4.6E-02));
#3226 = VECTOR('',#3227,1.);
#3227 = DIRECTION('',(0.,0.,1.));
#3228 = ORIENTED_EDGE('',*,*,#1787,.F.);
#3229 = ORIENTED_EDGE('',*,*,#3223,.F.);
#3230 = CYLINDRICAL_SURFACE('',#3231,0.635);
#3231 = AXIS2_PLACEMENT_3D('',#3232,#3233,#3234);
#3232 = CARTESIAN_POINT('',(176.91,-131.65,-4.6E-02));
#3233 = DIRECTION('',(-0.,-0.,-1.));
#3234 = DIRECTION('',(-0.,-1.,0.));
#3235 = ADVANCED_FACE('',(#3236),#3247,.F.);
#3236 = FACE_BOUND('',#3237,.T.);
#3237 = EDGE_LOOP('',(#3238,#3239,#3245,#3246));
#3238 = ORIENTED_EDGE('',*,*,#884,.T.);
#3239 = ORIENTED_EDGE('',*,*,#3240,.T.);
#3240 = EDGE_CURVE('',#885,#1799,#3241,.T.);
#3241 = LINE('',#3242,#3243);
#3242 = CARTESIAN_POINT('',(141.35,-106.885,-4.6E-02));
#3243 = VECTOR('',#3244,1.);
#3244 = DIRECTION('',(0.,0.,1.));
#3245 = ORIENTED_EDGE('',*,*,#1798,.F.);
#3246 = ORIENTED_EDGE('',*,*,#3240,.F.);
#3247 = CYLINDRICAL_SURFACE('',#3248,0.635);
#3248 = AXIS2_PLACEMENT_3D('',#3249,#3250,#3251);
#3249 = CARTESIAN_POINT('',(141.35,-106.25,-4.6E-02));
#3250 = DIRECTION('',(-0.,-0.,-1.));
#3251 = DIRECTION('',(-4.475859752819E-14,-1.,0.));
#3252 = ADVANCED_FACE('',(#3253),#3264,.F.);
#3253 = FACE_BOUND('',#3254,.T.);
#3254 = EDGE_LOOP('',(#3255,#3256,#3262,#3263));
#3255 = ORIENTED_EDGE('',*,*,#895,.T.);
#3256 = ORIENTED_EDGE('',*,*,#3257,.T.);
#3257 = EDGE_CURVE('',#896,#1810,#3258,.T.);
#3258 = LINE('',#3259,#3260);
#3259 = CARTESIAN_POINT('',(143.89,-106.885,-4.6E-02));
#3260 = VECTOR('',#3261,1.);
#3261 = DIRECTION('',(0.,0.,1.));
#3262 = ORIENTED_EDGE('',*,*,#1809,.F.);
#3263 = ORIENTED_EDGE('',*,*,#3257,.F.);
#3264 = CYLINDRICAL_SURFACE('',#3265,0.635);
#3265 = AXIS2_PLACEMENT_3D('',#3266,#3267,#3268);
#3266 = CARTESIAN_POINT('',(143.89,-106.25,-4.6E-02));
#3267 = DIRECTION('',(-0.,-0.,-1.));
#3268 = DIRECTION('',(-0.,-1.,0.));
#3269 = ADVANCED_FACE('',(#3270),#3281,.F.);
#3270 = FACE_BOUND('',#3271,.T.);
#3271 = EDGE_LOOP('',(#3272,#3273,#3279,#3280));
#3272 = ORIENTED_EDGE('',*,*,#906,.T.);
#3273 = ORIENTED_EDGE('',*,*,#3274,.T.);
#3274 = EDGE_CURVE('',#907,#1821,#3275,.T.);
#3275 = LINE('',#3276,#3277);
#3276 = CARTESIAN_POINT('',(146.43,-106.885,-4.6E-02));
#3277 = VECTOR('',#3278,1.);
#3278 = DIRECTION('',(0.,0.,1.));
#3279 = ORIENTED_EDGE('',*,*,#1820,.F.);
#3280 = ORIENTED_EDGE('',*,*,#3274,.F.);
#3281 = CYLINDRICAL_SURFACE('',#3282,0.635);
#3282 = AXIS2_PLACEMENT_3D('',#3283,#3284,#3285);
#3283 = CARTESIAN_POINT('',(146.43,-106.25,-4.6E-02));
#3284 = DIRECTION('',(-0.,-0.,-1.));
#3285 = DIRECTION('',(-0.,-1.,0.));
#3286 = ADVANCED_FACE('',(#3287),#3298,.F.);
#3287 = FACE_BOUND('',#3288,.T.);
#3288 = EDGE_LOOP('',(#3289,#3290,#3296,#3297));
#3289 = ORIENTED_EDGE('',*,*,#917,.T.);
#3290 = ORIENTED_EDGE('',*,*,#3291,.T.);
#3291 = EDGE_CURVE('',#918,#1832,#3292,.T.);
#3292 = LINE('',#3293,#3294);
#3293 = CARTESIAN_POINT('',(148.97,-106.885,-4.6E-02));
#3294 = VECTOR('',#3295,1.);
#3295 = DIRECTION('',(0.,0.,1.));
#3296 = ORIENTED_EDGE('',*,*,#1831,.F.);
#3297 = ORIENTED_EDGE('',*,*,#3291,.F.);
#3298 = CYLINDRICAL_SURFACE('',#3299,0.635);
#3299 = AXIS2_PLACEMENT_3D('',#3300,#3301,#3302);
#3300 = CARTESIAN_POINT('',(148.97,-106.25,-4.6E-02));
#3301 = DIRECTION('',(-0.,-0.,-1.));
#3302 = DIRECTION('',(-0.,-1.,0.));
#3303 = ADVANCED_FACE('',(#3304),#3315,.F.);
#3304 = FACE_BOUND('',#3305,.T.);
#3305 = EDGE_LOOP('',(#3306,#3307,#3313,#3314));
#3306 = ORIENTED_EDGE('',*,*,#928,.T.);
#3307 = ORIENTED_EDGE('',*,*,#3308,.T.);
#3308 = EDGE_CURVE('',#929,#1843,#3309,.T.);
#3309 = LINE('',#3310,#3311);
#3310 = CARTESIAN_POINT('',(151.51,-106.885,-4.6E-02));
#3311 = VECTOR('',#3312,1.);
#3312 = DIRECTION('',(0.,0.,1.));
#3313 = ORIENTED_EDGE('',*,*,#1842,.F.);
#3314 = ORIENTED_EDGE('',*,*,#3308,.F.);
#3315 = CYLINDRICAL_SURFACE('',#3316,0.635);
#3316 = AXIS2_PLACEMENT_3D('',#3317,#3318,#3319);
#3317 = CARTESIAN_POINT('',(151.51,-106.25,-4.6E-02));
#3318 = DIRECTION('',(-0.,-0.,-1.));
#3319 = DIRECTION('',(-0.,-1.,0.));
#3320 = ADVANCED_FACE('',(#3321),#3332,.F.);
#3321 = FACE_BOUND('',#3322,.T.);
#3322 = EDGE_LOOP('',(#3323,#3324,#3330,#3331));
#3323 = ORIENTED_EDGE('',*,*,#939,.T.);
#3324 = ORIENTED_EDGE('',*,*,#3325,.T.);
#3325 = EDGE_CURVE('',#940,#1854,#3326,.T.);
#3326 = LINE('',#3327,#3328);
#3327 = CARTESIAN_POINT('',(154.05,-106.885,-4.6E-02));
#3328 = VECTOR('',#3329,1.);
#3329 = DIRECTION('',(0.,0.,1.));
#3330 = ORIENTED_EDGE('',*,*,#1853,.F.);
#3331 = ORIENTED_EDGE('',*,*,#3325,.F.);
#3332 = CYLINDRICAL_SURFACE('',#3333,0.635);
#3333 = AXIS2_PLACEMENT_3D('',#3334,#3335,#3336);
#3334 = CARTESIAN_POINT('',(154.05,-106.25,-4.6E-02));
#3335 = DIRECTION('',(-0.,-0.,-1.));
#3336 = DIRECTION('',(-0.,-1.,0.));
#3337 = ADVANCED_FACE('',(#3338),#3349,.F.);
#3338 = FACE_BOUND('',#3339,.T.);
#3339 = EDGE_LOOP('',(#3340,#3341,#3347,#3348));
#3340 = ORIENTED_EDGE('',*,*,#950,.T.);
#3341 = ORIENTED_EDGE('',*,*,#3342,.T.);
#3342 = EDGE_CURVE('',#951,#1865,#3343,.T.);
#3343 = LINE('',#3344,#3345);
#3344 = CARTESIAN_POINT('',(156.59,-106.885,-4.6E-02));
#3345 = VECTOR('',#3346,1.);
#3346 = DIRECTION('',(0.,0.,1.));
#3347 = ORIENTED_EDGE('',*,*,#1864,.F.);
#3348 = ORIENTED_EDGE('',*,*,#3342,.F.);
#3349 = CYLINDRICAL_SURFACE('',#3350,0.635);
#3350 = AXIS2_PLACEMENT_3D('',#3351,#3352,#3353);
#3351 = CARTESIAN_POINT('',(156.59,-106.25,-4.6E-02));
#3352 = DIRECTION('',(-0.,-0.,-1.));
#3353 = DIRECTION('',(-0.,-1.,0.));
#3354 = ADVANCED_FACE('',(#3355),#3366,.F.);
#3355 = FACE_BOUND('',#3356,.T.);
#3356 = EDGE_LOOP('',(#3357,#3358,#3364,#3365));
#3357 = ORIENTED_EDGE('',*,*,#961,.T.);
#3358 = ORIENTED_EDGE('',*,*,#3359,.T.);
#3359 = EDGE_CURVE('',#962,#1876,#3360,.T.);
#3360 = LINE('',#3361,#3362);
#3361 = CARTESIAN_POINT('',(159.13,-106.885,-4.6E-02));
#3362 = VECTOR('',#3363,1.);
#3363 = DIRECTION('',(0.,0.,1.));
#3364 = ORIENTED_EDGE('',*,*,#1875,.F.);
#3365 = ORIENTED_EDGE('',*,*,#3359,.F.);
#3366 = CYLINDRICAL_SURFACE('',#3367,0.635);
#3367 = AXIS2_PLACEMENT_3D('',#3368,#3369,#3370);
#3368 = CARTESIAN_POINT('',(159.13,-106.25,-4.6E-02));
#3369 = DIRECTION('',(-0.,-0.,-1.));
#3370 = DIRECTION('',(-0.,-1.,0.));
#3371 = ADVANCED_FACE('',(#3372),#3383,.F.);
#3372 = FACE_BOUND('',#3373,.T.);
#3373 = EDGE_LOOP('',(#3374,#3375,#3381,#3382));
#3374 = ORIENTED_EDGE('',*,*,#972,.T.);
#3375 = ORIENTED_EDGE('',*,*,#3376,.T.);
#3376 = EDGE_CURVE('',#973,#1887,#3377,.T.);
#3377 = LINE('',#3378,#3379);
#3378 = CARTESIAN_POINT('',(161.67,-106.885,-4.6E-02));
#3379 = VECTOR('',#3380,1.);
#3380 = DIRECTION('',(0.,0.,1.));
#3381 = ORIENTED_EDGE('',*,*,#1886,.F.);
#3382 = ORIENTED_EDGE('',*,*,#3376,.F.);
#3383 = CYLINDRICAL_SURFACE('',#3384,0.635);
#3384 = AXIS2_PLACEMENT_3D('',#3385,#3386,#3387);
#3385 = CARTESIAN_POINT('',(161.67,-106.25,-4.6E-02));
#3386 = DIRECTION('',(-0.,-0.,-1.));
#3387 = DIRECTION('',(-4.475859752819E-14,-1.,0.));
#3388 = ADVANCED_FACE('',(#3389),#3400,.F.);
#3389 = FACE_BOUND('',#3390,.T.);
#3390 = EDGE_LOOP('',(#3391,#3392,#3398,#3399));
#3391 = ORIENTED_EDGE('',*,*,#983,.T.);
#3392 = ORIENTED_EDGE('',*,*,#3393,.T.);
#3393 = EDGE_CURVE('',#984,#1898,#3394,.T.);
#3394 = LINE('',#3395,#3396);
#3395 = CARTESIAN_POINT('',(164.21,-106.885,-4.6E-02));
#3396 = VECTOR('',#3397,1.);
#3397 = DIRECTION('',(0.,0.,1.));
#3398 = ORIENTED_EDGE('',*,*,#1897,.F.);
#3399 = ORIENTED_EDGE('',*,*,#3393,.F.);
#3400 = CYLINDRICAL_SURFACE('',#3401,0.635);
#3401 = AXIS2_PLACEMENT_3D('',#3402,#3403,#3404);
#3402 = CARTESIAN_POINT('',(164.21,-106.25,-4.6E-02));
#3403 = DIRECTION('',(-0.,0.,-1.));
#3404 = DIRECTION('',(4.475859752819E-14,-1.,-0.));
#3405 = ADVANCED_FACE('',(#3406),#3417,.F.);
#3406 = FACE_BOUND('',#3407,.T.);
#3407 = EDGE_LOOP('',(#3408,#3409,#3415,#3416));
#3408 = ORIENTED_EDGE('',*,*,#994,.T.);
#3409 = ORIENTED_EDGE('',*,*,#3410,.T.);
#3410 = EDGE_CURVE('',#995,#1909,#3411,.T.);
#3411 = LINE('',#3412,#3413);
#3412 = CARTESIAN_POINT('',(166.75,-106.885,-4.6E-02));
#3413 = VECTOR('',#3414,1.);
#3414 = DIRECTION('',(0.,0.,1.));
#3415 = ORIENTED_EDGE('',*,*,#1908,.F.);
#3416 = ORIENTED_EDGE('',*,*,#3410,.F.);
#3417 = CYLINDRICAL_SURFACE('',#3418,0.635);
#3418 = AXIS2_PLACEMENT_3D('',#3419,#3420,#3421);
#3419 = CARTESIAN_POINT('',(166.75,-106.25,-4.6E-02));
#3420 = DIRECTION('',(-0.,-0.,-1.));
#3421 = DIRECTION('',(-0.,-1.,0.));
#3422 = ADVANCED_FACE('',(#3423),#3434,.F.);
#3423 = FACE_BOUND('',#3424,.T.);
#3424 = EDGE_LOOP('',(#3425,#3426,#3432,#3433));
#3425 = ORIENTED_EDGE('',*,*,#1005,.T.);
#3426 = ORIENTED_EDGE('',*,*,#3427,.T.);
#3427 = EDGE_CURVE('',#1006,#1920,#3428,.T.);
#3428 = LINE('',#3429,#3430);
#3429 = CARTESIAN_POINT('',(169.29,-106.885,-4.6E-02));
#3430 = VECTOR('',#3431,1.);
#3431 = DIRECTION('',(0.,0.,1.));
#3432 = ORIENTED_EDGE('',*,*,#1919,.F.);
#3433 = ORIENTED_EDGE('',*,*,#3427,.F.);
#3434 = CYLINDRICAL_SURFACE('',#3435,0.635);
#3435 = AXIS2_PLACEMENT_3D('',#3436,#3437,#3438);
#3436 = CARTESIAN_POINT('',(169.29,-106.25,-4.6E-02));
#3437 = DIRECTION('',(-0.,-0.,-1.));
#3438 = DIRECTION('',(-4.475859752819E-14,-1.,0.));
#3439 = ADVANCED_FACE('',(#3440),#3451,.F.);
#3440 = FACE_BOUND('',#3441,.T.);
#3441 = EDGE_LOOP('',(#3442,#3443,#3449,#3450));
#3442 = ORIENTED_EDGE('',*,*,#1016,.T.);
#3443 = ORIENTED_EDGE('',*,*,#3444,.T.);
#3444 = EDGE_CURVE('',#1017,#1931,#3445,.T.);
#3445 = LINE('',#3446,#3447);
#3446 = CARTESIAN_POINT('',(171.83,-106.885,-4.6E-02));
#3447 = VECTOR('',#3448,1.);
#3448 = DIRECTION('',(0.,0.,1.));
#3449 = ORIENTED_EDGE('',*,*,#1930,.F.);
#3450 = ORIENTED_EDGE('',*,*,#3444,.F.);
#3451 = CYLINDRICAL_SURFACE('',#3452,0.635);
#3452 = AXIS2_PLACEMENT_3D('',#3453,#3454,#3455);
#3453 = CARTESIAN_POINT('',(171.83,-106.25,-4.6E-02));
#3454 = DIRECTION('',(-0.,0.,-1.));
#3455 = DIRECTION('',(4.475859752819E-14,-1.,-0.));
#3456 = ADVANCED_FACE('',(#3457),#3468,.F.);
#3457 = FACE_BOUND('',#3458,.T.);
#3458 = EDGE_LOOP('',(#3459,#3460,#3466,#3467));
#3459 = ORIENTED_EDGE('',*,*,#1027,.T.);
#3460 = ORIENTED_EDGE('',*,*,#3461,.T.);
#3461 = EDGE_CURVE('',#1028,#1942,#3462,.T.);
#3462 = LINE('',#3463,#3464);
#3463 = CARTESIAN_POINT('',(174.37,-106.885,-4.6E-02));
#3464 = VECTOR('',#3465,1.);
#3465 = DIRECTION('',(0.,0.,1.));
#3466 = ORIENTED_EDGE('',*,*,#1941,.F.);
#3467 = ORIENTED_EDGE('',*,*,#3461,.F.);
#3468 = CYLINDRICAL_SURFACE('',#3469,0.635);
#3469 = AXIS2_PLACEMENT_3D('',#3470,#3471,#3472);
#3470 = CARTESIAN_POINT('',(174.37,-106.25,-4.6E-02));
#3471 = DIRECTION('',(-0.,-0.,-1.));
#3472 = DIRECTION('',(-0.,-1.,0.));
#3473 = ADVANCED_FACE('',(#3474),#3485,.F.);
#3474 = FACE_BOUND('',#3475,.T.);
#3475 = EDGE_LOOP('',(#3476,#3477,#3483,#3484));
#3476 = ORIENTED_EDGE('',*,*,#1038,.T.);
#3477 = ORIENTED_EDGE('',*,*,#3478,.T.);
#3478 = EDGE_CURVE('',#1039,#1953,#3479,.T.);
#3479 = LINE('',#3480,#3481);
#3480 = CARTESIAN_POINT('',(176.91,-106.885,-4.6E-02));
#3481 = VECTOR('',#3482,1.);
#3482 = DIRECTION('',(0.,0.,1.));
#3483 = ORIENTED_EDGE('',*,*,#1952,.F.);
#3484 = ORIENTED_EDGE('',*,*,#3478,.F.);
#3485 = CYLINDRICAL_SURFACE('',#3486,0.635);
#3486 = AXIS2_PLACEMENT_3D('',#3487,#3488,#3489);
#3487 = CARTESIAN_POINT('',(176.91,-106.25,-4.6E-02));
#3488 = DIRECTION('',(-0.,-0.,-1.));
#3489 = DIRECTION('',(-0.,-1.,0.));
#3490 = ( GEOMETRIC_REPRESENTATION_CONTEXT(3) 
GLOBAL_UNCERTAINTY_ASSIGNED_CONTEXT((#3494)) 
GLOBAL_UNIT_ASSIGNED_CONTEXT((#3491,#3492,#3493)) REPRESENTATION_CONTEXT
('Context #1','3D Context with UNIT and UNCERTAINTY') );
#3491 = ( LENGTH_UNIT() NAMED_UNIT(*) SI_UNIT(.MILLI.,.METRE.) );
#3492 = ( NAMED_UNIT(*) PLANE_ANGLE_UNIT() SI_UNIT($,.RADIAN.) );
#3493 = ( NAMED_UNIT(*) SI_UNIT($,.STERADIAN.) SOLID_ANGLE_UNIT() );
#3494 = UNCERTAINTY_MEASURE_WITH_UNIT(LENGTH_MEASURE(1.E-07),#3491,
  'distance_accuracy_value','confusion accuracy');
#3495 = CONTEXT_DEPENDENT_SHAPE_REPRESENTATION(#3496,#3498);
#3496 = ( REPRESENTATION_RELATIONSHIP('','',#32,#10) 
REPRESENTATION_RELATIONSHIP_WITH_TRANSFORMATION(#3497) 
SHAPE_REPRESENTATION_RELATIONSHIP() );
#3497 = ITEM_DEFINED_TRANSFORMATION('','',#11,#15);
#3498 = PRODUCT_DEFINITION_SHAPE('Placement','Placement of an item',
  #3499);
#3499 = NEXT_ASSEMBLY_USAGE_OCCURRENCE('1','=>[0:1:1:2]','',#5,#27,$);
#3500 = PRODUCT_RELATED_PRODUCT_CATEGORY('part',$,(#29));
#3501 = MECHANICAL_DESIGN_GEOMETRIC_PRESENTATION_REPRESENTATION('',(
    #3502),#3490);
#3502 = STYLED_ITEM('color',(#3503),#33);
#3503 = PRESENTATION_STYLE_ASSIGNMENT((#3504));
#3504 = SURFACE_STYLE_USAGE(.BOTH.,#3505);
#3505 = SURFACE_SIDE_STYLE('',(#3506));
#3506 = SURFACE_STYLE_FILL_AREA(#3507);
#3507 = FILL_AREA_STYLE('',(#3508));
#3508 = FILL_AREA_STYLE_COLOUR('',#3509);
#3509 = COLOUR_RGB('',0.313304153717,0.484529207832,0.410020903123);
ENDSEC;
END-ISO-10303-21;
